pdb id,pose rmsd,pocket rmsd,qs score,lddt-pli,model name
5r91,1.8830884236,2.5254377554,0.9602,0.9802,seed-4073657594_sample-4
5r98,1.3531839167,2.6515163733,0.9588,0.9788,seed-1591099524_sample-2
5r9a,1.9540333035,2.7348748878,0.9716,0.9916,seed-4125789373_sample-1
5r9b,1.4706249223,2.5456181502,0.9810,1.0000,seed-3664155995_sample-2
5r9c,1.3297855292,2.4832866110,0.9667,0.9867,main_model
5r9f,1.7836534665,2.0922246997,0.9957,1.0000,seed-3547365242_sample-1
5r9g,1.7535057399,2.7142375524,0.9686,0.9886,seed-4089702502_sample-2
5r9j,1.3921602454,2.4549773305,0.9332,0.9532,seed-140589181_sample-3
5r9p,1.7852344194,3.2645511461,0.9428,0.9628,seed-78416187_sample-0
5r9s,1.3816368541,2.0953673176,0.9284,0.9484,seed-1985510578_sample-3
5sav,1.7264038278,3.0664885499,0.9615,0.9815,seed-4154166823_sample-4
5saw,1.8854591527,1.7535469148,0.9829,1.0000,seed-3405329652_sample-2
5saz,1.4489800334,2.3333414216,0.9419,0.9619,seed-165785537_sample-3
5sb0,1.5673451686,1.5333469014,0.9334,0.9534,seed-257862879_sample-3
5sb1,1.4409203946,2.0205182598,0.9368,0.9568,seed-2782832101_sample-0
5sb2,1.3776772870,2.3703438632,0.9516,0.9716,seed-1293166547_sample-0
5zjy,1.7824289314,1.6421888351,0.9501,0.9701,main_model
5zjz,1.5574110052,1.8225910355,0.9637,0.9837,seed-227158409_sample-2
5zk5,1.4984818614,1.9178715872,0.9462,0.9662,seed-1841342610_sample-0
5zk7,1.4962182200,1.8168112672,0.9680,0.9880,seed-2452384332_sample-0
5zk9,1.7459496641,2.0652467946,0.9701,0.9901,seed-2732368990_sample-0
5zlf,1.2597261260,1.3200819011,0.9641,0.9841,seed-283320208_sample-3
5zml,1.8537294519,2.3610057909,0.9328,0.9528,seed-1836022333_sample-0
5zr3,1.6189642403,2.8010535097,0.9998,1.0000,seed-302799153_sample-4
5zxk,1.3276303826,1.9939394842,0.9789,0.9989,seed-3781337595_sample-3
6a1c,1.7930263970,1.8363140780,0.9606,0.9806,seed-533931265_sample-3
6a6k,1.7517459689,4.2964182998,0.9615,0.9815,seed-4207353645_sample-2
6a73,1.4760432589,1.3330625818,0.9763,0.9963,seed-2668638979_sample-3
6agt,1.7828370665,1.6872233368,0.9232,0.9432,main_model
6ahs,1.8978254945,4.4071254135,0.9689,0.9889,seed-578456551_sample-3
6bqd,1.5405739056,2.4358522166,0.9515,0.9715,seed-2930865587_sample-1
6c85,1.6442309817,3.6715251673,0.9761,0.9961,seed-2155189429_sample-3
6cjj,1.4561116350,1.2028041545,0.9398,0.9598,seed-1728010514_sample-3
6cjp,1.4672446850,1.6409662612,0.9489,0.9689,main_model
6cjr,2.0806570619,1.2690712708,0.9554,0.9754,seed-517243958_sample-4
6cjs,1.6355356754,2.5131025874,0.9597,0.9797,seed-2504854663_sample-3
6cyg,1.8878222737,1.6195324384,0.9572,0.9772,seed-3921442664_sample-1
6cyh,1.2037017268,3.0377235837,0.9464,0.9664,seed-170209599_sample-0
6d07,1.4707347924,1.7286527053,0.9545,0.9745,main_model
6d08,1.3322223870,2.3323097964,0.9654,0.9854,seed-1273781691_sample-0
6d3x,1.4846102262,2.5531101940,0.9432,0.9632,seed-71554428_sample-1
6d3y,1.9364865162,2.1208523865,0.9846,1.0000,seed-3122978561_sample-1
6d3z,1.8404027665,2.4304374502,0.9703,0.9903,seed-1717216724_sample-4
6d40,1.5723365047,3.3482060935,0.9524,0.9724,seed-182011360_sample-4
6dql,1.5935521968,1.5365952992,0.9715,0.9915,seed-13622881_sample-1
6dyz,1.3346965224,1.6817445453,0.9479,0.9679,seed-1505208248_sample-1
6dz2,2.0380016534,2.1702751405,0.9322,0.9522,seed-3795630489_sample-2
6dz3,1.6493445047,2.3706728007,0.9547,0.9747,seed-3530786248_sample-1
6e3m,1.8182346878,2.3425697051,0.9502,0.9702,seed-685157863_sample-3
6e3n,1.4471695100,1.9650929913,0.9608,0.9808,seed-1053293145_sample-2
6e3o,1.5603829874,2.3097889934,0.9744,0.9944,seed-4006632861_sample-3
6e3p,1.3654803746,2.2732464766,0.9725,0.9925,seed-1055884082_sample-1
6e3z,1.7144104926,2.9137903101,0.9216,0.9416,seed-3536441021_sample-4
6e4c,1.7786185288,3.0501581242,0.9468,0.9668,seed-2394150341_sample-3
6e6j,1.0719639914,2.8328294920,0.9055,0.9255,seed-3740224219_sample-1
6e6v,2.0577339130,2.4983439088,0.9599,0.9799,main_model
6e6w,1.9668950416,2.2286733997,0.9294,0.9494,seed-344699463_sample-2
6eeb,1.0699391096,3.4206278991,0.9527,0.9727,seed-1013443076_sample-3
6efk,1.1582704383,2.3948715640,0.9715,0.9915,seed-1940016283_sample-4
6fcj,1.6077693069,2.6078330977,0.9654,0.9854,seed-3287355059_sample-4
6ffe,1.2399649364,2.3455471168,0.9936,1.0000,main_model
6fff,1.4771221651,2.8538449981,0.9432,0.9632,main_model
6ffg,1.8539593445,2.1700317152,0.9579,0.9779,seed-2925505781_sample-4
6ftf,1.7810255544,4.1953859481,0.9910,1.0000,seed-4002562055_sample-4
6g24,1.5649043046,3.0716307780,0.9692,0.9892,seed-1507778382_sample-2
6g25,1.1915352554,2.3012659666,0.9887,1.0000,seed-1898751422_sample-0
6g27,1.7801094783,2.0349726776,0.9650,0.9850,seed-811127187_sample-4
6g29,1.7544007809,3.0137837643,0.9906,1.0000,seed-2225342183_sample-1
6g2b,1.8812588467,2.2661761897,0.9865,1.0000,seed-2676684845_sample-0
6g2c,1.4834351859,2.7607153341,0.9093,0.9293,seed-3051833222_sample-4
6g2e,1.5083182875,2.6089683585,0.9532,0.9732,seed-1959865588_sample-0
6g2f,1.4187832447,2.2407863855,0.9872,1.0000,seed-2796994487_sample-0
6g2o,1.4973396538,1.7873900946,0.9500,0.9700,seed-3847759448_sample-2
6g3c,1.3997390635,2.6318765978,0.9518,0.9718,seed-3443891529_sample-4
6g5u,1.7849666001,1.9311436136,0.9813,1.0000,seed-3620591889_sample-4
6gbw,1.9609806673,2.2847960800,0.9680,0.9880,seed-1587019907_sample-0
6gdy,1.3404215750,2.1589537475,0.9576,0.9776,seed-2682964221_sample-1
6gga,1.1456423070,2.3564401965,0.9731,0.9931,seed-2031586373_sample-2
6ggb,1.4595104731,3.2126012578,0.9747,0.9947,seed-2732019208_sample-2
6ggd,1.4618183849,2.6630318583,0.9369,0.9569,seed-943286960_sample-2
6gge,1.2775296551,2.2066623464,0.9670,0.9870,seed-2324507778_sample-2
6ggf,1.6023887173,2.2697031483,0.9690,0.9890,seed-3712640421_sample-0
6gj5,1.5709515218,2.3355078895,0.9625,0.9825,seed-23500965_sample-3
6gj6,1.6615379633,2.4776979273,0.9814,1.0000,seed-2552219006_sample-2
6gj7,1.7831712078,2.3009503245,0.9438,0.9638,seed-2231972098_sample-1
6gj8,1.9999649721,2.8535882173,0.9314,0.9514,seed-1746458425_sample-0
6gwe,1.5229784423,2.0479507012,0.9703,0.9903,seed-1767801312_sample-3
6h7d,1.4557626421,2.2749844962,0.9647,0.9847,seed-3092815063_sample-2
6hbn,1.6931215340,2.6665870373,0.9782,0.9982,seed-267120224_sample-4
6hhr,1.7111170892,2.0887367574,0.9482,0.9682,main_model
6hj2,1.5307429980,2.4045209404,0.9808,1.0000,main_model
6hlb,1.9570914574,1.4440225501,0.9608,0.9808,seed-422397133_sample-4
6hld,1.8442989903,3.1940778413,0.9955,1.0000,seed-591344410_sample-2
6hop,1.4401691486,3.2656482376,0.9527,0.9727,seed-3215240178_sample-2
6hoq,1.5364347134,2.6521612080,0.9664,0.9864,seed-3714484204_sample-0
6hor,1.6241083376,2.0581651399,0.9455,0.9655,seed-3712747054_sample-4
6hot,1.6097667296,2.1606080960,0.9619,0.9819,seed-20802882_sample-2
6hou,1.2964574228,3.7961462583,0.9509,0.9709,main_model
6hv2,1.1124070346,1.9908033964,0.9723,0.9923,seed-575814615_sample-3
6i41,1.8509132585,1.8328242130,0.9628,0.9828,seed-3430474858_sample-0
6i5p,1.5045521751,2.4940759066,0.9617,0.9817,seed-3010607532_sample-3
6i61,1.6924889387,2.0481802730,0.9640,0.9840,seed-1385299358_sample-0
6i62,1.5143490284,2.4404783136,0.9704,0.9904,seed-4205564159_sample-4
6i63,1.4497218801,3.9425699378,0.9621,0.9821,main_model
6i64,1.5607312249,2.1386194467,0.9787,0.9987,main_model
6i65,1.5068553720,2.5135130954,0.9471,0.9671,main_model
6i66,1.8239849621,1.4346003436,0.9605,0.9805,seed-1609938240_sample-3
6i67,1.2788685929,2.2061984804,0.9693,0.9893,seed-2190709014_sample-4
6i68,1.3897537829,2.7577832618,0.9686,0.9886,main_model
6i74,1.1614358700,2.0409480970,0.9508,0.9708,seed-76051607_sample-0
6i75,1.4619740280,1.9999970055,0.9508,0.9708,seed-1132822447_sample-0
6i76,1.5931564695,1.3839135442,0.9233,0.9433,seed-2466575890_sample-2
6i77,1.3387369672,2.2658448024,0.9913,1.0000,seed-2022814287_sample-2
6i78,1.5699562298,2.0501724075,0.9781,0.9981,seed-4214000976_sample-0
6i7a,1.7188093681,1.4905721808,0.9431,0.9631,seed-1032502293_sample-1
6i8m,2.1177978551,3.2217904598,0.9900,1.0000,seed-3504816509_sample-3
6i8t,1.9588387786,2.3387263741,0.9534,0.9734,seed-1342811459_sample-0
6i9a,1.6336843122,2.0335454749,0.9510,0.9710,seed-3031779836_sample-1
6ibx,1.7746603994,2.5621717928,0.9508,0.9708,seed-3688601930_sample-1
6ibz,1.7934903037,2.2744052088,0.9931,1.0000,main_model
6ic0,1.5069337646,2.6938820055,0.9700,0.9900,seed-2946305854_sample-0
6izq,1.6514110709,3.0938953222,0.9786,0.9986,seed-826982661_sample-1
6j06,1.3733481620,1.6690401665,0.9699,0.9899,seed-2387485681_sample-2
6jaq,1.4922448473,3.4430726846,0.9341,0.9541,seed-1395581115_sample-1
6jbe,1.6970619367,3.9974608702,0.9542,0.9742,seed-3905125228_sample-4
6jib,1.9100963981,3.1394865590,0.9477,0.9677,main_model
6jid,1.3546235342,2.4215168815,0.9870,1.0000,seed-1925891815_sample-0
6jlr,1.4546194427,1.9356716198,0.9612,0.9812,seed-885379103_sample-2
6jmf,1.6209778568,3.2375186328,0.9998,1.0000,seed-2577839590_sample-1
6jon,1.3474686346,3.0114578364,0.9708,0.9908,seed-1794946851_sample-2
6jrj,1.3075434466,3.2506810757,0.9698,0.9898,seed-848412418_sample-2
6jrx,1.4869621245,2.2904050937,0.9292,0.9492,seed-2184245586_sample-3
6jse,1.5183826370,1.4997763710,0.9548,0.9748,seed-1395533870_sample-4
6jsf,1.5208350140,1.9206795085,0.9993,1.0000,seed-379742159_sample-0
6jsg,1.2706793028,2.5956163349,0.9998,1.0000,seed-285755141_sample-0
6jsn,1.6957990431,2.3867356734,0.9720,0.9920,seed-684965531_sample-3
6jsz,1.0762337303,1.8316130671,0.9448,0.9648,seed-2997663818_sample-2
6jt3,1.8886253754,1.8765824855,0.9292,0.9492,seed-481853300_sample-4
6jut,1.6239833938,2.1705334861,0.9862,1.0000,seed-1025902810_sample-2
6juu,2.2928997678,2.3523279475,0.9751,0.9951,seed-1011822940_sample-3
6jux,2.1763529563,2.6318805741,0.9984,1.0000,seed-3089221560_sample-0
6jwa,1.3979460680,2.9069749971,0.9395,0.9595,seed-3850896727_sample-4
6k04,1.3960329204,2.8690964844,0.9669,0.9869,seed-3915139744_sample-0
6k05,1.4891930292,1.9211891145,0.9470,0.9670,main_model
6k3l,1.8271119912,1.9877533762,0.9623,0.9823,seed-1908506270_sample-2
6k9g,1.8273290578,1.5861694949,0.9510,0.9710,seed-1594165734_sample-2
6k9h,1.4795975888,4.5636695540,0.9433,0.9633,seed-960023585_sample-3
6k9m,1.5837984313,2.3983665346,0.9456,0.9656,main_model
6kjd,1.2784376822,2.8227090407,0.9757,0.9957,seed-1071577766_sample-3
6kjf,1.5464092912,3.1025215584,0.9698,0.9898,seed-1530395172_sample-2
6knr,1.9152775108,2.4146230390,0.9942,1.0000,seed-4273467275_sample-3
6ktn,1.5305166557,2.2459709929,0.9670,0.9870,main_model
6kxx,1.4473729537,2.4412977534,0.9553,0.9753,seed-1035615882_sample-2
6l88,1.2488580656,2.4519976659,0.9625,0.9825,seed-859891434_sample-1
6lil,1.2683695150,2.9356353023,0.9140,0.9340,seed-4265322935_sample-0
6lin,1.7059516726,2.8759471492,0.9508,0.9708,seed-2666723959_sample-2
6lio,1.5090714575,2.9672259725,0.9536,0.9736,main_model
6lit,1.5726629557,3.6347251558,0.9655,0.9855,seed-1102558852_sample-2
6lvk,1.7800411230,1.5831431835,0.9221,0.9421,main_model
6lvl,2.0582436294,2.3985866862,0.9960,1.0000,main_model
6mo7,1.4729931481,1.8663720160,0.9558,0.9758,seed-1859279012_sample-3
6mo8,1.3361693975,2.5682977965,0.9679,0.9879,seed-4096325935_sample-1
6mo9,1.5328296375,1.9021991152,0.9982,1.0000,seed-3515343581_sample-2
6moa,1.3562009663,2.2203042484,0.9353,0.9553,seed-3633540849_sample-2
6n0m,1.0989736230,2.0949286264,0.9895,1.0000,seed-357525428_sample-2
6n4e,1.5999874258,1.9497439725,0.9954,1.0000,seed-340756023_sample-2
6n53,1.6754547605,2.3287310802,0.9555,0.9755,seed-1562812069_sample-4
6n55,1.9657202278,2.7075345632,0.9677,0.9877,main_model
6n8x,0.9473926196,1.6732896258,0.9580,0.9780,seed-973664841_sample-0
6n92,1.0710310954,2.4489322632,0.9474,0.9674,seed-2623338447_sample-1
6n93,1.5283972714,2.8885682082,0.9679,0.9879,seed-2498486573_sample-3
6n94,1.5976800964,2.5662300487,0.9785,0.9985,seed-2418361602_sample-3
6n96,1.6044741923,1.7489664109,0.9647,0.9847,seed-854479711_sample-3
6n97,1.5013103598,2.6088229213,0.9411,0.9611,seed-3004170188_sample-1
6np2,1.8082465945,2.7789139721,0.9517,0.9717,seed-2715798654_sample-4
6np3,1.2666396335,2.4295431644,0.9855,1.0000,seed-1283050546_sample-1
6np4,1.3723391802,2.5858777211,0.9784,0.9984,seed-305557943_sample-4
6np5,1.4479605970,1.4658481661,0.9678,0.9878,seed-1031272128_sample-0
6npi,1.6674023362,3.3011558976,0.9649,0.9849,seed-2705294126_sample-3
6npm,1.7979797314,1.8723655324,0.9718,0.9918,seed-2775289357_sample-4
6npp,1.9777011814,2.0232273800,0.9778,0.9978,seed-2042122645_sample-4
6nsv,1.5277174045,1.7957596041,0.9998,1.0000,seed-3467064288_sample-1
6nt2,1.6630604637,2.4310283019,0.9904,1.0000,seed-854368012_sample-4
6nv7,1.9703328565,2.3470474499,0.9676,0.9876,seed-648490817_sample-1
6nv9,1.6045680590,2.1866024608,0.9579,0.9779,seed-1834778702_sample-3
6nw3,1.7098133223,2.4295533902,0.9987,1.0000,seed-859048208_sample-1
6o0h,1.5454168588,2.4311372565,0.9204,0.9404,seed-4035637485_sample-1
6o3x,1.6573156086,1.9685545957,0.9435,0.9635,seed-1915859877_sample-0
6o3y,0.9860002982,1.8452120180,0.9386,0.9586,main_model
6o3z,1.5212622913,2.2675738114,0.9272,0.9472,seed-2368053373_sample-2
6o5g,1.8839430310,2.6347622088,0.9612,0.9812,main_model
6o5u,1.3311668438,1.9869658148,0.9624,0.9824,seed-698548696_sample-2
6o5z,1.9042997441,2.5984359495,0.9150,0.9350,main_model
6o9b,1.4714331949,1.8559184140,0.9513,0.9713,seed-1546482664_sample-1
6o9c,1.3233329390,2.0888426458,0.9810,1.0000,seed-606505988_sample-4
6obl,1.7266517234,1.8709352115,0.9611,0.9811,seed-1369510850_sample-2
6od6,2.4060608103,2.9274731376,0.9755,0.9955,seed-3424801398_sample-1
6oi8,1.1025302047,3.5015941817,0.9826,1.0000,seed-783036377_sample-2
6oie,1.8309694947,2.4752052942,0.9667,0.9867,seed-1790722513_sample-2
6oin,1.3829152102,2.5726946191,0.9823,1.0000,main_model
6oio,1.6100883118,2.3921864643,0.9811,1.0000,seed-3331301777_sample-0
6oip,1.1604736298,2.5681186979,0.9581,0.9781,seed-4058941974_sample-2
6oiq,1.4725619096,1.9046908317,0.9720,0.9920,main_model
6oir,1.7989018411,1.7749404954,0.9569,0.9769,seed-3149986596_sample-0
6olx,1.5554947380,2.1158742108,0.9757,0.9957,seed-779878164_sample-0
6op9,1.2221368988,2.0677870534,0.9160,0.9360,seed-626654180_sample-1
6oqi,1.6300730029,2.3614583897,0.9928,1.0000,seed-2349994288_sample-4
6oqo,1.5372091122,2.3966240476,0.9362,0.9562,seed-2920939980_sample-1
6os5,1.5292709797,3.2819021614,0.9998,1.0000,seed-1146534193_sample-3
6os6,2.1218710488,1.7747788769,0.9722,0.9922,seed-127575524_sample-2
6p3d,1.7414037654,2.2098569902,0.9373,0.9573,seed-602052492_sample-3
6p7g,1.2633171700,1.9409253543,0.9484,0.9684,seed-1333599455_sample-1
6pl4,1.7491788234,1.8476507900,0.9756,0.9956,seed-2722874957_sample-3
6pma,1.4719048618,2.4149678214,0.9648,0.9848,seed-730652372_sample-1
6pmb,1.6908800310,2.3659953648,0.9766,0.9966,seed-1464796444_sample-3
6pmc,1.5015829383,2.2611145303,0.9486,0.9686,seed-4247484268_sample-3
6pme,1.1126000377,2.2962320165,0.9867,1.0000,seed-641863307_sample-3
6pnx,1.3489720778,1.8912948148,0.9850,1.0000,seed-1986459559_sample-1
6pya,1.3650240887,2.3224745112,0.9859,1.0000,seed-512589464_sample-2
6pyb,1.2765167876,1.6117462152,0.9851,1.0000,seed-355132274_sample-4
6pz4,1.6300005191,1.8561285846,0.9855,1.0000,seed-910466544_sample-1
6q7b,1.3756142280,3.1094256633,0.9606,0.9806,seed-1358638016_sample-0
6q7c,1.2936420958,3.7988979522,0.9373,0.9573,seed-51897077_sample-2
6q7d,1.4297390608,1.7734203924,0.9408,0.9608,seed-778094297_sample-2
6q7e,0.9788261771,1.8812738088,0.9494,0.9694,seed-1431392629_sample-2
6q7f,1.3648556134,3.1694480636,0.9941,1.0000,seed-3399512602_sample-3
6q7g,1.4112424744,3.1675323716,0.9696,0.9896,seed-3878221319_sample-4
6qdz,1.5794323713,1.4171175258,0.9682,0.9882,seed-1458935480_sample-4
6qe1,1.5812055250,2.7714251372,0.9676,0.9876,seed-211863311_sample-1
6qge,1.9987090141,2.9248092816,0.9933,1.0000,main_model
6qgf,1.4372349831,2.0660077652,0.9822,1.0000,main_model
6qi7,1.6012655758,2.1442286708,0.9817,1.0000,seed-3097749567_sample-1
6qln,1.6497321066,1.7680442442,0.9677,0.9877,seed-2433545422_sample-4
6qlo,1.6606872743,1.7794653902,0.9998,1.0000,seed-2856894073_sample-3
6qlp,1.5905342198,2.2422745123,0.9362,0.9562,seed-497606994_sample-2
6qlq,1.4870289794,3.8506902775,0.9639,0.9839,seed-1905245485_sample-1
6qlr,1.3389097543,2.4383697671,0.9354,0.9554,main_model
6qls,1.4167066585,2.1072314589,0.9488,0.9688,seed-4218693358_sample-3
6qlt,1.6537767077,2.6380572874,0.9527,0.9727,seed-3985476710_sample-4
6qlu,1.0017504645,1.8312668832,0.9393,0.9593,seed-18989793_sample-3
6qmr,1.7150175647,1.9063770655,0.9479,0.9679,main_model
6qmt,1.6970633623,1.9429345969,0.9222,0.9422,main_model
6qqq,1.6089888147,2.3090872060,0.9520,0.9720,seed-4210954735_sample-4
6qqt,1.6447526498,1.8073950075,0.9571,0.9771,seed-4177229122_sample-3
6qqu,1.5900625950,2.6756435877,0.9767,0.9967,seed-1706819750_sample-2
6qqv,1.4574948063,1.6482726031,0.9405,0.9605,seed-4085652671_sample-0
6qqw,1.6121027123,1.7098170633,0.9132,0.9332,seed-770568963_sample-0
6qqz,2.1260274259,4.1224036570,0.9483,0.9683,seed-2848172379_sample-4
6qr0,1.3561111735,2.5234859599,0.9575,0.9775,seed-2289905022_sample-0
6qr1,1.8778335674,2.5429721497,0.9592,0.9792,seed-19924675_sample-4
6qr2,2.1671457092,2.5995726662,0.9555,0.9755,seed-4065967164_sample-3
6qr3,1.9157676646,2.4690049202,0.9297,0.9497,seed-399162395_sample-3
6qr4,1.7500640896,2.5636475876,0.9511,0.9711,main_model
6qr7,1.8428206910,1.8965841559,0.9648,0.9848,seed-1543887069_sample-2
6qr9,1.6054736783,2.0775300043,0.9594,0.9794,seed-1296539205_sample-3
6qra,1.9369657379,2.7085658437,0.9734,0.9934,seed-3602685986_sample-1
6qrc,1.3881620015,2.2120558127,0.9331,0.9531,seed-2160886497_sample-2
6qrd,1.6459889246,2.0319479912,0.9306,0.9506,main_model
6qre,1.9013366908,2.9405909224,0.9446,0.9646,seed-97778176_sample-1
6qrf,1.5940175681,2.8326897942,0.9889,1.0000,seed-115363662_sample-4
6qrg,1.7026751905,2.0034343061,0.9452,0.9652,seed-2049336226_sample-4
6qsz,1.3562223643,1.6089679722,0.9546,0.9746,seed-2131695624_sample-0
6qtm,1.8833990602,1.7455465988,0.9981,1.0000,seed-2689036753_sample-0
6qto,1.5334096502,3.3607569282,0.9448,0.9648,seed-2169001587_sample-4
6qtq,1.3907909204,2.9214178512,0.9624,0.9824,seed-4148149248_sample-2
6qtr,1.3577220485,2.0678563586,0.9807,1.0000,main_model
6qts,1.5776517746,2.4752143006,0.9680,0.9880,main_model
6qtw,1.6131394621,3.3266201619,0.9553,0.9753,seed-3528252022_sample-4
6qtx,1.9386675391,1.4473840403,0.9448,0.9648,seed-2999528813_sample-2
6quv,2.2558896845,1.6441393328,0.9850,1.0000,seed-2646361434_sample-2
6quw,1.2865938717,1.5885824041,0.9622,0.9822,seed-1355832162_sample-1
6qwi,1.7992591764,2.2195625455,0.9705,0.9905,main_model
6qxa,1.5986012274,1.8949628656,0.9727,0.9927,seed-2400315285_sample-2
6qxd,1.4251160624,1.8493143072,0.9441,0.9641,seed-1847145134_sample-0
6r4k,1.4827806521,3.0558896362,0.9401,0.9601,seed-3789416183_sample-3
6rr0,1.8743465283,2.4792844665,0.9927,1.0000,seed-1590299832_sample-2
6ru6,1.5473606178,2.3467758415,0.9543,0.9743,main_model
6s07,1.4528244444,2.1189848689,0.9630,0.9830,seed-692798745_sample-1
6s55,1.2750371216,3.1190967415,0.9462,0.9662,seed-497722480_sample-0
6s56,1.4658434253,2.9519976837,0.9819,1.0000,main_model
6s57,1.8296850682,2.2366207260,0.9214,0.9414,main_model
6sen,1.4087693682,3.0055938389,0.9804,1.0000,seed-3257514876_sample-3
6seo,1.4452770472,2.3593908185,0.9664,0.9864,seed-2517090853_sample-3
6sfc,1.5221369389,2.1628299096,0.9699,0.9899,seed-3138891879_sample-1
6slz,1.9439348265,2.8709651347,0.9523,0.9723,main_model
6ssb,1.6708573253,2.0328755043,0.9766,0.9966,seed-1580460481_sample-2
6st3,1.6863886528,1.6728973226,0.9587,0.9787,main_model
6t1s,1.5689233735,1.3686097973,0.9712,0.9912,seed-2126708154_sample-2
6t3c,1.2736735295,2.0087549161,0.9516,0.9716,seed-4268304162_sample-4
6t4g,1.6610540639,2.7543877383,0.9280,0.9480,seed-3621739572_sample-1
6t4i,1.5213166629,2.6556106721,0.9723,0.9923,seed-1169414139_sample-0
6t4j,1.4529281161,2.5431966311,0.9703,0.9903,seed-698254476_sample-1
6t4t,1.3605780640,2.3906783735,0.9875,1.0000,seed-4230595289_sample-1
6t4w,1.2939748158,2.5412894885,0.9772,0.9972,seed-325144228_sample-0
6t4x,1.5537842583,3.9747778556,0.9812,1.0000,seed-2876008255_sample-2
6t6a,1.1538858366,2.3474822538,0.9670,0.9870,seed-808441293_sample-3
6t8x,1.4513293018,2.4413308197,0.9998,1.0000,seed-832414606_sample-0
6tdc,1.4728355356,3.1299669404,0.9698,0.9898,seed-2685947029_sample-4
6te6,1.7762673040,2.6079708639,0.9267,0.9467,seed-550343145_sample-2
6tel,1.6580696489,3.1190982530,0.9514,0.9714,seed-1977178124_sample-4
6ten,1.4180925222,1.8804699259,0.9866,1.0000,seed-3447570381_sample-2
6tfb,1.0461706087,3.2302331287,0.9437,0.9637,seed-3203281817_sample-4
6tlm,1.4491276261,1.7850159780,0.9810,1.0000,seed-2787979773_sample-0
6tlp,1.5036789451,2.0059462288,0.9639,0.9839,seed-2731342966_sample-4
6tmp,2.3153011627,2.0890688466,0.9727,0.9927,seed-2529518583_sample-0
6tnb,1.5471419443,2.6462239444,0.9524,0.9724,seed-1318783301_sample-2
6tnc,1.3135115847,2.9477186759,0.9777,0.9977,seed-2500937506_sample-1
6tnd,1.5205831155,3.4036498129,0.9359,0.9559,seed-726404794_sample-1
6to7,1.5442294537,2.1466216253,0.9500,0.9700,seed-3571082485_sample-1
6tod,1.6586664159,2.4304787356,0.9543,0.9743,seed-682028028_sample-4
6tos,1.8107074704,2.0201599179,0.9564,0.9764,seed-2515771817_sample-2
6tot,1.9825704849,1.5464749117,0.9482,0.9682,seed-775681625_sample-4
6tp6,1.8595380760,2.1324070787,0.9703,0.9903,seed-4105704957_sample-1
6tpa,1.5952272227,2.1247461267,0.9320,0.9520,seed-3804943464_sample-0
6tq4,2.0976614270,1.7358865122,0.9662,0.9862,seed-799389592_sample-1
6tq6,1.3547483808,1.8725832432,0.9687,0.9887,seed-2043408945_sample-3
6tq9,1.9956255456,1.8430678479,0.9766,0.9966,seed-1153334771_sample-1
6tu9,1.8974465062,2.0888498182,0.9475,0.9675,seed-1279477645_sample-3
6u0k,1.4221445944,1.9573399296,0.9850,1.0000,seed-2171228841_sample-1
6u7c,1.1096090353,2.0275453021,0.9553,0.9753,seed-140301555_sample-3
6ubw,1.2905088574,1.5946971723,0.9327,0.9527,seed-2304491599_sample-1
6ucg,1.2116300537,2.6942795586,0.9633,0.9833,seed-3681598894_sample-2
6ufn,1.4466468002,3.5540767557,0.9464,0.9664,main_model
6ufo,1.6771902998,2.2804906757,0.9754,0.9954,seed-1801276342_sample-4
6uhu,2.0219351829,2.8975342606,0.9445,0.9645,seed-480044850_sample-3
6uhv,1.8695893224,2.7751566845,0.9594,0.9794,main_model
6uii,1.4359765239,1.5332129163,0.9798,0.9998,seed-578738981_sample-1
6uil,1.9694977302,1.6523412080,0.9568,0.9768,seed-3492930207_sample-2
6uim,1.4343386599,2.6102035229,0.9101,0.9301,seed-1110014342_sample-2
6uvp,1.4500469651,2.1768874227,0.9515,0.9715,main_model
6uvv,1.0617923104,2.2458355644,0.9389,0.9589,main_model
6uvy,1.7280723859,2.0461675078,0.9998,1.0000,seed-2717391214_sample-3
6uwp,1.7603144539,2.2785093598,0.9556,0.9756,main_model
6uwv,1.5439603207,2.5914415178,0.9863,1.0000,seed-1479002463_sample-3
6v37,1.5205617908,3.2729964468,0.9862,1.0000,seed-3115413465_sample-2
6v5l,1.4643109654,2.7438358308,0.9469,0.9669,main_model
6v6q,1.9954620220,1.7561354307,0.9998,1.0000,seed-28411888_sample-4
6vc2,1.7894906443,2.8913681682,0.9424,0.9624,seed-3245720786_sample-1
6vgh,1.0617029340,2.3643344927,0.9800,1.0000,seed-2657902483_sample-4
6vif,1.1008251635,2.3184495763,0.9619,0.9819,seed-1478259623_sample-0
6vns,1.6414638656,3.0620450326,0.9743,0.9943,seed-3164563018_sample-3
6vnx,1.7644568360,1.7419144170,0.9675,0.9875,seed-2213788713_sample-3
6vpf,1.6382993772,1.8503198344,0.9714,0.9914,seed-198925282_sample-0
6vxq,1.4308244269,2.2760219125,0.9681,0.9881,seed-3331431644_sample-1
6vxu,1.5223743237,1.8258398972,0.9505,0.9705,seed-1219857362_sample-2
6vzl,1.5076674052,1.5110892477,0.9574,0.9774,seed-3312327265_sample-1
6vzm,1.8238518412,2.8983688524,0.9793,0.9993,seed-502515677_sample-0
6w39,1.4584320803,2.5316420199,0.9745,0.9945,seed-4243831437_sample-2
6w3a,1.5088852281,2.3288727471,0.9944,1.0000,seed-3452994567_sample-3
6w3e,1.4722707032,1.7723032379,0.9684,0.9884,seed-116442746_sample-1
6w8c,1.7133054464,1.8368314995,0.9726,0.9926,main_model
6wa2,1.3092237335,1.7341344229,0.9728,0.9928,seed-366368545_sample-1
6wak,1.7490274491,1.9804936658,0.9671,0.9871,seed-3715125979_sample-2
6wiw,1.8228378118,1.8305182690,0.9842,1.0000,seed-10426759_sample-4
6wok,1.8872089259,2.3800937267,0.9684,0.9884,main_model
6wxn,1.9150061272,2.3393182076,0.9699,0.9899,seed-2352875743_sample-4
6x3n,1.2502783136,1.6894821667,0.9626,0.9826,seed-3683232603_sample-3
6xdb,1.3615487125,2.2850129068,0.9423,0.9623,seed-2241206556_sample-2
6xdd,1.3967139728,2.4548133599,0.9695,0.9895,seed-1060178106_sample-0
6xdf,1.7674534889,2.6231251398,0.9631,0.9831,seed-828177443_sample-1
6xe4,2.0150651965,2.0208365984,0.9605,0.9805,seed-439367422_sample-3
6xfp,1.8907716839,1.4730010964,0.9967,1.0000,seed-3802506053_sample-0
6xfv,2.0195193426,1.7104907307,0.9776,0.9976,seed-1615601479_sample-2
6xjk,1.3525052064,1.9552158753,0.9378,0.9578,main_model
6xlo,1.5291172884,1.8903267185,0.9624,0.9824,seed-53840647_sample-4
6xrm,1.9823695371,1.8524854629,0.9567,0.9767,seed-2152693605_sample-0
6xrn,1.0941348250,2.2275596672,0.9820,1.0000,seed-374824266_sample-2
6xvj,1.6500836915,2.4974149516,0.9736,0.9936,seed-125456971_sample-4
6xvk,1.8178806809,1.4892948389,0.9796,0.9996,seed-2174747843_sample-3
6y4t,1.6901532826,2.1045075064,0.9394,0.9594,seed-2961038624_sample-3
6y4u,1.1706573577,1.8366121579,0.9681,0.9881,seed-572775828_sample-1
6y4v,1.5927345637,2.4319157505,0.9668,0.9868,seed-1117341586_sample-1
6y4w,1.4960596033,2.5183688517,0.9789,0.9989,seed-1003968307_sample-3
6y4x,1.7508542292,2.0823961556,0.9410,0.9610,main_model
6y6f,1.0564544009,3.9592341904,0.9362,0.9562,seed-3906997569_sample-2
6y6v,1.7453695169,1.8398667760,0.9504,0.9704,main_model
6yat,1.5438696761,3.0528601813,0.9495,0.9695,seed-668364713_sample-1
6ybh,1.8516311136,3.8074799354,0.9630,0.9830,seed-452413716_sample-1
6yg4,1.9817597230,2.3412084062,0.9444,0.9644,seed-2021535191_sample-3
6yg5,1.5816599014,2.7457641610,0.9709,0.9909,seed-3448795478_sample-3
6yid,1.6764135521,2.3071250113,0.9463,0.9663,seed-2274377346_sample-0
6yjc,1.2412046068,2.8562742023,0.9168,0.9368,main_model
6yk1,1.4928483469,2.2844602424,0.9619,0.9819,main_model
6yk7,1.9045968909,2.2144677290,0.9543,0.9743,seed-4112101614_sample-1
6yky,1.6104257599,2.1172458039,0.9397,0.9597,seed-2089111883_sample-1
6ylc,1.5439792176,2.6002824969,0.9716,0.9916,seed-3471417944_sample-0
6yll,1.8466129992,3.4602038802,0.9717,0.9917,main_model
6yoj,1.3702160340,2.5638458055,0.9207,0.9407,seed-3327003393_sample-0
6ypk,1.4025538691,2.3862126809,0.9526,0.9726,seed-3378254665_sample-1
6yq1,1.4323806421,2.2914158118,0.9444,0.9644,seed-1988197242_sample-4
6yr9,1.4083368505,2.3808501657,0.9387,0.9587,main_model
6yt6,1.6138552881,1.9219830093,0.9416,0.9616,seed-928126517_sample-0
6yvy,1.1884322803,1.9177682937,0.9898,1.0000,seed-3605715325_sample-4
6yxv,1.6654392074,2.2480226093,0.9980,1.0000,main_model
6z10,1.6271499854,2.5843007238,0.9554,0.9754,main_model
6z4y,1.5263857441,2.0095114110,0.9585,0.9785,seed-2838173327_sample-1
6zcp,1.7468084181,2.0322469324,0.9530,0.9730,seed-4043388470_sample-1
6zcq,1.6060582469,2.2411097609,0.9836,1.0000,seed-2640329271_sample-2
6zcx,1.8324002021,2.7511757123,0.9267,0.9467,seed-797504351_sample-2
6zcy,1.7409734099,2.2388417679,0.9502,0.9702,seed-298009958_sample-4
6zfh,1.6879841339,2.0193974458,0.9618,0.9818,seed-2961093710_sample-1
6zgc,1.4245504257,1.4969067147,0.9431,0.9631,seed-3803675681_sample-1
6zgv,1.1328149810,2.4211881895,0.9726,0.9926,main_model
6zgw,1.5857005449,1.8899944617,0.9573,0.9773,seed-2129149387_sample-1
6zgx,1.1522374832,3.0385412232,0.9476,0.9676,seed-456546404_sample-0
6zgy,1.9677856922,3.2878378947,0.9987,1.0000,main_model
6zgz,1.4290800498,1.7380043307,0.9551,0.9751,seed-1460014584_sample-0
6zh0,1.7177001377,2.2274524184,0.9613,0.9813,seed-3027291238_sample-2
6zoq,1.1870949379,3.9287124365,0.9643,0.9843,main_model
6zor,1.8489071713,3.8490048270,0.9472,0.9672,main_model
6zos,1.3849851343,2.0103322108,0.9337,0.9537,seed-2601202402_sample-1
6zqs,1.8061102190,3.0508098182,0.9273,0.9473,main_model
6zwp,1.6259780020,2.6574773297,0.9677,0.9877,seed-2922282405_sample-3
6zwr,1.3554874341,2.7820024260,0.9797,0.9997,seed-3688004211_sample-1
7a49,1.2907564226,2.3258484616,0.9481,0.9681,seed-119615966_sample-2
7a52,1.9812403953,3.1302077401,0.9639,0.9839,seed-1097637512_sample-1
7aax,1.9158864854,2.1193996826,0.9836,1.0000,seed-4059741580_sample-1
7aay,1.9432976323,2.2926561296,0.9602,0.9802,seed-2466957675_sample-1
7aaz,1.5039442561,2.7537720323,0.9674,0.9874,seed-1594693705_sample-0
7aei,1.4841767490,2.4176451509,0.9424,0.9624,seed-3866355714_sample-4
7aem,1.6631045512,2.5636992487,0.9793,0.9993,seed-1150138568_sample-0
7ahj,1.7817910778,2.5004128673,0.9828,1.0000,seed-1346585858_sample-0
7ajm,2.0351789618,3.1452321095,0.9690,0.9890,seed-3406852903_sample-0
7ats,1.6093835739,2.3095370665,0.9169,0.9369,main_model
7auv,1.1751525857,2.6801437204,0.9687,0.9887,main_model
7avx,1.8902235249,3.6277866743,0.9998,1.0000,seed-2769065018_sample-2
7avy,1.7165676108,2.0878834557,0.9482,0.9682,seed-2654825842_sample-0
7aw1,1.1408366159,1.5807119490,0.9430,0.9630,seed-3473039046_sample-1
7aw2,1.9324829305,1.6422967382,0.9567,0.9767,seed-3545088828_sample-2
7aw4,1.8337086105,3.3553285262,0.9361,0.9561,seed-3956820123_sample-1
7awc,1.2948482493,2.0041893813,0.9474,0.9674,seed-2138862191_sample-1
7axa,1.3540984279,1.9982366905,0.9491,0.9691,seed-1313922700_sample-2
7axc,1.7410531501,2.2901449671,0.9525,0.9725,seed-1543835822_sample-1
7axd,1.4245924333,2.7929188170,0.9404,0.9604,main_model
7axh,1.6075061082,2.0008437948,0.9788,0.9988,main_model
7axi,1.3502773937,2.2230760134,0.9653,0.9853,main_model
7ayh,2.0219138001,2.7454905821,0.9633,0.9833,seed-1102720991_sample-2
7b35,1.2021271347,2.6185029206,0.9736,0.9936,main_model
7b36,1.8765021931,2.1180624740,0.9427,0.9627,seed-2370681162_sample-3
7b3q,1.5045782444,2.2108043730,0.9483,0.9683,seed-3920073754_sample-3
7b3t,2.1664314659,3.2390112180,0.9856,1.0000,seed-1799515187_sample-2
7b3v,1.1253456335,1.2150000368,0.9525,0.9725,seed-3855764745_sample-3
7b3w,0.9466294583,1.8567734995,0.9710,0.9910,seed-1147392263_sample-4
7b3z,1.0462328619,1.9118072497,0.9738,0.9938,seed-1210857297_sample-1
7b40,2.0863172439,2.6012580999,0.9598,0.9798,seed-3259955630_sample-0
7b41,1.5451060014,2.0898397839,0.9533,0.9733,main_model
7b42,1.8657900674,2.3995344607,0.9664,0.9864,seed-3622983335_sample-2
7b43,1.7230144275,1.9969518718,0.9765,0.9965,seed-1369679260_sample-0
7b6f,1.6095304209,2.5768024163,0.9461,0.9661,seed-2439182638_sample-0
7b7s,1.9169543638,2.2925271547,0.9466,0.9666,seed-4251043320_sample-2
7b8w,1.8174357793,2.8125106412,0.9274,0.9474,seed-2206038876_sample-1
7bcm,1.6742316248,2.4467058465,0.9346,0.9546,seed-2052866653_sample-3
7bdo,1.5964391029,1.8843415895,0.9800,1.0000,seed-1132620709_sample-2
7be5,1.6608347623,1.7081704889,0.9817,1.0000,seed-2082850949_sample-1
7bjm,1.7514236832,2.4904543551,0.9750,0.9950,seed-3639167739_sample-0
7bjo,1.3475643048,2.0826531455,0.9796,0.9996,seed-2502307949_sample-1
7bjr,1.8558832896,1.9267258228,0.9431,0.9631,main_model
7bjx,2.1050119300,1.3907012890,0.9505,0.9705,main_model
7bk1,1.7641425039,2.8100951426,0.9806,1.0000,seed-1099983967_sample-1
7bk2,1.6311104283,4.8685023029,0.9513,0.9713,seed-604971375_sample-3
7bk3,1.8668250257,2.6439305038,0.9723,0.9923,seed-806266386_sample-4
7bmk,2.1201625415,1.9917767781,0.9438,0.9638,main_model
7c3g,1.4702456387,3.6554903267,0.9392,0.9592,seed-1554135749_sample-3
7c6q,1.6685556143,2.2504207985,0.9839,1.0000,main_model
7cbx,1.4572669040,2.2339581132,0.9732,0.9932,seed-2498778239_sample-2
7chm,1.4258597292,1.6147996753,0.9558,0.9758,seed-53934611_sample-3
7chn,1.3819629081,1.9309797604,0.9624,0.9824,seed-3211777020_sample-0
7cht,1.1811350255,2.7880684377,0.9622,0.9822,seed-923162583_sample-3
7cil,1.1707750743,2.4883169135,0.9496,0.9696,seed-626176413_sample-0
7cja,1.3591773030,2.1066733572,0.9476,0.9676,seed-4085599932_sample-0
7clh,1.7442617271,2.0690676001,0.9760,0.9960,seed-191498617_sample-2
7cmb,1.5685489062,2.6340088690,0.9891,1.0000,seed-3740910638_sample-1
7cp3,1.7547988458,2.1779032061,0.9546,0.9746,seed-1788049556_sample-2
7cp4,1.5404029130,1.6750855202,0.9705,0.9905,seed-2522091812_sample-0
7d42,1.9625472417,3.2956035742,0.9520,0.9720,seed-1951523800_sample-1
7d5o,1.4089067650,2.0099860785,0.9853,1.0000,seed-319574453_sample-1
7dg4,1.3306180037,1.9573552009,0.9418,0.9618,seed-2873944943_sample-3
7dhk,1.0007375050,2.4333184991,0.9965,1.0000,main_model
7du8,1.7466925928,3.4353556147,0.9702,0.9902,seed-2826688410_sample-2
7du9,1.6840015288,1.8563593690,0.9563,0.9763,seed-1540716132_sample-2
7e2e,1.6905837953,3.5258818365,0.9283,0.9483,main_model
7efq,1.6689312600,2.5452856509,0.9594,0.9794,seed-3162609138_sample-2
7eo2,1.5371959457,2.0191453294,0.9583,0.9783,seed-3796511435_sample-2
7eo4,2.0052088591,1.9226680206,0.9314,0.9514,seed-3699299309_sample-4
7f3g,1.3088646737,1.6665796669,0.9423,0.9623,seed-2150029518_sample-0
7f3m,1.4398060972,1.7509277249,0.9528,0.9728,seed-2128291332_sample-2
7fcz,1.6712295367,3.5625971719,0.9489,0.9689,seed-1827787730_sample-0
7fd0,1.5048793898,2.7087248277,0.9501,0.9701,seed-519632426_sample-3
7feh,1.4877650934,2.2999868742,0.9609,0.9809,main_model
7jhd,1.4772662557,2.8633113289,0.9667,0.9867,seed-2451770337_sample-1
7ju5,1.6611198182,1.4909093897,0.9426,0.9626,seed-2632068832_sample-3
7ju6,1.5350206994,2.0858414525,0.9533,0.9733,seed-285653808_sample-4
7jv5,1.7679680131,1.9966129949,0.9407,0.9607,seed-2397198156_sample-1
7jvp,1.9487446124,1.8376776868,0.9507,0.9707,main_model
7jwe,1.2102879366,1.9889951270,0.9665,0.9865,seed-3734743584_sample-4
7jxm,1.5158077249,1.6286529906,0.9738,0.9938,seed-1896392075_sample-1
7jxq,1.4692333424,2.5608846666,0.9847,1.0000,main_model
7jxx,1.9788141022,1.4663723801,0.9783,0.9983,seed-290320290_sample-1
7jxy,1.7628103449,1.6234330273,0.9445,0.9645,seed-3639663685_sample-1
7jyd,1.6496000201,2.5504853777,0.9294,0.9494,seed-270841449_sample-4
7jye,1.5033228411,1.4704922189,0.9812,1.0000,main_model
7k0v,1.5478726664,4.5562063311,0.9206,0.9406,seed-2167120992_sample-3
7kac,1.9411996327,2.1979235738,0.9612,0.9812,seed-3342652253_sample-4
7kbs,1.5986176717,3.1665866643,0.9655,0.9855,main_model
7kja,1.5914277745,1.8195677771,0.9954,1.0000,seed-1434229205_sample-4
7kjs,1.3768419565,1.8091536127,0.9629,0.9829,main_model
7kx6,1.4232357510,2.0597439444,0.9334,0.9534,seed-2969996936_sample-1
7kxm,1.4211461623,1.6335079240,0.9239,0.9439,seed-1877241066_sample-3
7kxp,1.7164008147,4.6698654212,0.9518,0.9718,seed-27245597_sample-2
7kxz,1.4964587746,2.2487949489,0.9626,0.9826,seed-1822624047_sample-1
7l1v,1.6793128008,2.9027965121,0.9651,0.9851,seed-3560136577_sample-3
7l24,1.6544153824,1.4107299674,0.9891,1.0000,seed-3498748165_sample-2
7l25,1.9755402887,2.1403475839,0.9404,0.9604,seed-3814342625_sample-3
7l26,1.5393773232,2.8185216879,0.9682,0.9882,main_model
7l2h,1.6088865873,2.4742443493,0.9453,0.9653,main_model
7ljc,1.6914818122,2.8390027040,0.9998,1.0000,seed-1854202433_sample-3
7lot,1.9567264449,2.7698185574,0.9438,0.9638,seed-2635091016_sample-4
7ltx,1.6425978802,2.3167930977,0.9556,0.9756,seed-3720020992_sample-1
7lvh,1.3491389984,2.1360452560,0.9716,0.9916,seed-2048050343_sample-2
7lw1,1.3646413806,2.4946566773,0.9408,0.9608,seed-1050375011_sample-0
7m0k,1.7955554020,2.6232553629,0.9554,0.9754,seed-3666785592_sample-2
7m0l,1.4128311586,2.4041403921,0.9670,0.9870,seed-503559960_sample-3
7m2f,1.9246292597,3.2823905147,0.9998,1.0000,seed-3680290032_sample-2
7mgj,1.9180944220,1.9786818158,0.9998,1.0000,seed-2193011804_sample-4
7mon,1.4899538554,1.9222329079,0.9272,0.9472,seed-1383061370_sample-1
7msa,1.8258340715,1.7467655115,0.9187,0.9387,seed-2870566353_sample-2
7n2a,1.6744714796,2.4522597694,0.9460,0.9660,seed-2635374129_sample-3
7n4r,1.2077331187,1.7481896266,0.9798,0.9998,seed-1162993499_sample-3
7n8t,1.4403923797,2.4694585874,0.9666,0.9866,seed-2395538684_sample-1
7n91,1.5619554231,3.6008027906,0.9835,1.0000,seed-2173048805_sample-4
7n93,1.6929836201,1.6425197564,0.9628,0.9828,seed-985437459_sample-2
7n9g,1.5480158060,1.5700629121,0.9879,1.0000,seed-801637886_sample-4
7n9o,1.2178475396,1.6329809871,0.9421,0.9621,seed-3317408237_sample-1
7naa,1.9623268441,2.8006641972,0.9733,0.9933,seed-3512383070_sample-1
7nb1,1.4940435942,1.3790439532,0.9549,0.9749,seed-2921886529_sample-3
7nb2,1.8030122892,3.1119805284,0.9503,0.9703,seed-2353865222_sample-0
7nb3,1.4752574403,1.6588225296,0.9903,1.0000,seed-1994387018_sample-1
7nec,1.4153926221,2.4014507444,0.9850,1.0000,seed-504234152_sample-0
7nke,1.4392874333,3.3743866072,0.9632,0.9832,seed-2914002521_sample-3
7nns,1.9637636592,3.2752386336,0.9792,0.9992,seed-1815608384_sample-1
7np5,1.0582125754,3.3846945815,0.9998,1.0000,seed-1129049873_sample-3
7np6,1.7991625120,2.5445535337,0.9245,0.9445,seed-1208374661_sample-1
7npc,1.8506818292,2.5846988209,0.9453,0.9653,main_model
7nqq,1.6805120533,1.9094111869,0.9871,1.0000,seed-761860010_sample-3
7nqw,1.7611845715,2.2027857680,0.9645,0.9845,seed-2668467803_sample-1
7nr3,1.7252212282,2.9029563486,0.9831,1.0000,seed-1731862920_sample-0
7nr5,1.3607395926,2.8700055972,0.9579,0.9779,seed-2603249496_sample-0
7nr8,1.3865875626,1.6934132879,0.9738,0.9938,seed-2116268377_sample-2
7nr9,1.2459566039,2.2389278379,0.9729,0.9929,seed-3914533880_sample-0
7nvq,2.1857630309,2.8153814842,0.9369,0.9569,seed-517506732_sample-4
7nxj,1.0623464946,2.1129545907,0.9552,0.9752,seed-3446044704_sample-1
7nzn,2.0511020043,1.5877012300,0.9682,0.9882,main_model
7o7j,1.4103348911,2.0761808968,0.9721,0.9921,seed-3103681955_sample-1
7o7k,1.0202859431,1.9634326481,0.9579,0.9779,seed-3617251125_sample-3
7oi4,1.8093949947,2.8355610551,0.9998,1.0000,seed-1625581602_sample-4
7oij,1.7755595178,2.1281744897,0.9576,0.9776,seed-3054110012_sample-3
7oil,1.6905452234,2.2486844977,0.9504,0.9704,seed-3269443478_sample-0
7ois,2.0425889079,2.8649267170,0.9675,0.9875,seed-2427728430_sample-2
7ols,1.8072185797,2.1671459150,0.9745,0.9945,seed-2944021517_sample-4
7olv,1.0246407980,3.2531846170,0.9538,0.9738,seed-3479934451_sample-2
7olx,1.3019123478,2.4853367778,0.9422,0.9622,seed-1004871003_sample-4
7opm,1.4266065642,3.4403145581,0.9420,0.9620,main_model
7ote,1.7908270368,1.5090975756,0.9399,0.9599,seed-854439762_sample-4
7oy6,1.3644308273,1.7659950306,0.9741,0.9941,seed-1681875937_sample-4
7ozb,1.4767172473,2.4123176699,0.9575,0.9775,seed-4216311954_sample-4
7ozf,1.8947315653,3.7276793104,0.9661,0.9861,seed-1866450268_sample-3
7ozx,1.9681032139,2.0120090603,0.9365,0.9565,main_model
7ozy,1.6143699251,1.6758836456,0.9333,0.9533,seed-1884782277_sample-3
7p1l,1.5912897588,1.1738649791,0.9216,0.9416,seed-3061804350_sample-1
7por,1.2235580987,1.7668007825,0.9309,0.9509,seed-892809053_sample-1
7pqv,1.4560437491,2.6910386487,0.9910,1.0000,seed-816891086_sample-0
7prw,1.3114199345,1.9261552923,0.9846,1.0000,seed-1142242598_sample-1
7pue,1.7909559250,2.3295215916,0.9589,0.9789,seed-194469528_sample-0
7pus,1.5714266808,3.8417078501,0.9645,0.9845,seed-1311457609_sample-0
7q8y,1.4761297509,3.7138230566,0.9763,0.9963,seed-2568629530_sample-3
7q8z,1.6042591659,2.2986269279,0.9703,0.9903,seed-3129978381_sample-2
7q90,1.8112673871,2.0154881110,0.9401,0.9601,seed-1707451795_sample-0
7qaa,1.5984972630,2.8438832267,0.9661,0.9861,seed-1131760771_sample-3
7qb1,1.3044457934,2.6690625529,0.9869,1.0000,seed-4286138175_sample-0
7qfm,1.0396639000,2.0271897902,0.9332,0.9532,seed-99360380_sample-0
7qgc,1.6891986052,2.3464455523,0.9888,1.0000,seed-4155606581_sample-0
7qge,1.5786022623,1.5263289752,0.9310,0.9510,seed-2773765215_sample-2
7qgp,1.3282661188,2.3725528605,0.9478,0.9678,main_model
7qhg,1.5706484508,1.5137977150,0.9572,0.9772,seed-1661312612_sample-2
7qp4,1.6928656357,3.6998208683,0.9949,1.0000,seed-509645487_sample-1
7qr9,1.7037853506,2.0807931590,0.9601,0.9801,seed-12947878_sample-4
7que,1.3393410211,3.6253415779,0.9815,1.0000,main_model
7quf,1.5787180520,2.2896034455,0.9617,0.9817,seed-1306649646_sample-3
7qvj,1.5099507788,1.8502107417,0.9688,0.9888,seed-389569342_sample-2
7qvl,1.3986169491,3.2958958294,0.9883,1.0000,seed-1856815774_sample-2
7r62,1.5020589898,2.1127331162,0.9336,0.9536,seed-1503834818_sample-4
7r9l,1.8715653197,2.7597270756,0.9693,0.9893,main_model
7r9n,1.4631897984,2.3052714521,0.9874,1.0000,seed-793217811_sample-1
7r9p,1.3870519472,2.7992590671,0.9790,0.9990,seed-3159277672_sample-2
7r9t,1.3494212384,1.9237019956,0.9711,0.9911,seed-426711029_sample-4
7rec,1.5066220608,2.1908463698,0.9804,1.0000,main_model
7rio,1.6415250071,1.8817486278,0.9261,0.9461,seed-402816959_sample-3
7riv,1.2277537760,2.3424005850,0.9252,0.9452,seed-1402144446_sample-3
7rj6,1.7236664084,2.0019082114,0.9734,0.9934,seed-2980655361_sample-2
7rj7,1.7093761609,3.2670901084,0.9620,0.9820,seed-1958940450_sample-4
7rle,2.3775389933,4.1850273220,0.9427,0.9627,seed-572673012_sample-0
7rn6,2.0216977558,3.0605912554,0.9265,0.9465,seed-741695597_sample-3
7rnm,1.7722277971,1.9221097286,0.9665,0.9865,seed-2088549409_sample-1
7rrx,1.7854023083,1.8755000706,0.9387,0.9587,seed-3417555368_sample-4
7rry,1.5052501260,1.8993671835,0.9974,1.0000,seed-2634147103_sample-4
7rrz,1.1265438317,3.3053910163,0.9576,0.9776,seed-668930927_sample-1
7rs0,1.2832997317,2.4317509337,0.9949,1.0000,seed-804163359_sample-1
7rs1,1.4243042204,1.9728852844,0.9382,0.9582,seed-637946650_sample-2
7rs2,1.2484744547,1.1350793294,0.9881,1.0000,seed-2627326083_sample-1
7rs4,1.6094089044,1.7259835553,0.9775,0.9975,seed-1738399627_sample-4
7rs7,1.6534147682,3.5459459776,0.9746,0.9946,seed-1723924628_sample-1
7rs9,1.5372237177,2.9687232370,0.9619,0.9819,seed-56163249_sample-2
7rwf,1.4878024774,3.2753842992,0.9686,0.9886,seed-2252025949_sample-0
7rxo,1.7472858477,2.6525603876,0.9534,0.9734,seed-3336703043_sample-2
7s25,1.7270346389,2.8256873499,0.9529,0.9729,seed-4213054778_sample-0
7s4t,1.5049717815,2.2372668022,0.9635,0.9835,seed-507335470_sample-4
7s6u,1.3243545305,1.7135361975,0.9896,1.0000,seed-1506096681_sample-3
7s6v,1.6844386671,2.5235876539,0.9382,0.9582,seed-2895387664_sample-1
7s7a,1.6852578332,1.7466427170,0.9530,0.9730,seed-2641337299_sample-4
7s84,1.5350820718,1.7715288242,0.9418,0.9618,seed-675828022_sample-2
7s85,1.6684968067,1.6673785128,0.9571,0.9771,seed-874147557_sample-0
7s9x,1.1123366200,2.0889329330,0.9386,0.9586,seed-216193287_sample-1
7siu,1.4247119069,1.1355897030,0.9580,0.9780,seed-497255555_sample-0
7sj3,1.5762289742,2.4754620018,0.9207,0.9407,seed-3934372671_sample-4
7ssb,2.1692245570,2.7050985903,0.9622,0.9822,seed-2165014151_sample-4
7suh,1.7511469593,1.9743979370,0.9958,1.0000,seed-494577444_sample-4
7sui,1.2560071693,1.7416309352,0.9839,1.0000,seed-2629225440_sample-4
7suj,1.6446296860,2.0660740919,0.9489,0.9689,seed-3383296718_sample-4
7sza,1.7098168374,1.4355776831,0.9552,0.9752,main_model
7szc,1.6459895509,2.9528544977,0.9795,0.9995,seed-3077242172_sample-2
7szd,1.7912070314,2.9119704984,0.9395,0.9595,seed-3196829938_sample-1
7t0p,1.9347953075,1.8809431095,0.9641,0.9841,seed-19523302_sample-4
7t1t,1.9640096099,2.4912787630,0.9604,0.9804,main_model
7t78,1.3704220815,2.4886268094,0.9413,0.9613,seed-2439840975_sample-4
7t79,1.2770779429,1.8243321390,0.9199,0.9399,seed-1818231271_sample-1
7te7,1.4863158680,1.6899081820,0.9402,0.9602,seed-2753843092_sample-2
7trb,1.6133968812,2.0358804605,0.9399,0.9599,seed-981478704_sample-2
7tt8,1.3715343660,1.3238393922,0.9960,1.0000,seed-4279477707_sample-3
7udp,1.5986085947,2.4064356284,0.9801,1.0000,seed-3134947823_sample-3
7uex,1.3580322380,2.3163806994,0.9867,1.0000,seed-317769363_sample-0
7uj7,1.6033488033,1.1268679395,0.9969,1.0000,seed-761773854_sample-3
7uj8,2.2636678572,2.0431946441,0.9719,0.9919,seed-3895325688_sample-3
7ujf,1.6558593095,1.6326964486,0.9713,0.9913,seed-806991029_sample-1
7ujm,1.2767135695,2.4824147353,0.9463,0.9663,seed-370270961_sample-4
7ujo,1.8528250639,2.1790452263,0.9345,0.9545,seed-3759546340_sample-3
7ukz,1.0671518616,3.7282588487,0.9495,0.9695,seed-2010767791_sample-0
7ul4,1.5594522585,2.3468247526,0.9483,0.9683,main_model
7uy3,1.5535436423,3.2948488445,0.9430,0.9630,seed-836094372_sample-1
7v3r,1.5545579560,1.5455614612,0.9791,0.9991,seed-3368479444_sample-2
7v3s,1.8871692542,2.6402738483,0.9629,0.9829,seed-662661364_sample-3
7vbt,1.9765076580,2.2698154638,0.9676,0.9876,seed-3548126164_sample-2
7vbv,1.7041348808,2.6903188068,0.9800,1.0000,main_model
7vbx,1.4990380281,3.7830879737,0.9482,0.9682,seed-3945723051_sample-4
7vdh,1.5508569746,3.2588152761,0.9628,0.9828,seed-442905439_sample-4
7vdq,1.8842174197,1.6924464344,0.9657,0.9857,main_model
7vdu,1.8550722342,2.3526883181,0.9740,0.9940,seed-1570321581_sample-1
7vig,1.4259506719,2.0826655581,0.9392,0.9592,seed-1043663028_sample-4
7vkn,1.3718655099,2.1601108356,0.9404,0.9604,seed-3923344253_sample-4
7vra,1.7564046740,3.7297523999,0.9513,0.9713,seed-555020067_sample-4
7vto,1.5232457959,2.6339996624,0.9490,0.9690,main_model
7vue,1.8242782820,3.2073502570,0.9596,0.9796,seed-2811460915_sample-4
7w3p,1.6292765257,2.5146429749,0.9362,0.9562,seed-3107380051_sample-1
7w3q,1.5236964791,3.1373468228,0.9502,0.9702,seed-1440927484_sample-1
7w5o,1.4798137296,1.8635754297,0.9641,0.9841,seed-3916945249_sample-2
7w7x,1.5685485125,2.9362053567,0.9278,0.9478,main_model
7w7y,1.5521631883,1.5180262564,0.9309,0.9509,seed-1822148409_sample-3
7wf5,1.4753355921,2.1777026548,0.9436,0.9636,seed-4185306360_sample-1
7wlx,1.5435253220,4.3573006512,0.9998,1.0000,seed-160762171_sample-3
7wmg,1.5484845197,2.1652119508,0.9707,0.9907,seed-3129025386_sample-3
7wmh,1.6518250641,1.2960444151,0.9729,0.9929,main_model
7wmj,1.8298624669,2.3446818337,0.9309,0.9509,main_model
7wml,1.6064840783,1.7641376519,0.9415,0.9615,main_model
7wmn,1.8150202916,2.9757020771,0.9868,1.0000,seed-791412534_sample-0
7wmo,1.0661803821,1.7943347820,0.9757,0.9957,seed-3476545997_sample-1
7xbi,1.2234272259,3.0823041599,0.9408,0.9608,seed-1804232962_sample-2
7xc1,1.0685814537,1.5596587280,0.9562,0.9762,seed-2539026927_sample-2
7xhy,1.7589376848,2.6917643721,0.9847,1.0000,seed-2693922265_sample-4
7xmk,1.4851580853,2.7107239492,0.9883,1.0000,seed-1129156732_sample-4
7y1g,1.8267479482,1.7985655304,0.9864,1.0000,seed-368221804_sample-2
7y4t,1.6036455959,1.9205246720,0.9480,0.9680,seed-1643862705_sample-3
7y4u,1.3760206558,2.5561277897,0.9878,1.0000,seed-3778688375_sample-3
7y8f,1.6427370613,2.2014754043,0.9674,0.9874,seed-2479467049_sample-0
7y8g,1.2662248680,2.9888694638,0.9835,1.0000,main_model
7ydx,1.7015489590,2.1276403104,0.9188,0.9388,seed-2390504576_sample-4
7z4v,1.6861891998,2.2862553305,0.9698,0.9898,seed-2346697245_sample-2
7z5w,1.3839250403,2.1224365761,0.9460,0.9660,seed-3168166519_sample-4
7z5x,2.0163397645,3.1988008248,0.9423,0.9623,seed-2573779646_sample-4
7zho,1.6491913786,2.3414742096,0.9934,1.0000,main_model
7zun,1.4755302568,3.4975286684,0.9617,0.9817,main_model
7zy0,2.1396983394,2.1119115103,0.9672,0.9872,seed-3286530296_sample-4
7zyd,1.5499103561,1.9243180104,0.9392,0.9592,seed-2547388631_sample-4
7zyk,1.4996956404,1.9238317173,0.9650,0.9850,seed-3488420336_sample-1
7zyr,1.8212305178,2.9326202041,0.9686,0.9886,seed-901000161_sample-0
8a5j,2.0900589888,1.8135176906,0.9637,0.9837,seed-3005302745_sample-4
8a66,1.6397008430,2.5988557236,0.9658,0.9858,seed-679550064_sample-1
8aau,1.9377756119,1.3062798205,0.9616,0.9816,seed-743378885_sample-4
8ae7,1.7740825201,2.9046610632,0.9504,0.9704,seed-2085703104_sample-3
8aec,2.0469029867,2.8994956576,0.9523,0.9723,seed-2316625762_sample-1
8aek,1.4999898449,3.0631247131,0.9621,0.9821,seed-3690204073_sample-4
8an8,2.0578479049,2.3689451441,0.9837,1.0000,seed-2389274684_sample-2
8ans,1.0607479971,1.9774833689,0.9747,0.9947,seed-4237656242_sample-4
8ayn,1.6814180559,3.1073718957,0.9596,0.9796,seed-566941599_sample-3
8b54,1.4931157490,2.1592387542,0.9477,0.9677,seed-492032183_sample-2
8b8x,1.5692853510,1.7422004404,0.9724,0.9924,seed-585635226_sample-1
8b8z,1.5502071592,3.2531068119,0.9549,0.9749,seed-2573742097_sample-4
8b90,1.2901954984,2.3300613750,0.9400,0.9600,main_model
8b9e,1.3857598101,1.8156918877,0.9896,1.0000,seed-4055859803_sample-1
8ba2,1.4471107695,1.8102276621,0.9739,0.9939,main_model
8bab,2.0725665448,2.2270610094,0.9555,0.9755,seed-4261762503_sample-1
8bem,1.2241748934,1.8004990789,0.9436,0.9636,seed-2574509812_sample-1
8bf2,1.3881040115,2.5084501397,0.9549,0.9749,seed-3699494182_sample-1
8bff,1.4473259935,1.3631517204,0.9763,0.9963,seed-1208227315_sample-0
8bfv,1.8717929060,3.3105319393,0.9598,0.9798,main_model
8bjt,1.9336147382,3.8481686021,0.9998,1.0000,seed-980320437_sample-1
8bod,1.4003818407,2.2483800686,0.9998,1.0000,seed-2877355143_sample-3
8bof,1.4285005977,2.8823385639,0.9998,1.0000,main_model
8bog,2.1020323631,2.2721243215,0.9604,0.9804,seed-2567799560_sample-2
8boh,1.5873350641,2.2330560106,0.9690,0.9890,seed-4032326563_sample-0
8boi,1.4807414464,2.6652031909,0.9708,0.9908,seed-1287739410_sample-4
8bok,1.5255711663,1.5919489918,0.9669,0.9869,seed-490434164_sample-2
8bom,1.9103165247,2.4316430240,0.9972,1.0000,seed-1383286930_sample-1
8c7x,1.6523546106,2.7981283763,0.9670,0.9870,seed-1283003210_sample-1
8cur,1.0300026370,2.8409332839,0.9805,1.0000,seed-1881021090_sample-3
8d6c,1.6159914087,2.4565821943,0.9808,1.0000,seed-1736437645_sample-2
8d6d,1.1279061294,1.9695709388,0.9487,0.9687,seed-378803351_sample-2
8d6e,1.6481564470,2.4950789458,0.9466,0.9666,main_model
8d73,1.8496159783,1.7874918376,0.9941,1.0000,seed-71167572_sample-4
8d76,1.7496634545,2.1108504732,0.9536,0.9736,seed-3288528923_sample-2
8dsy,1.4592053121,1.6893628739,0.9998,1.0000,seed-3171264868_sample-2
8dsz,1.4213240217,2.7384001701,0.9616,0.9816,seed-2850597335_sample-1
8du6,1.6195915058,2.5312570470,0.9810,1.0000,seed-1955179456_sample-2
8du8,1.5022127827,2.1436493446,0.9761,0.9961,seed-3294388366_sample-0
8du9,1.4867446532,2.5171830203,0.9329,0.9529,seed-3746046248_sample-3
8dub,1.5378963186,1.8600729133,0.9470,0.9670,seed-501274093_sample-0
8duc,1.6087048758,2.7645508552,0.9618,0.9818,seed-2829134879_sample-0
8dud,1.8009156673,2.5597430677,0.9499,0.9699,seed-2461208746_sample-3
8dug,1.2306925860,2.5262334235,0.9641,0.9841,seed-2114725830_sample-3
8duh,1.4966390080,2.3636389924,0.9656,0.9856,seed-2577637523_sample-4
8dui,1.4940847662,2.6062808705,0.9594,0.9794,seed-2187638831_sample-4
8dus,1.8317235453,1.4167908059,0.9590,0.9790,seed-3809090132_sample-1
8dv5,1.6468882735,1.6837729223,0.9538,0.9738,seed-3266136251_sample-1
8dv7,1.7315923964,1.7921666354,0.9535,0.9735,seed-280087510_sample-3
8dv8,1.5782927650,2.8442608634,0.9800,1.0000,seed-1596886988_sample-3
8dvb,1.3154955665,2.7601199136,0.9529,0.9729,main_model
8e1x,2.0546013672,2.3575903395,0.9578,0.9778,seed-1180700411_sample-0
8e80,1.8602893829,2.6731135716,0.9869,1.0000,seed-3915615963_sample-2
8e81,1.3902004957,2.4350738851,0.9604,0.9804,seed-4218862232_sample-2
8eq5,1.4927282934,1.2261309381,0.9591,0.9791,seed-2537075744_sample-3
8ev1,1.7086646775,2.0698346012,0.9640,0.9840,seed-1305418231_sample-1
8f7p,1.4414943386,2.7038407885,0.9607,0.9807,seed-2525807355_sample-1
8fav,1.4307152927,1.8710005703,0.9662,0.9862,main_model
8fb1,1.9867259765,1.8000441083,0.9928,1.0000,seed-2092655010_sample-1
8fb2,1.3091642305,1.7557536540,0.9793,0.9993,seed-4229693022_sample-0
8fjz,1.9493060566,3.4214276563,0.9514,0.9714,seed-226336556_sample-1
8fko,1.2760940863,1.6766840844,0.9639,0.9839,main_model
8flv,1.8401533373,3.6230235712,0.9619,0.9819,seed-2899591816_sample-2
8fp3,2.1181081981,2.5644883738,0.9557,0.9757,seed-1538431775_sample-0
8fpe,1.8259276056,2.1261088226,0.9591,0.9791,seed-1226184780_sample-1
8gvj,1.3014708870,2.8556570597,0.9532,0.9732,seed-1225214879_sample-3
8h6p,1.6682510938,1.5770597463,0.9584,0.9784,seed-2125218054_sample-4
8h6t,1.6571973185,2.9240356430,0.9421,0.9621,seed-3558589901_sample-0
8hdo,1.8532330051,2.6656033560,0.9430,0.9630,seed-2074791921_sample-0
8hmu,2.0081710039,2.6660351903,0.9487,0.9687,seed-157684189_sample-2
