pdb id,pose rmsd,pocket rmsd,qs score,lddt-pli
5r91,3.6880156824,3.3106774522,0.7900,0.8100
5r98,2.6535229446,3.4759317805,0.7886,0.8086
5r9a,3.8302296485,3.5852160733,0.8014,0.8214
5r9b,2.8822570664,3.3371369784,0.8108,0.8308
5r9c,2.6062702366,3.2554079093,0.7965,0.8165
5r9f,3.4949784826,2.7427495388,0.8255,0.8455
5r9g,3.4342824750,3.5581541714,0.7984,0.8184
5r9j,2.7277900789,3.2182708270,0.7631,0.7831
5r9p,3.4982451932,4.2795795735,0.7726,0.7926
5r9s,2.7053178089,2.7468520088,0.7583,0.7783
5sav,3.3824221691,4.0199359732,0.7913,0.8113
5saw,3.6947024450,2.2987669431,0.8127,0.8327
5saz,2.8416837477,3.0588550479,0.7717,0.7917
5sb0,3.0705760744,2.0101005305,0.7632,0.7832
5sb1,2.8238649353,2.6487410924,0.7667,0.7867
5sb2,2.7006425026,3.1073274597,0.7814,0.8014
5zjy,3.4947433157,2.1527696816,0.7799,0.7999
5zjz,3.0532693195,2.3892650450,0.7935,0.8135
5zk5,2.9387603189,2.5141749149,0.7760,0.7960
5zk7,2.9303215130,2.3817124679,0.7978,0.8178
5zk9,3.4214922392,2.7073702327,0.7999,0.8199
5zlf,2.4681491736,1.7305400538,0.7939,0.8139
5zml,3.6336515158,3.0950716806,0.7626,0.7826
5zr3,3.1729825950,3.6719908633,0.8310,0.8510
5zxk,2.6044738928,2.6139113013,0.8087,0.8287
6a1c,3.5122037382,2.4072637288,0.7904,0.8104
6a6k,3.4299855866,5.6322675700,0.7914,0.8114
6a73,2.8925243723,1.7475173358,0.8061,0.8261
6agt,3.4913327588,2.2118143079,0.7530,0.7730
6ahs,3.7174580262,5.7774136819,0.7987,0.8187
6bqd,3.0199424739,3.1932172244,0.7813,0.8013
6c85,3.2236858917,4.8130811069,0.8059,0.8259
6cjj,2.8518484982,1.5767877533,0.7696,0.7896
6cjp,2.8745166357,2.1511800554,0.7787,0.7987
6cjr,4.0783718880,1.6636530501,0.7852,0.8052
6cjs,3.2052091610,3.2944717415,0.7895,0.8095
6cyg,3.6989475915,2.1230984910,0.7871,0.8071
6cyh,2.3590593307,3.9822429710,0.7762,0.7962
6d07,2.8812527508,2.2661420130,0.7843,0.8043
6d08,2.6110139075,3.0574671443,0.7952,0.8152
6d3x,2.9110650606,3.3469313932,0.7730,0.7930
6d3y,3.7922580001,2.7802733915,0.8144,0.8344
6d3z,3.6059965920,3.1861065327,0.8002,0.8202
6d40,3.0798960277,4.3892541554,0.7822,0.8022
6dql,3.1230849463,2.0143590440,0.8013,0.8213
6dyz,2.6163387633,2.2046515976,0.7778,0.7978
6dz2,3.9914930208,2.8450651191,0.7621,0.7821
6dz3,3.2328366884,3.1077584775,0.7845,0.8045
6e3m,3.5627709182,3.0709212835,0.7800,0.8000
6e3n,2.8348641092,2.5760932719,0.7906,0.8106
6e3o,3.0581211810,3.0279543403,0.8042,0.8242
6e3p,2.6781377433,2.9800460201,0.8023,0.8223
6e3z,3.3581910949,3.8197443020,0.7514,0.7714
6e4c,3.4852530569,3.9985277687,0.7767,0.7967
6e6j,2.0995736750,3.7136231220,0.7354,0.7554
6e6v,4.0292385889,3.2751274276,0.7897,0.8097
6e6w,3.8560192751,2.9216349142,0.7592,0.7792
6eeb,2.0961553945,4.4841979945,0.7826,0.8026
6efk,2.2671905799,3.1394799845,0.8013,0.8213
6fcj,3.1485845361,3.4186802821,0.7952,0.8152
6ffe,2.4318902065,3.0748451660,0.8234,0.8434
6fff,2.8948435740,3.7411702530,0.7730,0.7930
6ffg,3.6327595987,2.8447224354,0.7877,0.8077
6ftf,3.4919560252,5.4998397076,0.8208,0.8408
6g24,3.0667317823,4.0266858655,0.7990,0.8190
6g25,2.3336431837,3.0167628456,0.8185,0.8385
6g27,3.4896867669,2.6676893437,0.7948,0.8148
6g29,3.4360999568,3.9508355686,0.8204,0.8404
6g2b,3.6878378726,2.9707855151,0.8163,0.8363
6g2c,2.9054163004,3.6190708412,0.7391,0.7591
6g2e,2.9535124138,3.4201507772,0.7830,0.8030
6g2f,2.7795497043,2.9375139808,0.8170,0.8370
6g2o,2.9349387207,2.3431250087,0.7798,0.7998
6g3c,2.7404034118,3.4501946726,0.7816,0.8016
6g5u,3.4998959179,2.5315724086,0.8111,0.8311
6gbw,3.8451621243,2.9951760941,0.7978,0.8178
6gdy,2.6254329816,2.8302383595,0.7874,0.8074
6gga,2.2450304062,3.0891256382,0.8029,0.8229
6ggb,2.8597720013,4.2114955923,0.8045,0.8245
6ggd,2.8650823419,3.4910251524,0.7667,0.7867
6gge,2.5012309280,2.8927573133,0.7968,0.8168
6ggf,3.1412337515,2.9754007344,0.7988,0.8188
6gj5,3.0774420097,3.0616626932,0.7923,0.8123
6gj6,3.2557239707,3.2480944023,0.8112,0.8312
6gj7,3.4946233919,3.0163520657,0.7736,0.7936
6gj8,3.9179007497,3.7408541650,0.7612,0.7812
6gwe,2.9841298037,2.6847067166,0.8001,0.8201
6h7d,2.8512495381,2.9823192346,0.7945,0.8145
6hbn,3.3173394509,3.4956629350,0.8080,0.8280
6hhr,3.3535256004,2.7381818539,0.7780,0.7980
6hj2,2.9972295880,3.1521339769,0.8106,0.8306
6hlb,3.8363615942,1.8929953873,0.7906,0.8106
6hld,3.6140841447,4.1872171208,0.8253,0.8453
6hop,2.8239787644,4.2810409481,0.7825,0.8025
6hoq,3.0098498412,3.4767882857,0.7962,0.8162
6hor,3.1815076029,2.6980800318,0.7753,0.7953
6hot,3.1548130340,2.8324051812,0.7917,0.8117
6hou,2.5404085901,4.9764704896,0.7808,0.8008
6hv2,2.1789984229,2.6097714809,0.8021,0.8221
6i41,3.6261602248,2.4026987952,0.7926,0.8126
6i5p,2.9482514171,3.2695464271,0.7915,0.8115
6i61,3.3167436859,2.6850203333,0.7938,0.8138
6i62,2.9666874130,3.1992641974,0.8002,0.8202
6i63,2.8421311463,5.1684043510,0.7919,0.8119
6i64,3.0575122234,2.8035463766,0.8085,0.8285
6i65,2.9504718382,3.2950260793,0.7769,0.7969
6i66,3.5718874400,1.8806372135,0.7903,0.8103
6i67,2.5026595013,2.8921619948,0.7991,0.8191
6i68,2.7216358151,3.6152444361,0.7984,0.8184
6i74,2.2757529761,2.6755297344,0.7806,0.8006
6i75,2.8655841482,2.6218283841,0.7806,0.8006
6i76,3.1210420180,1.8142110787,0.7531,0.7731
6i77,2.6240923076,2.9703704457,0.8211,0.8411
6i78,3.0776790251,2.6876170002,0.8079,0.8279
6i7a,3.3673495936,1.9540173820,0.7729,0.7929
6i8m,4.1480694302,4.2235182391,0.8198,0.8398
6i8t,3.8370078352,3.0658826538,0.7832,0.8032
6i9a,3.2002998004,2.6658383691,0.7808,0.8008
6ibx,3.4789759975,3.3588007768,0.7806,0.8006
6ibz,3.5150124285,2.9815475841,0.8229,0.8429
6ic0,2.9517526067,3.5314779037,0.7998,0.8198
6izq,3.2333704581,4.0558620964,0.8084,0.8284
6j06,2.6919261781,2.1879659701,0.7997,0.8197
6jaq,2.9268691767,4.5136178396,0.7639,0.7839
6jbe,3.3256849130,5.2403428957,0.7841,0.8041
6jib,3.7421397055,4.1156349944,0.7775,0.7975
6jid,2.6547733569,3.1744317943,0.8168,0.8368
6jlr,2.8488018076,2.5375230785,0.7910,0.8110
6jmf,3.1773218926,4.2441429255,0.8361,0.8561
6jon,2.6389666365,3.9477982964,0.8006,0.8206
6jrj,2.5618656504,4.2613936999,0.7996,0.8196
6jrx,2.9120357107,3.0025346476,0.7590,0.7790
6jse,2.9760806999,1.9661017536,0.7846,0.8046
6jsf,2.9793173931,2.5178800334,0.8291,0.8491
6jsg,2.4907593160,3.4026469201,0.8360,0.8560
6jsn,3.3238673243,3.1288242357,0.8018,0.8218
6jsz,2.1112044779,2.4011082527,0.7746,0.7946
6jt3,3.7007696403,2.4600622809,0.7591,0.7791
6jut,3.1834810632,2.8454135813,0.8160,0.8360
6juu,4.4919250627,3.0837103105,0.8049,0.8249
6jux,4.2662862938,3.4501743539,0.8282,0.8482
6jwa,2.7410729054,3.8108268662,0.7693,0.7893
6k04,2.7327285745,3.7611822553,0.7968,0.8168
6k05,2.9200063717,2.5185270692,0.7768,0.7968
6k3l,3.5793145687,2.6057891759,0.7921,0.8121
6k9g,3.5819821297,2.0793369436,0.7808,0.8008
6k9h,2.8994449835,5.9826193071,0.7732,0.7932
6k9m,3.1021361383,3.1440712218,0.7754,0.7954
6kjd,2.5031239417,3.7003541909,0.8055,0.8255
6kjf,3.0283156321,4.0671708504,0.7996,0.8196
6knr,3.7530841566,3.1653625065,0.8240,0.8440
6ktn,3.0013428425,2.9442780033,0.7968,0.8168
6kxx,2.8375731561,3.2003670414,0.7851,0.8051
6l88,2.4483824916,3.2143857134,0.7923,0.8123
6lil,2.4837727264,3.8483924907,0.7438,0.7638
6lin,3.3442136360,3.7701609712,0.7806,0.8006
6lio,2.9576769141,3.8898149834,0.7834,0.8034
6lit,3.0807572239,4.7648558018,0.7953,0.8153
6lvk,3.4862886692,2.0753576973,0.7519,0.7719
6lvl,4.0328838960,3.1443505988,0.8258,0.8458
6mo7,2.8852113870,2.4466717372,0.7856,0.8056
6mo8,2.6199774397,3.3668477207,0.7977,0.8177
6mo9,3.0061869398,2.4936286487,0.8280,0.8480
6moa,2.6543148261,2.9106500834,0.7651,0.7851
6n0m,2.1535356779,2.7462689886,0.8193,0.8393
6n4e,3.1331429531,2.5559578926,0.8252,0.8452
6n53,3.2859157804,3.0527815986,0.7853,0.8053
6n55,3.8511277424,3.5493634318,0.7975,0.8175
6n8x,1.8575858070,2.1935416730,0.7878,0.8078
6n92,2.0986709327,3.2103589871,0.7772,0.7972
6n93,2.9944873177,3.7866717772,0.7977,0.8177
6n94,3.1304740636,3.3641102281,0.8083,0.8283
6n96,3.1428160786,2.2927393709,0.7945,0.8145
6n97,2.9399371222,3.4199666359,0.7709,0.7909
6np2,3.5412423978,3.6429693104,0.7815,0.8015
6np3,2.4809187677,3.1849448929,0.8153,0.8353
6np4,2.6881231703,3.3898872407,0.8082,0.8282
6np5,2.8369639631,1.9216150222,0.7976,0.8176
6npi,3.2672621593,4.3275782061,0.7947,0.8147
6npm,3.5241860269,2.4545244985,0.8016,0.8216
6npp,3.8765336355,2.6522915976,0.8076,0.8276
6nsv,2.9941605458,2.3540939481,0.8327,0.8527
6nt2,3.2609563575,3.1869028868,0.8202,0.8402
6nv7,3.8623599291,3.0768019347,0.7974,0.8174
6nv9,3.1438734305,2.8664780750,0.7877,0.8077
6nw3,3.3506389260,3.1849681923,0.8285,0.8485
6o0h,3.0276792721,3.1870478103,0.7502,0.7702
6o3x,3.2476871508,2.5806448479,0.7733,0.7933
6o3y,1.9301889319,2.4189254543,0.7684,0.7884
6o3z,2.9792243015,2.9726069482,0.7570,0.7770
6o5g,3.6900993046,3.4539610737,0.7910,0.8110
6o5u,2.6062424458,2.6047758575,0.7922,0.8122
6o5z,3.7294109123,3.4063461343,0.7448,0.7648
6o9b,2.8841931971,2.4329813356,0.7811,0.8011
6o9c,2.5920367518,2.7383168105,0.8108,0.8308
6obl,3.3813266957,2.4526447479,0.7909,0.8109
6od6,4.7131762530,3.8377012107,0.8053,0.8253
6oi8,2.1599809822,4.5903371698,0.8124,0.8324
6oie,3.5882734867,3.2447981937,0.7965,0.8165
6oin,2.7078818688,3.3725978906,0.8121,0.8321
6oio,3.1526208357,3.1359848145,0.8109,0.8309
6oip,2.2760182054,3.3665883163,0.7879,0.8079
6oiq,2.8851094252,2.4969070989,0.8018,0.8218
6oir,3.5245050266,2.3268127471,0.7867,0.8067
6olx,3.0456820158,2.7737487465,0.8055,0.8255
6op9,2.3960734461,2.7107234162,0.7458,0.7658
6oqi,3.1942572682,3.0957152268,0.8226,0.8426
6oqo,3.0124172752,3.1418096067,0.7661,0.7861
6os5,2.9962952169,4.3023346366,0.8493,0.8693
6os6,4.1607395042,2.3265959460,0.8020,0.8220
6p3d,3.4121985397,2.8969556576,0.7671,0.7871
6p7g,2.4751040538,2.5443907364,0.7782,0.7982
6pl4,3.4273354909,2.4221294022,0.8054,0.8254
6pma,2.8826313230,3.1658588029,0.7946,0.8146
6pmb,3.3126844644,3.1016243691,0.8064,0.8264
6pmc,2.9429537755,2.9641597389,0.7784,0.7984
6pme,2.1802327031,3.0101881810,0.8165,0.8365
6pnx,2.6435914064,2.4793349021,0.8148,0.8348
6pya,2.6749620358,3.0445806747,0.8157,0.8357
6pyb,2.4996463544,2.1128792810,0.8149,0.8349
6pz4,3.1939833038,2.4332187544,0.8153,0.8353
6q7b,2.6957823167,4.0762209661,0.7904,0.8104
6q7c,2.5354780628,4.9800847479,0.7671,0.7871
6q7d,2.8017097053,2.3248261359,0.7706,0.7906
6q7e,1.9155562992,2.4662062947,0.7793,0.7993
6q7f,2.6740565006,4.1548921773,0.8239,0.8439
6q7g,2.7648660848,4.1524019190,0.7994,0.8194
6qdz,3.0945513056,1.8577426242,0.7980,0.8180
6qe1,3.0972329732,3.6331328543,0.7974,0.8174
6qge,3.9185979263,3.8342159837,0.8231,0.8431
6qgf,2.8176519018,2.7083826178,0.8120,0.8320
6qi7,3.1378755475,2.8109300113,0.8115,0.8315
6qln,3.2323951744,2.3177637548,0.7975,0.8175
6qlo,3.2537806154,2.3327682258,0.8375,0.8575
6qlp,3.1181466054,2.9394688070,0.7661,0.7861
6qlq,2.9142333148,5.0479565382,0.7937,0.8137
6qlr,2.6235592000,3.1965271861,0.7652,0.7852
6qls,2.7755546230,2.7624356852,0.7786,0.7986
6qlt,3.2419087885,3.4582642517,0.7825,0.8025
6qlu,1.9631567672,2.4006437975,0.7692,0.7892
6qmr,3.3622029250,2.4991306242,0.7777,0.7977
6qmt,3.3274974761,2.5470466205,0.7520,0.7720
6qqq,3.1511221953,3.0270375344,0.7818,0.8018
6qqt,3.2207290989,2.3693440503,0.7869,0.8069
6qqu,3.1185153916,3.5075477678,0.8065,0.8265
6qqv,2.8561479164,2.1607619364,0.7703,0.7903
6qqw,3.1595753080,2.2414442363,0.7431,0.7631
6qqz,4.1659804490,5.4041540458,0.7781,0.7981
6qr0,2.6568619030,3.3080870003,0.7873,0.8073
6qr1,3.6794564854,3.3336275780,0.7890,0.8090
6qr2,4.2474305991,3.4078408478,0.7853,0.8053
6qr3,3.7552807678,3.2366597896,0.7595,0.7795
6qr4,3.4305321765,3.3607408908,0.7809,0.8009
6qr7,3.6122831376,2.4862648470,0.7946,0.8146
6qr9,3.1448869195,2.7234808344,0.7892,0.8092
6qra,3.7928862807,3.5507052568,0.8032,0.8232
6qrc,2.7197823189,2.8998399744,0.7629,0.7829
6qrd,3.2251506511,2.6637065137,0.7604,0.7804
6qre,3.7277680383,3.8548939409,0.7744,0.7944
6qrf,3.1220222997,3.7134391901,0.8187,0.8387
6qrg,3.3354188707,2.6263552019,0.7750,0.7950
6qsz,2.6555131923,2.1092390351,0.7844,0.8044
6qtm,3.6927977234,2.2882894107,0.8279,0.8479
6qto,3.0053788080,4.4056804126,0.7746,0.7946
6qtq,2.7247360149,3.8297523363,0.7922,0.8122
6qtr,2.6623682323,2.7107927945,0.8105,0.8305
6qts,3.0919317301,3.2448014026,0.7978,0.8178
6qtw,3.1593218539,4.3609625346,0.7851,0.8051
6qtx,3.7979921352,1.8973982527,0.7746,0.7946
6quv,4.4189784753,2.1553449734,0.8148,0.8348
6quw,2.5205552395,2.0825245055,0.7920,0.8120
6qwi,3.5270763454,2.9096738392,0.8003,0.8203
6qxa,3.1327161796,2.4841286387,0.8025,0.8225
6qxd,2.7918787015,2.4243327201,0.7739,0.7939
6r4k,2.9057462735,4.0060426492,0.7699,0.7899
6rr0,3.6712199408,3.2501437763,0.8225,0.8425
6ru6,3.0343470678,3.0764395826,0.7841,0.8041
6s07,2.8456322175,2.7778240757,0.7928,0.8128
6s55,2.4978968743,4.0889119528,0.7760,0.7960
6s56,2.8721113194,3.8698432186,0.8117,0.8317
6s57,3.5859550387,2.9320228554,0.7512,0.7712
6sen,2.7602974878,3.9401077795,0.8102,0.8302
6seo,2.8307425902,3.0929739791,0.7962,0.8162
6sfc,2.9808934988,2.8352915015,0.7997,0.8197
6slz,3.8103216446,3.7635997422,0.7821,0.8021
6ssb,3.2746693739,2.6649522223,0.8064,0.8264
6st3,3.3057983757,2.1930377834,0.7885,0.8085
6t1s,3.0742696888,1.7941494655,0.8010,0.8210
6t3c,2.4950367329,2.6332983163,0.7814,0.8014
6t4g,3.2536924731,3.6107695853,0.7579,0.7779
6t4i,2.9828492314,3.4812923381,0.8021,0.8221
6t4j,2.8462308721,3.3339402619,0.8001,0.8201
6t4t,2.6641126899,3.1339923855,0.8173,0.8373
6t4w,2.5369263395,3.3314403260,0.8070,0.8270
6t4x,3.0448707834,5.2106265398,0.8110,0.8310
6t6a,2.2599492565,3.0773715933,0.7968,0.8168
6t8x,2.8430243349,3.2003925785,0.8311,0.8511
6tdc,2.8848572842,4.1031621917,0.7996,0.8196
6te6,3.4814588959,3.4188404322,0.7565,0.7765
6tel,3.2489816224,4.0889088556,0.7812,0.8012
6ten,2.7775304506,2.4651236802,0.8164,0.8364
6tfb,2.0512758898,4.2345687915,0.7735,0.7935
6tlm,2.8409543684,2.3400233677,0.8108,0.8308
6tlp,2.9451784614,2.6296100488,0.7937,0.8137
6tmp,4.5363076792,2.7386180545,0.8025,0.8225
6tnb,3.0304277144,3.4690111518,0.7822,0.8022
6tnc,2.5728574235,3.8642205227,0.8075,0.8275
6tnd,2.9798262338,4.4619024382,0.7657,0.7857
6to7,3.0274452897,2.8140656158,0.7798,0.7998
6tod,3.2505536832,3.1861795466,0.7841,0.8041
6tos,3.5473029249,2.6482897344,0.7862,0.8062
6tot,3.8839389366,2.0273089164,0.7780,0.7980
6tp6,3.6429654993,2.7954183710,0.8001,0.8201
6tpa,3.1258335411,2.7853681928,0.7618,0.7818
6tq4,4.1118142052,2.2755925882,0.7960,0.8160
6tq6,2.6534785743,2.4548130770,0.7985,0.8185
6tq9,3.9116476024,2.4161170107,0.8064,0.8264
6tu9,3.7199235847,2.7383184636,0.7773,0.7973
6u0k,2.7853043376,2.5659056038,0.8149,0.8349
6u7c,2.1748697037,2.6579350437,0.7851,0.8051
6ubw,2.5268951961,2.0905113202,0.7625,0.7825
6ucg,2.3753758175,3.5319910553,0.7931,0.8131
6ufn,2.8348088243,4.6591405589,0.7762,0.7962
6ufo,3.2868898485,2.9895581113,0.8052,0.8252
6uhu,3.9619173197,3.7984512908,0.7743,0.7943
6uhv,3.6624335781,3.6380252359,0.7892,0.8092
6uii,2.8128362591,2.0099155259,0.8096,0.8296
6uil,3.8610748584,2.1660920237,0.7866,0.8066
6uim,2.8088064114,3.4217957111,0.7399,0.7599
6uvp,2.8417647569,2.8537408897,0.7813,0.8013
6uvv,2.0825506573,2.9441349908,0.7687,0.7887
6uvy,3.3868302178,2.6823562346,0.8316,0.8516
6uwp,3.4488770382,2.9869694658,0.7854,0.8054
6uwv,3.0258168297,3.3971630378,0.8161,0.8361
6v37,2.9792135768,4.2906491066,0.8160,0.8360
6v5l,2.8686446957,3.5969641212,0.7767,0.7967
6v6q,3.9111261021,2.3021653319,0.8424,0.8624
6vc2,3.5069878849,3.7903698519,0.7722,0.7922
6vgh,2.0792480335,3.0994308388,0.8098,0.8298
6vif,2.1554735273,3.0393106946,0.7917,0.8117
6vns,3.2176019120,4.0141105814,0.8041,0.8241
6vnx,3.4566902797,2.2834917647,0.7974,0.8174
6vpf,3.2084666168,2.4256404824,0.8012,0.8212
6vxq,2.8058774275,2.9836881016,0.7979,0.8179
6vxu,2.9817899782,2.3935336082,0.7803,0.8003
6vzl,2.9570687405,1.9809142828,0.7872,0.8072
6vzm,3.5741173151,3.7995441333,0.8091,0.8291
6w39,2.8579789050,3.3187926787,0.8043,0.8243
6w3a,2.9539647652,3.0529792774,0.8242,0.8442
6w3e,2.8838356718,2.3233436000,0.7982,0.8182
6w8c,3.3579822559,2.4079563366,0.8024,0.8224
6wa2,2.5667051260,2.2733239570,0.8026,0.8226
6wak,3.4275731829,2.5962675069,0.7969,0.8169
6wiw,3.5735539311,2.3996698001,0.8140,0.8340
6wok,3.6992269118,3.1201230723,0.7982,0.8182
6wxn,3.7515772296,3.0666489912,0.7997,0.8197
6x3n,2.4504540405,2.2147841031,0.7924,0.8124
6xdb,2.6666233860,2.9954743639,0.7721,0.7921
6xdd,2.7372084813,3.2180636790,0.7993,0.8193
6xdf,3.4640514565,3.4387144480,0.7929,0.8129
6xe4,3.9491932245,2.6491668650,0.7903,0.8103
6xfp,3.7032015391,1.9309832582,0.8265,0.8465
6xfv,3.9545857682,2.2423019389,0.8074,0.8274
6xjk,2.6533873237,2.5631365877,0.7676,0.7876
6xlo,2.9942410114,2.4780850106,0.7922,0.8122
6xrm,3.8827492953,2.4284708700,0.7865,0.8065
6xrn,2.1440178749,2.9201775442,0.8118,0.8318
6xvj,3.2316127166,3.2739364806,0.8034,0.8234
6xvk,3.5630962833,1.9523458385,0.8094,0.8294
6y4t,3.3091986308,2.7588592436,0.7692,0.7892
6y4u,2.2954282740,2.4076434032,0.7979,0.8179
6y4v,3.1219671111,3.1880453841,0.7966,0.8166
6y4w,2.9320048592,3.3014024578,0.8087,0.8287
6y4x,3.4333364322,2.7298377097,0.7708,0.7908
6y6f,2.0704295604,5.1902348327,0.7660,0.7860
6y6v,3.4214252621,2.4119007151,0.7802,0.8002
6yat,3.0246529420,4.0020896051,0.7793,0.7993
6ybh,3.6289695918,4.9913170740,0.7928,0.8128
6yg4,3.8817312974,3.0691444389,0.7742,0.7942
6yg5,3.0986410215,3.5994815988,0.8007,0.8207
6yid,3.2876614134,3.0244512539,0.7761,0.7961
6yjc,2.4308350325,3.7443614473,0.7466,0.7666
6yk1,2.9245496138,2.9947391013,0.7917,0.8117
6yk7,3.7312512044,2.9030148791,0.7841,0.8041
6yky,3.1557424430,2.7755460504,0.7695,0.7895
6ylc,3.0239484631,3.4087640389,0.8014,0.8214
6yll,3.6173159628,4.5360548612,0.8015,0.8215
6yoj,2.6844946763,3.3610126118,0.7505,0.7705
6ypk,2.7488151614,3.1281618503,0.7824,0.8024
6yq1,2.8057585380,3.0038801530,0.7742,0.7942
6yr9,2.7579524770,3.1211302571,0.7686,0.7886
6yt6,3.1636295615,2.5195749982,0.7714,0.7914
6yvy,2.3291823078,2.5140341760,0.8196,0.8396
6yxv,3.2641128951,2.9469780169,0.8278,0.8478
6z10,3.1883819381,3.3878353007,0.7852,0.8052
6z4y,2.9890347915,2.6343342214,0.7883,0.8083
6zcp,3.4215570573,2.6641321349,0.7828,0.8028
6zcq,3.1455078530,2.9379160217,0.8134,0.8334
6zcx,3.5888549099,3.6065904037,0.7565,0.7765
6zcy,3.4123106041,2.9349616063,0.7801,0.8001
6zfh,3.3078237754,2.6472923784,0.7916,0.8116
6zgc,2.7921625604,1.9623379559,0.7729,0.7929
6zgv,2.2181656453,3.1739904927,0.8024,0.8224
6zgw,3.1076540757,2.4776243533,0.7871,0.8071
6zgx,2.2557491067,3.9832705423,0.7774,0.7974
6zgy,3.8568730665,4.3101189762,0.8285,0.8485
6zgz,2.7998998372,2.2783779613,0.7849,0.8049
6zh0,3.3636407321,2.9199944816,0.7911,0.8111
6zoq,2.3264000221,5.1502529800,0.7941,0.8141
6zor,3.6248508437,5.0457506337,0.7770,0.7970
6zos,2.7144944475,2.6354014699,0.7635,0.7835
6zqs,3.5385968040,3.9993543147,0.7571,0.7771
6zwp,3.1879758950,3.4837718971,0.7975,0.8175
6zwr,2.6567007971,3.6469806575,0.8095,0.8295
7a49,2.5274141967,3.0489952660,0.7779,0.7979
7a52,3.8837772602,4.1034644647,0.7937,0.8137
7aax,3.7528639445,2.7783595800,0.8134,0.8334
7aay,3.8055004941,3.0054949636,0.7901,0.8101
7aaz,2.9477655855,3.6099898934,0.7972,0.8172
7aei,2.9087422440,3.1693267645,0.7722,0.7922
7aem,3.2606162569,3.3607970781,0.8091,0.8291
7ahj,3.4921642436,3.2778552838,0.8126,0.8326
7ajm,3.9888835254,4.1231520746,0.7988,0.8188
7ats,3.1531377155,3.0276195122,0.7467,0.7667
7auv,2.3034737168,3.5134560653,0.7985,0.8185
7avx,3.7030382960,4.7557357178,0.8594,0.8794
7avy,3.3628479741,2.7370416292,0.7780,0.7980
7aw1,2.2355828819,2.0721667414,0.7728,0.7928
7aw2,3.7837974804,2.1529047264,0.7865,0.8065
7aw4,3.5923287311,4.3985862665,0.7659,0.7859
7awc,2.5382427342,2.6273459588,0.7772,0.7972
7axa,2.6543430101,2.6195293787,0.7789,0.7989
7axc,3.4119913475,3.0021943845,0.7823,0.8023
7axd,2.7912351153,3.6612985888,0.7703,0.7903
7axh,3.1511470039,2.6229383332,0.8086,0.8286
7axi,2.6443630663,2.9142666351,0.7951,0.8151
7ayh,3.9630488336,3.5991208746,0.7931,0.8131
7b35,2.3566077919,3.4326605861,0.8034,0.8234
7b36,3.6790943708,2.7766281056,0.7725,0.7925
7b3q,2.9467744788,2.8981757194,0.7781,0.7981
7b3t,4.2428010764,4.2460753179,0.8154,0.8354
7b3v,2.2039123688,1.5927455154,0.7823,0.8023
7b3w,1.8525019888,2.4340683442,0.8008,0.8208
7b3z,2.0498324291,2.5062353307,0.8036,0.8236
7b40,4.0861884586,3.4100471610,0.7896,0.8096
7b41,3.0305861454,2.7396253811,0.7831,0.8031
7b42,3.6534258998,3.1455850237,0.7962,0.8162
7b43,3.3761201817,2.6178495536,0.8063,0.8263
7b6f,3.1551206849,3.3779848472,0.7759,0.7959
7b7s,3.7573788170,3.0053259636,0.7764,0.7964
7b8w,3.5607668109,3.6869883444,0.7572,0.7772
7bcm,3.2805029898,3.2074382363,0.7645,0.7845
7bdo,3.1288318571,2.4702488561,0.8098,0.8298
7be5,3.2554361544,2.2392852093,0.8115,0.8315
7bjm,3.4329216948,3.2647797167,0.8048,0.8248
7bjo,2.6399116997,2.7302029708,0.8094,0.8294
7bjr,3.6350345016,2.5257746513,0.7729,0.7929
7bjx,4.1241147208,1.8231115277,0.7803,0.8003
7bk1,3.4569790640,3.6838193116,0.8104,0.8304
7bk2,3.1945460807,6.3822369778,0.7811,0.8011
7bk3,3.6587518991,3.4659974804,0.8021,0.8221
7bmk,4.1561733426,2.6110705267,0.7736,0.7936
7c3g,2.8821571166,4.7920538619,0.7690,0.7890
7c6q,3.2685640627,2.9501047790,0.8137,0.8337
7cbx,2.8573267037,2.9285198456,0.8031,0.8231
7chm,2.7933453191,2.1168735428,0.7856,0.8056
7chn,2.7084459448,2.5313699055,0.7922,0.8122
7cht,2.3141948243,3.6549163511,0.7920,0.8120
7cil,2.2957378435,3.2619906206,0.7795,0.7995
7cja,2.6633211704,2.7616685476,0.7774,0.7974
7clh,3.4181063143,2.7124024333,0.8058,0.8258
7cmb,3.0743432202,3.4529830745,0.8189,0.8389
7cp3,3.4355007596,2.8550698884,0.7844,0.8044
7cp4,3.0212675096,2.1959042440,0.8003,0.8203
7d42,3.8457906796,4.3202788266,0.7818,0.8018
7d5o,2.7592776110,2.6349449900,0.8151,0.8351
7dg4,2.6061137748,2.5659298346,0.7717,0.7917
7dhk,1.9612644475,3.1899074331,0.8263,0.8463
7du8,3.4222980801,4.5034892710,0.8000,0.8200
7du9,3.2986555719,2.4335469835,0.7861,0.8061
7e2e,3.3128606848,4.6221493752,0.7581,0.7781
7efq,3.2683162030,3.3366756224,0.7892,0.8092
7eo2,3.0142443135,2.6469385294,0.7881,0.8081
7eo4,3.9284640618,2.5204427598,0.7612,0.7812
7f3g,2.5653867054,2.1847626132,0.7721,0.7921
7f3m,2.8198305643,2.2953256892,0.7827,0.8027
7fcz,3.2735786735,4.6703023174,0.7788,0.7988
7fd0,2.9490093040,3.5509225167,0.7799,0.7999
7feh,2.9156905623,3.0151020752,0.7907,0.8107
7jhd,2.8945542764,3.7535843718,0.7965,0.8165
7ju5,3.2537144414,1.9544450047,0.7724,0.7924
7ju6,3.0083510899,2.7343512698,0.7831,0.8031
7jv5,3.4644363838,2.6173889372,0.7705,0.7905
7jvp,3.8189840848,2.4090493962,0.7806,0.8006
7jwe,2.3715908187,2.6074236847,0.7963,0.8163
7jxm,2.9694351704,2.1350185890,0.8036,0.8236
7jxq,2.8814594439,3.3571058232,0.8145,0.8345
7jxx,3.8762098864,1.9223104797,0.8081,0.8281
7jxy,3.4544872050,2.1281886037,0.7743,0.7943
7jyd,3.2324783977,3.3434822559,0.7592,0.7792
7jye,2.9446981867,1.9276932290,0.8110,0.8310
7k0v,3.0348785387,5.9728209902,0.7505,0.7705
7kac,3.8027989300,2.8813092038,0.7910,0.8110
7kbs,3.1329705308,4.1511504618,0.7953,0.8153
7kja,3.1159803728,2.3853055222,0.8252,0.8452
7kjs,2.6990173552,2.3716547968,0.7927,0.8127
7kx6,2.7870637825,2.7001740835,0.7632,0.7832
7kxm,2.7869637664,2.1414147780,0.7538,0.7738
7kxp,3.3624832869,6.1218425231,0.7816,0.8016
7kxz,2.9328538377,2.9480088236,0.7924,0.8124
7l1v,3.2918254191,3.8053399291,0.7949,0.8149
7l24,3.2404137780,1.8493746430,0.8189,0.8389
7l25,3.8701973277,2.8058233442,0.7702,0.7902
7l26,3.0180923826,3.6948690555,0.7980,0.8180
7l2h,3.1542958803,3.2435618855,0.7752,0.7952
7ljc,3.3131487575,3.7217147908,0.8356,0.8556
7lot,3.8363420675,3.6309934119,0.7736,0.7936
7ltx,3.2176922545,3.0371192622,0.7854,0.8054
7lvh,2.6420202892,2.8001835887,0.8014,0.8214
7lw1,2.6740062564,3.2702953632,0.7706,0.7906
7m0k,3.5181171869,3.4388875593,0.7853,0.8053
7m0l,2.7675634542,3.1516602341,0.7968,0.8168
7m2f,3.7699694268,4.3029603913,0.8308,0.8508
7mgj,3.7584239640,2.5938791487,0.8358,0.8558
7mon,2.9212047990,2.5199113684,0.7570,0.7770
7msa,3.5770181746,2.2898754830,0.7485,0.7685
7n2a,3.2803642459,3.2147143785,0.7758,0.7958
7n4r,2.3666344471,2.2917355734,0.8096,0.8296
7n8t,2.8233484780,3.2372504271,0.7964,0.8164
7n91,3.0620670875,4.7203646587,0.8133,0.8333
7n93,3.3155090261,2.1532241613,0.7926,0.8126
7n9g,3.0310562769,2.0582350368,0.8177,0.8377
7n9o,2.3879436939,2.1407325951,0.7719,0.7919
7naa,3.8443574916,3.6714434017,0.8031,0.8231
7nb1,2.9254518726,1.8078344401,0.7847,0.8047
7nb2,3.5322499366,4.0795652998,0.7801,0.8001
7nb3,2.8895216244,2.1745746045,0.8201,0.8401
7nec,2.7738856059,3.1481357872,0.8148,0.8348
7nke,2.8209660158,4.4235506233,0.7930,0.8130
7nns,3.8475629011,4.2935679789,0.8090,0.8290
7np5,2.0719778088,4.4370755568,0.8337,0.8537
7np6,3.5223822390,3.3357279171,0.7544,0.7744
7npc,3.6289034851,3.3883218322,0.7751,0.7951
7nqq,3.2914902131,2.5031129128,0.8169,0.8369
7nqw,3.4506032001,2.8876582627,0.7943,0.8143
7nr3,3.3810908425,3.8055267196,0.8129,0.8329
7nr5,2.6663412288,3.7623745939,0.7877,0.8077
7nr8,2.7144948963,2.2199271069,0.8036,0.8236
7nr9,2.4404899793,2.9350405951,0.8027,0.8227
7nvq,4.2842531467,3.6907416633,0.7667,0.7867
7nxj,2.0835829904,2.7699277415,0.7850,0.8050
7nzn,4.0176658626,2.0813572255,0.7980,0.8180
7o7j,2.7627863367,2.7217160250,0.8019,0.8219
7o7k,1.9989790086,2.5739071756,0.7877,0.8077
7oi4,3.5470158266,3.7171981187,0.8322,0.8522
7oij,3.4773891209,2.7898542533,0.7874,0.8074
7oil,3.3130590213,2.9478422587,0.7802,0.8002
7ois,3.9993529523,3.7557004609,0.7973,0.8173
7ols,3.5408776121,2.8409614100,0.8043,0.8243
7olv,2.0071029629,4.2646863605,0.7836,0.8036
7olx,2.5522591779,3.2580954490,0.7720,0.7920
7opm,2.7955583649,4.5100057323,0.7718,0.7918
7ote,3.5095437927,1.9783220692,0.7697,0.7897
7oy6,2.6739642784,2.3150671432,0.8039,0.8239
7ozb,2.8945408309,3.1623763119,0.7873,0.8073
7ozf,3.7127564001,4.8867102824,0.7959,0.8159
7ozx,3.8575924287,2.6375913002,0.7663,0.7863
7ozy,3.1628311550,2.1969384764,0.7631,0.7831
7p1l,3.1155316376,1.5388656082,0.7514,0.7714
7por,2.3989163256,2.3161462611,0.7607,0.7807
7pqv,2.8528401571,3.5277404301,0.8208,0.8408
7prw,2.5695073633,2.5250535111,0.8144,0.8344
7pue,3.5115181887,3.0538105006,0.7887,0.8087
7pus,3.0775545097,5.0361842413,0.7944,0.8144
7q8y,2.8933262264,4.8685166738,0.8061,0.8261
7q8z,3.1434666680,3.0132992820,0.8001,0.8201
7q90,3.5502938492,2.6421540248,0.7699,0.7899
7qaa,3.1319744034,3.7281056432,0.7959,0.8159
7qb1,2.5563825202,3.4989475539,0.8167,0.8367
7qfm,2.0369321750,2.6574797365,0.7631,0.7831
7qgc,3.3096179421,3.0760030086,0.8186,0.8386
7qge,3.0939799970,2.0008958472,0.7608,0.7808
7qgp,2.6022381047,3.1102392432,0.7776,0.7976
7qhg,3.0770490488,1.9844814977,0.7870,0.8070
7qp4,3.3177857978,4.8501870921,0.8247,0.8447
7qr9,3.3391858008,2.7277630557,0.7899,0.8099
7que,2.6235275248,4.7525195647,0.8113,0.8313
7quf,3.0946876025,3.0014828157,0.7915,0.8115
7qvj,2.9597411315,2.4254672746,0.7986,0.8186
7qvl,2.7405701969,4.3206463779,0.8181,0.8381
7r62,2.9439311809,2.7696269731,0.7634,0.7834
7r9l,3.6675080637,3.6177693518,0.7991,0.8191
7r9n,2.8660098822,3.0220499424,0.8172,0.8372
7r9p,2.7170477880,3.6696046418,0.8088,0.8288
7r9t,2.6442132814,2.5218141679,0.8009,0.8209
7rec,2.9527266467,2.8720197224,0.8102,0.8302
7rio,3.2149504270,2.4668512995,0.7559,0.7759
7riv,2.4050116209,3.0707101057,0.7551,0.7751
7rj6,3.3789316539,2.6243290639,0.8032,0.8232
7rj7,3.3472319058,4.2828944551,0.7918,0.8118
7rle,4.6580832623,5.4862455466,0.7725,0.7925
7rn6,3.9598989653,4.0121928277,0.7563,0.7763
7rnm,3.4721067373,2.5197208729,0.7963,0.8163
7rrx,3.4963673334,2.4586158076,0.7685,0.7885
7rry,2.9522665413,2.4899205834,0.8272,0.8472
7rrz,2.2083628939,4.3331270026,0.7874,0.8074
7rs0,2.5129625102,3.1878312367,0.8247,0.8447
7rs1,2.7895574380,2.5862955633,0.7680,0.7880
7rs2,2.4455829735,1.4879775329,0.8179,0.8379
7rs4,3.1524355821,2.2626335718,0.8073,0.8273
7rs7,3.2426675342,4.6484688086,0.8044,0.8244
7rs9,3.0112011059,3.8917557307,0.7917,0.8117
7rwf,2.9160103682,4.2937802795,0.7984,0.8184
7rxo,3.4241044278,3.4772949415,0.7833,0.8033
7s25,3.3823429846,3.7042440009,0.7827,0.8027
7s4t,2.9486905757,2.9328747042,0.7933,0.8133
7s6u,2.5974275749,2.2463099639,0.8195,0.8395
7s6v,3.2990904798,3.3082295802,0.7680,0.7880
7s7a,3.3029149770,2.2897253326,0.7828,0.8028
7s84,3.0102700247,2.3223293069,0.7716,0.7916
7s85,3.2698437693,2.1858147037,0.7869,0.8069
7s9x,2.1793324455,2.7384226900,0.7684,0.7884
7siu,2.7942320121,1.4886818519,0.7878,0.8078
7sj3,3.0870882711,3.2451285636,0.7506,0.7706
7ssb,4.2511561474,3.5461694013,0.7920,0.8120
7suh,3.4324979759,2.5882629748,0.8256,0.8456
7sui,2.4621893278,2.2831251104,0.8137,0.8337
7suj,3.2206479173,2.7084442439,0.7787,0.7987
7sza,3.3502413912,1.8819152613,0.7850,0.8050
7szc,3.2238913914,3.8709576363,0.8093,0.8293
7szd,3.5106385010,3.8173581760,0.7693,0.7893
7t0p,3.7931944553,2.4657966527,0.7939,0.8139
7t1t,3.8481762589,3.2658922116,0.7902,0.8102
7t78,2.6877617274,3.2624092537,0.7711,0.7911
7t79,2.5019395541,2.3915533654,0.7497,0.7697
7te7,2.9110608282,2.2153478152,0.7700,0.7900
7trb,3.1602638973,2.6688733989,0.7697,0.7897
7tt8,2.6885154246,1.7354667859,0.8258,0.8458
7udp,3.1341028256,3.1546549212,0.8099,0.8299
7uex,2.6606173636,3.0366090537,0.8165,0.8365
7uj7,3.1416220892,1.4772447914,0.8267,0.8467
7uj8,4.4354000808,2.6784539424,0.8017,0.8217
7ujf,3.2459303681,2.1403523761,0.8011,0.8211
7ujm,2.5036604814,3.2542516013,0.7761,0.7961
7ujo,3.6329960244,2.8565502147,0.7643,0.7843
7ukz,2.0913443284,4.8874765005,0.7793,0.7993
7ul4,3.0580036074,3.0764984918,0.7782,0.7982
7uy3,3.0452918493,4.3192802512,0.7728,0.7928
7v3r,3.0480750207,2.0261221164,0.8089,0.8289
7v3s,3.6966443786,3.4611653237,0.7927,0.8127
7vbt,3.8708603208,2.9755574579,0.7974,0.8174
7vbv,3.3408071715,3.5267971894,0.8098,0.8298
7vbx,2.9362526090,4.9593296981,0.7780,0.7980
7vdh,3.0415686958,4.2720724531,0.7926,0.8126
7vdq,3.6916662556,2.2186769477,0.7955,0.8155
7vdu,3.6360755447,3.0841988264,0.8038,0.8238
7vig,2.7947075854,2.7302155607,0.7690,0.7890
7vkn,2.6890932267,2.8317379378,0.7702,0.7902
7vra,3.4430082284,4.8894152750,0.7811,0.8011
7vto,2.9834127766,3.4529785245,0.7788,0.7988
7vue,3.5757902667,4.2046162477,0.7894,0.8094
7w3p,3.1917801785,3.2964932645,0.7660,0.7860
7w3q,2.9870016018,4.1128359642,0.7800,0.8000
7w5o,2.8969248912,2.4429855864,0.7939,0.8139
7w7x,3.0713056914,3.8491350438,0.7576,0.7776
7w7y,3.0405927352,1.9900011553,0.7607,0.7807
7wf5,2.8903045552,2.8548097782,0.7734,0.7934
7wlx,3.0258901347,5.7121130362,0.8340,0.8540
7wmg,3.0312317825,2.8384387701,0.8005,0.8205
7wmh,3.2362680051,1.6989981931,0.8027,0.8227
7wmj,3.5861176559,3.0736961550,0.7607,0.7807
7wml,3.1472263158,2.3126243621,0.7713,0.7913
7wmn,3.5586135612,3.9009150146,0.8166,0.8366
7wmo,2.0888039892,2.3522224857,0.8055,0.8255
7xbi,2.3965815912,4.0406763475,0.7707,0.7907
7xc1,2.0953842111,2.0446011282,0.7860,0.8060
7xhy,3.4466528029,3.5286942935,0.8145,0.8345
7xmk,2.9076163511,3.5535444654,0.8181,0.8381
7y1g,3.5801382292,2.3577784592,0.8162,0.8362
7y4t,3.1437529878,2.5176584499,0.7778,0.7978
7y4u,2.6969231622,3.3509047198,0.8177,0.8377
7y8f,3.2199589243,2.8859383509,0.7972,0.8172
7y8g,2.4797500912,3.9181785991,0.8133,0.8333
7ydx,3.3359638085,2.7891763295,0.7486,0.7686
7z4v,3.3043239344,2.9971006422,0.7996,0.8196
7z5w,2.7100137072,2.7823628975,0.7758,0.7958
7z5x,3.9485193437,4.1933823971,0.7721,0.7921
7zho,3.2303937699,3.0695109835,0.8232,0.8432
7zun,2.8914551896,4.5849868392,0.7915,0.8115
7zy0,4.1928627756,2.7685530230,0.7970,0.8170
7zyd,3.0370795101,2.5226276840,0.7690,0.7890
7zyk,2.9381142982,2.5219911786,0.7948,0.8148
7zyr,3.5680381289,3.8444506052,0.7984,0.8184
8a5j,4.0969050618,2.3773715823,0.7935,0.8135
8a66,3.2135658065,3.4068870736,0.7956,0.8156
8aau,3.7974525726,1.7124395657,0.7914,0.8114
8ae7,3.4750060746,3.8078005632,0.7802,0.8002
8aec,4.0084604873,3.8009947248,0.7822,0.8022
8aek,2.9393010785,4.0154994356,0.7919,0.8119
8an8,4.0320387148,3.1054807530,0.8135,0.8335
8ans,2.0790909606,2.5923311806,0.8045,0.8245
8ayn,3.2969708395,4.0735215506,0.7894,0.8094
8b54,2.9233970831,2.8305847316,0.7775,0.7975
8b8x,3.0743894100,2.2838979834,0.8023,0.8223
8b8z,3.0385646200,4.2645717322,0.7847,0.8047
8b90,2.5297077525,3.0545181769,0.7699,0.7899
8b9e,2.7163668284,2.3802398841,0.8194,0.8394
8ba2,2.8358226932,2.3730818728,0.8038,0.8238
8bab,4.0600911118,2.9194968099,0.7853,0.8053
8bem,2.3987576701,2.3603197881,0.7734,0.7934
8bf2,2.7187413513,3.2883743092,0.7847,0.8047
8bff,2.8381496122,1.7870064417,0.8061,0.8261
8bfv,3.6700679549,4.3398542544,0.7896,0.8096
8bjt,3.7887781610,5.0446636219,0.8343,0.8543
8bod,2.7441949157,2.9474551707,0.8333,0.8533
8bof,2.8002441696,3.7785174867,0.8371,0.8571
8bog,4.1190482928,2.9785922899,0.7902,0.8102
8boh,3.1100194953,2.9273490938,0.7989,0.8189
8boi,2.9009395768,3.4938524631,0.8006,0.8206
8bok,2.9910384130,2.0869443335,0.7968,0.8168
8bom,3.7426607763,3.1877168360,0.8270,0.8470
8c7x,3.2373697291,3.6681463123,0.7968,0.8168
8cur,2.0160928677,3.7242371826,0.8103,0.8303
8d6c,3.1643417915,3.2203856095,0.8106,0.8306
8d6d,2.2115380687,2.5819491872,0.7785,0.7985
8d6e,3.2316867895,3.2708594080,0.7764,0.7964
8d73,3.6250372951,2.3432611277,0.8239,0.8439
8d76,3.4284758649,2.7671494356,0.7834,0.8034
8dsy,2.8583946734,2.2146068030,0.8352,0.8552
8dsz,2.7836728654,3.5898434638,0.7915,0.8115
8du6,3.1760048209,3.3182743711,0.8108,0.8308
8du8,2.9435518059,2.8101607353,0.8059,0.8259
8du9,2.9122904921,3.2998336986,0.7627,0.7827
8dub,3.0140470611,2.4383927963,0.7768,0.7968
8duc,3.1503839480,3.6241376172,0.7916,0.8116
8dud,3.5285308848,3.3556275669,0.7797,0.7997
8dug,2.4104127562,3.3117208950,0.7939,0.8139
8duh,2.9318610606,3.0985484946,0.7954,0.8154
8dui,2.9284821518,3.4166115734,0.7892,0.8092
8dus,3.5907142515,1.8573005175,0.7888,0.8088
8dv5,3.2279094001,2.2073072026,0.7837,0.8037
8dv7,3.3932451985,2.3493959148,0.7833,0.8033
8dv8,3.0933393753,3.7285981793,0.8098,0.8298
8dvb,2.5807105782,3.6183094683,0.7827,0.8027
8e1x,4.0265387091,3.0906161321,0.7876,0.8076
8e80,3.6484051958,3.5042478845,0.8167,0.8367
8e81,2.7224275254,3.1921754164,0.7902,0.8102
8eq5,2.9247521697,1.6073384735,0.7889,0.8089
8ev1,3.3462575479,2.7133971672,0.7939,0.8139
8f7p,2.8253885554,3.5445444397,0.7905,0.8105
8fav,2.8027538922,2.4527274906,0.7960,0.8160
8fb1,3.8928768008,2.3597005951,0.8226,0.8426
8fb2,2.5657580101,2.3016388237,0.8091,0.8291
8fjz,3.8187560016,4.4852488695,0.7812,0.8012
8fko,2.4999817552,2.1980060699,0.7937,0.8137
8flv,3.6063620448,4.7495095144,0.7917,0.8117
8fp3,4.1487636611,3.3618469626,0.7855,0.8055
8fpe,3.5784570618,2.7871581283,0.7889,0.8089
8gvj,2.5489756884,3.7435298614,0.7830,0.8030
8h6p,3.2674456653,2.0674118498,0.7882,0.8082
8h6t,3.2493834394,3.8331929829,0.7719,0.7919
8hdo,3.6326085848,3.4943813155,0.7728,0.7928
8hmu,3.9346766447,3.4949920849,0.7786,0.7986
