pdb id,pose rmsd,pocket rmsd,qs score,lddt-pli,index,rank
5r91,2.6198490706,0.5190425914,0.9434,0.9634,2,4
5r98,2.1191367405,0.6861032129,0.9672,0.9872,3,6
5r9a,2.3052668482,0.3933188554,0.9596,0.9796,5,6
5r9b,2.2154283031,0.4780430443,0.9762,0.9962,3,4
5r9c,2.1933814632,1.0547982672,0.9366,0.9566,5,6
5r9f,2.4777034181,0.6565499779,0.9503,0.9703,0,6
5r9g,2.1508263755,0.6491739181,0.9512,0.9712,8,7
5r9j,2.6298785688,0.6472692009,0.9859,1.0000,5,4
5r9p,2.7605761198,0.6320875868,0.9483,0.9683,4,6
5r9s,2.8688589134,0.6084678455,0.9511,0.9711,1,1
5sav,3.0827199271,0.3639846896,0.9446,0.9646,0,7
5saw,2.3576881810,0.5379943031,0.9213,0.9413,6,4
5saz,3.3427591594,0.5165808356,0.9607,0.9807,2,9
5sb0,1.9850509016,0.4318246646,1.0000,1.0000,1,1
5sb1,2.8225645286,0.5919640204,0.9241,0.9441,0,6
5sb2,1.9843817571,0.5169366386,0.9814,1.0000,0,8
5zjy,3.1463523946,0.4186640502,0.9835,1.0000,0,6
5zjz,2.9152585063,0.6629689520,0.9670,0.9870,0,8
5zk5,2.8419121271,0.8291190958,0.9824,1.0000,0,2
5zk7,2.1748332150,0.7925255297,0.9802,1.0000,5,5
5zk9,2.6626038315,0.5868495502,0.9394,0.9594,0,1
5zlf,2.6107357413,0.6206202008,0.9721,0.9921,2,7
5zml,2.5601540374,0.7030023490,0.9502,0.9702,0,1
5zr3,2.6750159080,0.5485730288,0.9686,0.9886,2,9
5zxk,2.7598744551,0.4550890501,0.9365,0.9565,0,1
6a1c,2.4218183710,0.5310115662,0.9552,0.9752,7,5
6a6k,2.3947501695,0.5265183209,0.9735,0.9935,2,1
6a73,2.7167749160,0.5330825997,0.9470,0.9670,0,8
6agt,2.0095094791,0.5095328590,0.9113,0.9313,14,8
6ahs,2.6114879396,0.6300535777,0.9805,1.0000,0,1
6bqd,3.2310279381,0.5063517861,0.9672,0.9872,0,1
6c85,2.7036843510,0.7039852260,0.9709,0.9909,1,2
6cjj,3.1245627725,0.5102080355,0.9295,0.9495,3,3
6cjp,2.7181141686,0.4946206671,0.9233,0.9433,1,1
6cjr,3.1914176868,0.4826580691,0.9536,0.9736,1,8
6cjs,2.6802023188,0.4185484852,0.9604,0.9804,0,1
6cyg,3.3430670915,0.6664821166,0.9462,0.9662,2,1
6cyh,2.9367219408,0.6397814901,0.9854,1.0000,2,5
6d07,2.7831183035,0.6577525250,0.9426,0.9626,0,9
6d08,2.6058118575,0.7746789121,0.9666,0.9866,5,10
6d3y,2.0802514055,0.7296410022,0.9591,0.9791,0,1
6d40,2.3159943035,0.5281563062,0.9781,0.9981,1,4
6dyz,2.8425776201,0.9906689730,0.9547,0.9747,1,1
6dz2,2.1972258995,0.9049236453,0.9681,0.9881,0,6
6dz3,2.3774588274,0.5152943702,0.9855,1.0000,8,9
6e3m,2.8309782051,0.4704961172,0.9745,0.9945,1,6
6e3n,2.5440532548,0.6592390923,0.9385,0.9585,1,5
6e3o,2.6702850792,0.4693306103,0.9678,0.9878,1,2
6e3p,2.8818854372,0.5893367281,0.9335,0.9535,1,8
6e3z,2.9292167618,0.5548274307,0.9778,0.9978,0,9
6e4c,2.6594461613,0.9099520342,0.9195,0.9395,0,9
6e4v,2.7678683688,0.4656617503,0.9578,0.9778,0,10
6e6j,2.7726309335,0.6374095426,0.9719,0.9919,2,8
6e6v,3.1339831208,0.6297472789,0.9828,1.0000,0,1
6e6w,2.7142316501,0.5635760515,0.9394,0.9594,0,4
6eeb,2.6408311535,0.4231598699,0.9289,0.9489,2,4
6fcj,3.1048057321,0.8367221021,0.9570,0.9770,0,2
6fe5,2.8139965291,0.4286547873,0.9551,0.9751,3,10
6ffe,2.5138846098,0.5298926890,0.9669,0.9869,4,10
6fff,2.6686639041,0.7354588400,0.9761,0.9961,0,9
6ffg,2.5660385584,0.7879232666,0.9668,0.9868,1,9
6ftf,2.8135047515,0.6951543136,0.9967,1.0000,4,2
6g24,3.3797502281,0.6039703179,0.9620,0.9820,0,10
6g25,2.7614476377,0.4631108042,0.9838,1.0000,0,8
6g27,2.7188234048,0.4136374549,0.9665,0.9865,0,8
6g29,3.7719199388,0.6621764668,0.9193,0.9393,0,1
6g2b,2.4471863631,0.7640317542,0.9323,0.9523,0,3
6g2c,2.4814197042,0.3171989048,0.9870,1.0000,0,9
6g2e,3.3051570181,0.6286925153,0.9755,0.9955,0,9
6g2f,3.0176718856,0.5999221270,0.9649,0.9849,0,5
6g2o,3.6581795343,0.5205325846,0.9361,0.9561,0,1
6g3c,2.3062404831,0.4526711557,0.9570,0.9770,11,8
6g5u,2.7707708416,0.5462060831,0.9485,0.9685,0,9
6g9f,3.8822470609,0.7393284464,0.9598,0.9798,0,3
6gbw,2.7849285078,0.6408481700,0.9485,0.9685,0,2
6gdy,2.3966888797,0.6379751889,0.9416,0.9616,12,9
6gga,2.8810635522,0.5064124650,0.9594,0.9794,3,1
6ggb,3.0931517447,0.3210764634,0.9461,0.9661,5,7
6ggd,2.0098616629,0.7299632217,0.9427,0.9627,0,1
6gge,2.9631592464,0.3937108948,0.9435,0.9635,2,9
6ggf,3.0995784498,0.6472733614,0.9652,0.9852,1,3
6gj5,2.1544986228,0.6849471733,0.9685,0.9885,0,9
6gj6,2.3200163669,0.5321243201,0.9660,0.9860,1,4
6gj7,2.7154464917,0.4460492209,0.9604,0.9804,2,8
6gj8,3.1083298847,0.8301908574,0.9525,0.9725,0,6
6gwe,2.4078316322,0.4694451583,0.9687,0.9887,8,1
6gzy,2.1312488168,0.5754248698,0.9684,0.9884,0,8
6h12,1.9799090927,0.7173470026,0.9451,0.9651,13,8
6h13,1.8883125451,0.7023031074,0.9525,0.9725,6,6
6h14,2.6531119279,0.7170285348,0.9787,0.9987,5,4
6h7d,2.3254380955,0.5037695254,0.9410,0.9610,4,6
6hbn,2.0914066302,0.7038820368,0.9580,0.9780,6,4
6hhg,3.4133547100,0.5047373813,0.9674,0.9874,0,8
6hhh,2.7867631475,0.7609685476,0.9743,0.9943,0,1
6hhi,2.4799056748,0.3887433419,0.9591,0.9791,0,9
6hhj,3.6576074013,0.2995203360,0.9325,0.9525,0,10
6hhp,3.3625705838,0.5686070136,0.9843,1.0000,2,9
6hhr,3.3440491308,0.8001948457,0.9381,0.9581,1,5
6hj2,1.8009194518,0.6920043193,0.9311,0.9511,1,3
6hlb,2.9902048685,0.8700271501,0.9531,0.9731,1,4
6hld,2.4290655307,0.6629249443,0.9501,0.9701,0,9
6hle,2.4983220870,0.8092903222,0.9468,0.9668,10,5
6hmt,2.5343469143,0.3552352989,0.9396,0.9596,0,1
6hop,2.2055313094,0.5268461235,0.9752,0.9952,3,9
6hoq,2.6487060780,0.8309792398,0.9466,0.9666,2,2
6hor,2.3275717609,1.3064700720,0.9749,0.9949,3,10
6hot,2.1665019209,0.6510775988,0.9610,0.9810,3,1
6hou,2.4781993818,0.4669478533,0.9497,0.9697,0,3
6hv2,2.9446771802,0.4230477425,0.9307,0.9507,4,9
6hza,2.4067059838,0.6106928992,0.9386,0.9586,1,7
6hzb,2.3419214590,1.0327272546,0.9922,1.0000,6,10
6hzc,2.2122387476,0.5685612468,0.9935,1.0000,8,5
6hzd,2.6914068301,0.4868110995,0.9516,0.9716,7,4
6i61,2.3947173147,0.5675813303,0.9424,0.9624,1,7
6i62,3.1346250632,0.5778724963,0.9589,0.9789,0,7
6i63,3.5109016714,0.6303466487,0.9771,0.9971,0,8
6i64,2.8148257434,0.6723003748,0.9579,0.9779,3,10
6i65,3.0988742835,0.3266688010,0.9595,0.9795,0,1
6i66,2.6892508380,0.8881040879,0.9583,0.9783,2,7
6i67,3.4248624767,0.3079670744,0.9320,0.9520,2,6
6i74,3.1608804243,1.0841009030,0.9460,0.9660,0,2
6i75,3.2692798015,0.6266488846,0.9691,0.9891,0,6
6i76,2.8191985874,0.7030071029,0.9629,0.9829,0,2
6i77,3.4900313973,0.6245832447,0.9604,0.9804,0,1
6i78,3.0279790267,0.6712751657,0.9461,0.9661,0,3
6i8m,2.3214061407,0.6005140920,0.9658,0.9858,0,9
6i8t,2.4606347310,0.7038494493,0.9662,0.9862,0,1
6i9a,2.5470566652,0.6240548760,0.9257,0.9457,6,10
6ibx,2.7228936967,0.4838444190,0.9585,0.9785,4,9
6iby,2.6698247189,0.5433769456,0.9253,0.9453,3,3
6ibz,2.8621806064,0.4002786283,0.9686,0.9886,0,1
6ic0,2.1691347659,0.6941682286,0.9421,0.9621,1,4
6inz,2.4211986239,0.6075686781,0.9908,1.0000,2,4
6izq,2.5272614638,0.7144220631,0.9623,0.9823,0,3
6j06,2.1339243629,0.5135098541,0.9563,0.9763,11,6
6j9w,3.3313069642,0.4999735741,0.9483,0.9683,0,7
6j9y,2.7979151989,0.6063301267,0.9562,0.9762,1,6
6jad,2.7378861940,0.5934514089,0.9744,0.9944,0,2
6jag,2.5497138585,0.5695069140,0.9362,0.9562,1,7
6jam,2.3755977188,0.6075837312,0.9331,0.9531,2,9
6jan,2.2991260889,0.8017669424,0.9550,0.9750,4,4
6jao,2.7609607670,0.6876239087,0.9889,1.0000,0,7
6jap,2.4241003544,0.4867437179,0.9707,0.9907,1,7
6jaq,2.8426117589,0.9701733814,0.9195,0.9395,1,5
6jb0,2.7713936762,0.4017244632,0.9565,0.9765,0,7
6jb4,2.5883360068,0.4668076479,0.9873,1.0000,3,1
6jbb,3.1824267398,0.8410992332,0.9546,0.9746,1,2
6jbe,2.3839410291,0.5799843621,0.9752,0.9952,5,7
6jib,2.3494311401,0.6450346867,0.9730,0.9930,0,2
6jid,2.5555654103,0.6730187992,0.9645,0.9845,2,5
6jlr,3.2191306012,0.5126806930,0.9396,0.9596,0,9
6jmf,2.3538047748,0.9799732068,0.9623,0.9823,0,8
6jon,3.1132387588,0.5109595070,0.9466,0.9666,2,10
6jpe,2.5837252868,0.4924464571,0.9644,0.9844,0,4
6jrj,4.1626854571,0.5196161380,0.9738,0.9938,0,8
6jrx,3.2766371879,0.7283819438,0.9561,0.9761,0,8
6jse,1.9418427705,0.4641391970,0.9739,0.9939,2,4
6jsf,2.2392430856,0.5635515378,0.9681,0.9881,4,8
6jsg,2.6159369863,0.7714596703,0.9795,0.9995,4,4
6jsn,2.4061496960,0.6688549431,0.9647,0.9847,1,1
6jsz,2.6263489315,0.5581329630,1.0000,1.0000,1,3
6jt3,2.8882047221,0.8912465928,0.9557,0.9757,3,7
6jut,3.4345360328,0.6415336744,0.9551,0.9751,0,5
6juu,3.7187802124,0.7050187852,0.9766,0.9966,0,10
6jux,3.5058202369,0.4546395418,0.9900,1.0000,1,9
6jwa,2.7364593586,0.3959912174,0.9581,0.9781,4,8
6k04,3.1197210280,0.7336403108,0.9679,0.9879,0,9
6k05,2.6524300717,0.7520149620,0.9761,0.9961,0,5
6k1s,2.7523158222,0.5675742742,0.9508,0.9708,3,1
6k3l,2.8500939939,0.5754974707,0.9409,0.9609,0,1
6k9g,2.7281197684,0.4428944452,0.9456,0.9656,3,4
6k9h,2.4614749002,0.4108620382,0.9748,0.9948,1,5
6k9m,2.7621267473,0.6615860417,0.9671,0.9871,0,5
6kjd,2.3212611494,0.6455340220,0.9785,0.9985,3,3
6kjf,3.0782760300,0.5394485315,0.9716,0.9916,0,6
6knr,2.7951536446,0.4351072896,0.9630,0.9830,0,4
6ktn,3.0879794521,0.5300613695,0.9824,1.0000,0,8
6kxx,3.2689069168,0.6210593569,0.9747,0.9947,0,10
6l37,2.5063188060,0.7866404612,0.9527,0.9727,2,2
6l88,2.9354220542,0.8444173176,0.9659,0.9859,1,10
6lil,2.3561996153,0.7288304585,0.9790,0.9990,2,4
6lin,2.3796284985,0.6278012697,0.9735,0.9935,0,7
6lio,2.0788079534,0.6482632759,0.9970,1.0000,3,2
6lit,2.5415395019,0.4796807675,0.9440,0.9640,0,10
6lvk,2.2915538424,0.8079564297,0.9368,0.9568,3,6
6lvl,2.1577374769,0.5807813750,0.9817,1.0000,0,4
6md6,2.2204475275,0.4805607646,0.9581,0.9781,2,10
6mhb,1.8125793928,0.5850322462,0.9676,0.9876,2,4
6mhc,2.6020347139,0.4842790186,0.9593,0.9793,1,8
6mhd,2.2563941555,0.5035647586,0.9358,0.9558,5,1
6mo7,3.1669099972,0.6180649735,0.9618,0.9818,1,8
6mo8,2.5010434166,0.5454023365,0.9398,0.9598,1,2
6mo9,2.3853047967,0.4647452342,0.9510,0.9710,1,9
6moa,2.3641269660,0.6042583667,0.9423,0.9623,0,2
6n0m,3.1501020937,0.5076761882,0.9898,1.0000,3,6
6n4e,2.6537948882,0.6238919044,0.9671,0.9871,1,4
6n53,2.1953234887,0.7516541398,0.9314,0.9514,2,10
6n55,2.7052087949,0.6489335656,0.9804,1.0000,6,4
6n8x,2.3141198499,0.5001593941,0.9717,0.9917,0,9
6n92,2.3949679911,0.5558941176,0.9461,0.9661,2,10
6n93,2.9033751642,0.5614731953,0.9756,0.9956,13,6
6n94,2.5488962753,0.5892148630,0.9672,0.9872,6,8
6n96,2.2061066619,0.7313321766,0.9345,0.9545,1,4
6n97,2.3172927495,0.4858675698,0.9981,1.0000,13,9
6np2,3.7612028721,0.4866907679,0.9513,0.9713,1,3
6np3,3.4991486131,0.4965447735,0.9693,0.9893,1,10
6np4,3.1357385945,0.5407944618,0.9443,0.9643,0,5
6np5,2.4319829785,0.5752097200,0.9928,1.0000,2,2
6npi,2.9713373440,0.7065751188,0.9583,0.9783,1,2
6npm,2.8026416722,0.5187700765,0.9269,0.9469,0,9
6npp,3.6349757758,0.6720613594,0.9672,0.9872,0,10
6nsv,3.0511256677,0.4535511906,0.9537,0.9737,2,2
6nt2,2.1544423979,0.5844734156,0.9743,0.9943,5,2
6nv7,2.9020756730,0.7490497442,0.9459,0.9659,2,6
6nv9,2.4580404177,0.7855564665,0.9378,0.9578,1,6
6nw3,2.4129758858,0.6305291446,0.9878,1.0000,1,8
6o0h,2.6169898951,0.5458889924,0.9667,0.9867,5,4
6o3x,2.6497443082,0.4467009420,0.9643,0.9843,1,9
6o3y,2.6210837458,0.5170848678,0.9489,0.9689,0,8
6o3z,2.3931523324,0.5575340169,0.9429,0.9629,0,1
6o5g,3.6312506714,0.6829914976,0.9516,0.9716,2,10
6o5u,3.0649622794,0.3551472650,0.9768,0.9968,1,7
6o5z,2.1612551002,0.5400754542,0.9337,0.9537,0,9
6o9b,2.2049796897,0.6299035726,0.9805,1.0000,3,6
6o9c,2.3096501104,0.5565277394,0.9391,0.9591,13,2
6obl,3.4687123702,0.6757713848,0.9888,1.0000,0,4
6od6,2.2789102762,0.6277895053,0.9735,0.9935,3,2
6oi8,2.4817287695,0.5162391932,0.9492,0.9692,1,1
6oie,2.7301086083,0.4686409357,0.9551,0.9751,3,7
6oim,3.2082986791,0.5553004617,0.9737,0.9937,1,7
6oin,3.0119442438,0.5590422179,0.9561,0.9761,2,7
6oio,3.1383851951,0.7853721673,0.9721,0.9921,0,8
6oip,1.8833122398,0.4507964078,0.9705,0.9905,3,5
6oiq,3.0644750357,0.8613848669,1.0000,1.0000,2,2
6oir,2.5005710385,0.8008806191,0.9610,0.9810,1,5
6olx,3.5990706161,0.6537093098,0.9515,0.9715,0,1
6om4,3.2199819086,0.6646292465,0.9781,0.9981,0,4
6oni,4.2501882247,0.8612451039,0.9597,0.9797,0,2
6op9,3.5928612893,0.7515513843,0.9327,0.9527,0,5
6oqi,3.1573151449,0.9164257762,0.9525,0.9725,0,7
6oqo,2.6312611670,0.8105329186,0.9589,0.9789,0,10
6os5,2.6695487237,0.4232337715,0.9627,0.9827,5,5
6os6,2.0325976740,0.5452039009,0.9642,0.9842,1,10
6ovz,3.0244394217,0.6060774546,0.9651,0.9851,1,8
6p3d,2.2339310433,0.6338281418,0.9561,0.9761,11,1
6p7g,2.5583098242,0.5244353010,0.9277,0.9477,3,4
6p8x,2.3447292592,0.5994989928,0.9539,0.9739,3,1
6p8y,2.8325680573,0.5003908837,0.9448,0.9648,1,4
6p8z,3.0235595986,0.3204458906,0.9402,0.9602,6,7
6pgo,2.4769379901,0.6977589580,0.9374,0.9574,4,9
6pgp,2.4655786238,0.3888734115,0.9333,0.9533,7,4
6pl4,2.5419970080,0.6959443931,0.9454,0.9654,0,5
6pma,3.3335256104,0.7380907199,0.9520,0.9720,0,2
6pmb,3.3748915650,0.4926403602,0.8913,0.9113,0,5
6pmc,3.3387232762,0.5147144957,0.9707,0.9907,0,7
6pme,2.0764076950,0.7462080745,1.0000,1.0000,2,1
6pnm,2.9471933116,0.5729263759,0.9968,1.0000,0,10
6pnn,2.2376705294,0.6754553005,0.9483,0.9683,2,7
6pno,2.3479745596,0.6354720359,0.9456,0.9656,0,10
6pnx,1.9801156049,0.4413901227,0.9599,0.9799,2,6
6pwz,2.4845944440,0.4280702454,0.9509,0.9709,0,5
6pya,2.3557780417,0.6301001244,0.9532,0.9732,1,8
6pyb,2.7419457444,0.6259529846,0.9887,1.0000,1,7
6pz4,2.7211640369,0.5892615837,0.9617,0.9817,4,3
6q36,2.3601106885,0.5266212671,0.9463,0.9663,2,7
6q7b,2.6920072741,0.6660319628,0.9452,0.9652,0,6
6q7c,2.6765899736,0.5291180354,0.9388,0.9588,0,9
6q7d,2.2278114964,0.7363061304,0.9770,0.9970,0,4
6q7e,2.9083891022,0.5105138620,0.9786,0.9986,0,9
6q7f,2.9459499756,0.5836305870,0.9200,0.9400,0,9
6q7g,2.5508227169,0.8779960598,0.9609,0.9809,0,1
6qdz,2.8365319492,0.6823455054,0.9408,0.9608,0,2
6qe1,2.9573999825,0.6976834702,0.9573,0.9773,0,1
6qfe,2.1592520896,0.6682180031,0.9439,0.9639,2,6
6qge,3.0275083113,0.5951678853,0.9737,0.9937,0,7
6qgf,3.6335799470,0.4607622390,0.9653,0.9853,0,8
6qi7,2.1601480855,0.8118166825,0.9360,0.9560,0,2
6qln,3.3642847693,0.7845584350,0.9659,0.9859,0,5
6qlo,2.1408357467,0.4959230629,0.9114,0.9314,1,6
6qlp,2.2910916046,0.6696341510,0.9929,1.0000,1,8
6qlq,3.0853527096,0.4806048131,0.9701,0.9901,2,3
6qlr,2.7801870413,0.3655628231,0.9555,0.9755,0,10
6qls,2.9267855136,0.5896683115,0.9299,0.9499,0,8
6qlt,2.6280991675,0.6204477085,0.9395,0.9595,0,7
6qlu,3.1706275031,0.7261132964,0.9497,0.9697,1,5
6qmr,1.9914810285,0.5913824544,0.9562,0.9762,1,6
6qmt,2.7150670507,0.5228541471,0.9410,0.9610,0,9
6qqq,2.6276556162,0.5959030386,0.9181,0.9381,0,9
6qqt,2.6336300037,0.6326470678,0.9336,0.9536,3,6
6qqu,3.1217230989,0.6293944981,0.9464,0.9664,0,6
6qqv,2.7787168519,0.5007177178,0.9512,0.9712,3,9
6qqw,3.2290892804,0.7675314915,0.9531,0.9731,1,1
6qqz,2.3472055001,0.5755260120,0.9631,0.9831,0,4
6qr0,2.8432822474,0.4394711969,0.9308,0.9508,2,3
6qr1,3.0936558659,0.6417818359,0.9439,0.9639,0,10
6qr2,2.6325065692,0.6717069591,0.9378,0.9578,1,1
6qr3,2.6030187457,0.4260135322,0.9615,0.9815,2,4
6qr4,2.8334124249,0.5513039728,0.9539,0.9739,0,10
6qr7,2.3753157674,0.5973623328,0.9625,0.9825,0,6
6qr9,3.0259697000,0.5009069326,0.9435,0.9635,0,4
6qra,2.3635573340,0.5607185338,0.9727,0.9927,1,3
6qrc,2.9339541191,0.7666449308,0.9633,0.9833,1,8
6qrd,2.5862305309,0.7491274763,0.9807,1.0000,3,3
6qre,2.9323846061,0.5532635349,0.9497,0.9697,1,3
6qrf,2.6631111025,0.6536790770,0.9562,0.9762,4,4
6qrg,2.3814113107,0.7737015040,0.9620,0.9820,1,10
6qsz,2.8307259000,0.6551064738,0.9492,0.9692,0,7
6qto,2.6120442721,0.8365622915,0.9497,0.9697,2,5
6qtq,3.1881655328,0.8481166416,0.9255,0.9455,1,9
6qtr,2.9882687823,0.5124742203,0.9881,1.0000,1,8
6qts,2.4583457695,0.7161725808,0.9847,1.0000,0,5
6qtw,2.8975391140,0.8628074773,0.9592,0.9792,3,10
6qtx,2.9858434581,0.7149634421,0.9374,0.9574,1,2
6quv,2.9716133695,0.3959425606,0.9304,0.9504,3,8
6quw,2.3370890146,0.6807644521,0.9418,0.9618,2,7
6qw8,2.7346558925,0.8790464311,0.9837,1.0000,2,2
6qwi,1.9223521970,0.5963243305,0.9863,1.0000,1,5
6qxd,2.7477364820,0.6629879957,0.9559,0.9759,3,5
6r4k,1.9665315372,0.6030845718,0.9637,0.9837,1,6
6rtn,2.0319263468,0.5012050500,0.9499,0.9699,9,7
6s07,3.0511567981,0.4899255404,0.9700,0.9900,2,5
6s55,2.8090369987,0.6088242088,0.9790,0.9990,1,1
6s56,2.7868078846,0.5657725726,0.9426,0.9626,3,9
6s57,2.4691779590,1.2111466614,0.9743,0.9943,0,1
6s9w,3.3659383386,0.6879108040,0.8994,0.9194,0,4
6s9x,3.7932025658,0.8342037135,0.9492,0.9692,0,10
6sfc,2.9361840179,0.4846536858,0.9336,0.9536,0,7
6slz,2.0599077826,0.6729960688,0.9487,0.9687,1,7
6ssb,3.2299551179,0.5099802058,0.9657,0.9857,0,3
6st3,3.2119797247,1.0346468672,0.9792,0.9992,0,8
6t1s,2.6114791713,0.3516964654,0.9645,0.9845,1,1
6t3c,3.7243550017,0.8646976571,0.9851,1.0000,0,7
6t4g,2.2157725262,0.4060907615,0.9728,0.9928,0,10
6t4i,2.7570510774,0.5909064130,0.9228,0.9428,1,8
6t4j,3.0831676898,0.6440875416,0.9428,0.9628,2,9
6t4t,2.6339226741,0.8200800274,0.9420,0.9620,2,9
6t4w,2.6437130694,0.5351691249,0.9520,0.9720,2,6
6t4x,2.5365219167,0.5488711533,0.9488,0.9688,0,3
6tdc,2.9153987730,0.6102190949,0.9652,0.9852,1,3
6te6,2.6056465060,0.6646106596,0.9232,0.9432,1,10
6tel,3.5071755572,0.5685982239,0.9812,1.0000,1,7
6ten,2.5880913231,0.5962482577,0.9715,0.9915,3,2
6tfb,2.4294292893,0.4700337292,0.9753,0.9953,4,4
6tfv,2.3672864055,0.6890641541,0.9564,0.9764,4,6
6tfz,2.0563847345,0.6448360323,0.9697,0.9897,5,8
6tg0,2.4156403316,0.4556276223,0.9715,0.9915,6,1
6tlm,2.4182148405,0.3695337953,0.9414,0.9614,0,3
6tlp,2.7561486166,0.5571362591,0.9850,1.0000,2,9
6tnb,2.9366910386,0.6672723904,0.9533,0.9733,1,5
6tnc,2.2239030603,0.4622648665,0.9673,0.9873,1,1
6tnd,3.3434029802,0.4571274062,0.9310,0.9510,0,2
6to7,2.2421355036,0.6384158855,0.9905,1.0000,7,1
6tod,2.1892005973,0.4124075607,0.9513,0.9713,23,3
6tos,1.7655814472,0.5139129145,0.9842,1.0000,19,3
6tot,2.0746131669,0.7979894520,0.9523,0.9723,11,9
6tp6,2.1882807054,0.6218742379,0.9557,0.9757,10,10
6tpa,2.7226945194,0.6653355759,0.9521,0.9721,0,3
6tq4,2.3608341246,0.7183291338,0.9658,0.9858,11,3
6tq6,2.2374622321,0.4879669379,0.9453,0.9653,0,2
6tq9,2.5108328435,0.4657539082,0.9802,1.0000,0,8
6tu9,2.5315826404,0.5250274349,0.9226,0.9426,0,9
6u0k,2.4362033879,0.6587669857,0.9261,0.9461,0,4
6ubw,3.6136941974,0.7405809465,0.9558,0.9758,1,10
6ucg,2.8044776217,0.5991509482,0.9770,0.9970,0,10
6ufn,2.5701748329,0.3861554009,0.9579,0.9779,4,9
6ufo,2.6077053662,0.4086325140,0.9428,0.9628,2,3
6uhu,2.8239289444,0.7646237487,0.9583,0.9783,1,9
6uhv,3.1197417107,0.6064289408,0.9270,0.9470,0,1
6uii,2.4090502334,0.7302259702,0.9743,0.9943,3,1
6uil,2.5804765722,0.5317321600,0.9664,0.9864,4,4
6uim,2.5947776986,1.1344363161,0.9686,0.9886,3,9
6uvp,2.4802181342,0.5364089304,0.9386,0.9586,5,1
6uvv,2.3926619927,0.5422668847,0.9716,0.9916,6,5
6uvy,2.1710664665,0.3159154373,0.9657,0.9857,10,3
6uwp,2.4668963554,0.5452392738,0.9554,0.9754,7,8
6uwv,2.4290184032,1.0727177217,0.9709,0.9909,0,6
6v37,2.6619169991,0.7990363062,0.9552,0.9752,6,4
6v5l,2.1617504282,0.7639319081,0.9660,0.9860,2,8
6v9c,3.4377373059,0.4667933081,0.9758,0.9958,1,9
6vc2,3.2262163941,0.8975873027,0.9740,0.9940,0,5
6vgh,2.5142327394,0.6655871070,0.9677,0.9877,0,3
6vif,3.1445586427,0.7178003558,0.9809,1.0000,0,7
6vns,3.8227488402,0.5783888077,0.9327,0.9527,0,8
6vnx,2.8234357746,0.8052888439,0.9588,0.9788,0,9
6vxq,2.4660206063,1.0466715243,0.9647,0.9847,2,8
6vzl,3.0131394298,0.6854602110,0.9755,0.9955,1,9
6vzm,3.5073969486,0.3699003366,0.9422,0.9622,1,1
6w06,2.2356827812,0.6593789920,0.9893,1.0000,0,1
6w39,2.9462136738,0.7118145177,0.9722,0.9922,0,6
6w3a,3.1628775399,0.6030819764,0.9591,0.9791,1,1
6w3e,3.2102474330,0.4964919590,0.9567,0.9767,0,2
6w8c,2.3411194909,0.7237007645,0.9304,0.9504,6,3
6wiw,2.5044338304,0.6744243850,0.9775,0.9975,1,5
6x3n,2.5449838461,0.5316493667,0.9667,0.9867,0,4
6xdb,2.6580641276,1.0829729027,0.9813,1.0000,0,4
6xdd,2.6302113423,0.6003063502,0.9299,0.9499,0,4
6xdf,3.1028694032,0.6238587268,0.9556,0.9756,0,1
6xe4,2.9285316333,0.7405948516,0.9607,0.9807,2,7
6xfp,2.7067699832,0.5189652187,0.9628,0.9828,6,7
6xfv,3.1099675295,0.7012759835,0.9813,1.0000,1,6
6xjk,2.9801061350,0.4611792590,0.9639,0.9839,0,2
6xlo,2.2451227817,0.6937320587,0.9717,0.9917,1,6
6xrm,3.0642635253,0.7628301958,0.9671,0.9871,2,6
6xrn,3.1085412188,1.0285351568,0.9543,0.9743,0,10
6xvj,2.6436667056,0.6897922926,0.9546,0.9746,0,10
6xvk,3.1143648802,0.6209582090,0.9733,0.9933,0,10
6y4t,3.1488177531,0.6855572316,0.9409,0.9609,2,1
6y4u,2.3940514292,0.4662813434,0.9742,0.9942,3,4
6y4v,2.8884292323,0.7005939457,0.9654,0.9854,0,9
6y4w,2.4930080252,0.3907987219,0.9361,0.9561,0,7
6y4x,2.7598605848,0.8758769290,0.9662,0.9862,7,5
6y6f,2.6055549700,0.4765645803,1.0000,1.0000,2,1
6y6v,2.7318264320,0.7495015191,0.9613,0.9813,0,4
6yat,2.8335693874,0.7495245552,1.0000,1.0000,4,6
6yg2,1.8797027041,0.5790526516,0.9398,0.9598,0,8
6yg4,2.2925987429,0.5155514810,0.9808,1.0000,0,3
6yg5,3.3158054344,0.6812999974,0.9599,0.9799,0,5
6yg6,2.1394095394,0.7568685314,0.9810,1.0000,5,1
6yg7,2.3056683556,0.5401566252,0.9557,0.9757,3,1
6yi8,2.4309869368,0.9339341282,1.0000,1.0000,3,9
6yjc,2.8755907100,0.7646559070,0.9585,0.9785,0,3
6yk7,2.2817418677,0.6342514119,0.9758,0.9958,2,6
6yll,2.5513097403,0.4358273671,1.0000,1.0000,0,5
6yoj,3.3429775960,0.4831542060,0.9475,0.9675,0,3
6ypk,3.5265006849,0.7323142508,0.9499,0.9699,0,2
6yt6,2.7542205335,0.8163036874,0.9323,0.9523,1,9
6z10,2.0443495316,0.4916032906,0.9390,0.9590,11,10
6z4b,2.2194431274,0.9932556728,0.9500,0.9700,13,5
6z4d,2.1746023177,0.8605782040,0.9441,0.9641,6,4
6z4y,2.3677753661,0.4211335971,0.9435,0.9635,5,4
6zcp,3.1077261457,0.8642491760,1.0000,1.0000,0,1
6zcq,3.9163506894,0.4996231912,0.9734,0.9934,0,5
6zcx,2.6049758195,0.9604614587,0.9236,0.9436,0,3
6zcy,2.7921357682,0.4393297756,0.9833,1.0000,0,1
6zoq,2.8870067081,0.7749606912,0.9853,1.0000,1,7
6zor,2.7798657801,0.4599731600,0.9379,0.9579,0,3
6zos,2.0909386593,0.3638103361,0.9495,0.9695,1,2
6zqs,3.6802842954,0.5120723508,0.9670,0.9870,0,8
6zwp,3.7944677390,0.4225689990,0.9514,0.9714,0,6
6zwr,3.4236430005,0.5485868290,0.9459,0.9659,1,1
6zz1,3.0909099436,0.6414553279,0.9384,0.9584,0,1
7a49,2.4085706101,0.6692147054,0.9560,0.9760,5,4
7a52,2.6524805068,0.3644702813,0.9544,0.9744,4,4
7aax,2.5958594862,0.4501096724,0.9630,0.9830,0,3
7aay,3.1110123366,1.0078516359,0.9487,0.9687,0,6
7aaz,2.6124692238,0.5234742758,0.9666,0.9866,5,3
7aei,2.8788855289,0.7113155978,0.9809,1.0000,0,2
7aem,3.4935817598,0.5172343124,0.9667,0.9867,0,3
7ahj,2.9699311342,0.4984513120,0.9666,0.9866,0,5
7ajm,2.8292538676,0.5402241022,1.0000,1.0000,0,4
7ats,2.4247164265,0.5786086642,0.9560,0.9760,0,8
7auv,2.7755217659,0.4752131168,0.9701,0.9901,1,2
7avx,3.2239643289,0.6555798580,0.9819,1.0000,0,6
7avy,2.8284501567,0.4944081401,0.9586,0.9786,2,6
7aw1,3.3298392359,0.7002023695,0.9635,0.9835,0,7
7aw2,2.8077297163,0.7815809559,0.9576,0.9776,0,5
7aw4,2.1558828956,0.8206175314,0.9271,0.9471,9,5
7awc,2.8528607762,0.4162193366,0.9817,1.0000,1,9
7axa,3.1707810506,0.6410118885,0.9562,0.9762,0,7
7axc,2.1395443709,0.7440325112,0.9693,0.9893,5,1
7axd,2.5538545609,0.3998985663,0.9426,0.9626,1,6
7axh,2.2710578160,0.7979135479,0.9628,0.9828,0,10
7axi,2.6213720828,0.7403444084,0.9549,0.9749,3,8
7ayh,3.5622023942,0.5320025222,0.9545,0.9745,0,3
7b35,3.4364629310,0.6821915615,0.9420,0.9620,1,9
7b36,2.2655322598,0.5092836932,0.9512,0.9712,1,10
7b3q,3.0845749221,0.7823304860,0.9906,1.0000,1,9
7b3t,3.2867749890,0.5041552914,0.9554,0.9754,0,6
7b3v,2.6999245936,0.6466110577,0.9316,0.9516,0,6
7b3w,2.8956576791,0.5335948005,0.9407,0.9607,1,6
7b3z,2.8238160609,0.5836015873,0.9648,0.9848,1,5
7b40,2.7226080570,0.6717916690,0.9889,1.0000,0,8
7b41,3.7082929695,0.6727649623,0.9904,1.0000,0,6
7b42,2.4333115378,0.4893073855,0.9685,0.9885,0,10
7b43,3.0649164099,0.9317894353,0.9622,0.9822,1,2
7b6f,2.5341540346,0.6191501156,0.9499,0.9699,0,6
7bcm,2.7579569271,0.4877066459,0.9840,1.0000,0,1
7bdo,3.3405867204,0.9143496103,0.9712,0.9912,0,5
7be5,3.0620880554,0.4563761816,0.9859,1.0000,0,8
7bjm,3.4349560133,0.3729100867,0.9185,0.9385,0,9
7bjo,3.5805897851,0.5988591863,0.9751,0.9951,0,10
7bjr,2.4638352442,0.5438157425,0.9714,0.9914,0,4
7bjx,3.0698047298,0.4054481938,0.9318,0.9518,1,5
7bk1,2.7999229753,0.7430862719,0.9492,0.9692,1,6
7bk2,2.8513863518,0.5848457630,0.9533,0.9733,1,2
7bk3,2.8280166740,0.5324034339,0.9694,0.9894,2,3
7bmk,2.4508726754,0.7338334792,0.9341,0.9541,3,2
7c3g,2.2899296964,0.5480153494,0.9948,1.0000,9,9
7c6q,2.9926342681,0.7915586400,0.9547,0.9747,0,10
7cbx,2.8775487748,0.6318633631,0.9124,0.9324,0,4
7chm,2.4950460390,0.7381805378,0.9698,0.9898,0,2
7chn,2.8835927601,0.6487263823,0.9608,0.9808,0,4
7cht,3.3953549093,0.6695329012,0.9602,0.9802,1,6
7cil,2.7924710257,0.5574027970,0.9891,1.0000,0,3
7cja,2.8071627853,0.4529029875,0.9790,0.9990,0,5
7clh,2.6529059069,0.3968761523,0.9481,0.9681,0,2
7cmb,3.0062089599,0.5235429855,0.9613,0.9813,0,9
7cp3,3.1168604110,0.3922344193,0.9654,0.9854,0,6
7cp4,3.1549535100,0.7523041173,0.9686,0.9886,0,8
7d42,2.9290036481,0.6281021538,0.9491,0.9691,0,3
7d57,2.6869831368,0.5068371458,0.9230,0.9430,0,8
7d5o,3.3497329078,0.8665996724,0.9747,0.9947,0,3
7dg4,2.6411491890,0.3554911051,0.9513,0.9713,0,1
7dhk,3.3050870741,0.8941856414,0.9631,0.9831,0,2
7du8,3.0195706230,0.6128858371,1.0000,1.0000,0,5
7du9,2.6358529050,0.6886463967,0.9672,0.9872,0,6
7e6t,2.7314875833,0.6454510311,0.9288,0.9488,6,6
7efq,2.3806390537,0.7529914604,0.9923,1.0000,0,2
7f3g,3.4266066893,0.5372004183,0.8967,0.9167,0,6
7f3m,2.3073022557,0.8245721323,0.9353,0.9553,1,10
7fcz,3.3489861518,0.5212890098,0.9738,0.9938,1,7
7fd0,2.7512388321,0.5361283613,0.9409,0.9609,1,8
7feh,2.8343963295,0.7239275704,0.9397,0.9597,2,8
7fic,2.6810161038,0.5974979225,0.9828,1.0000,0,8
7ju5,3.0090562157,0.3153198847,0.9561,0.9761,3,2
7ju6,2.8736066260,0.6450181560,0.9759,0.9959,1,5
7jwe,2.8485114506,0.6188355833,0.9763,0.9963,0,7
7jxx,2.3084846025,0.6117504379,0.9872,1.0000,3,10
7jxy,2.9849938503,0.5589108691,0.9411,0.9611,1,4
7jyd,3.7133577180,0.8079533184,0.9943,1.0000,0,9
7jye,3.4498771708,0.6974648499,0.9513,0.9713,0,5
7kac,2.8610264457,0.6314927022,0.9521,0.9721,1,2
7kbs,2.3698942287,0.4469105542,0.9651,0.9851,1,9
7kie,2.3631959141,0.6585358404,0.9664,0.9864,0,3
7kja,2.0814862142,0.5094822866,0.9775,0.9975,0,9
7kjs,3.3832376104,0.5984890659,0.9228,0.9428,0,6
7kx6,2.5996912384,0.6833802104,0.9326,0.9526,1,7
7kxm,3.2070611944,0.6485100637,0.9899,1.0000,0,3
7kxp,2.2926620017,0.7800854942,0.9878,1.0000,3,9
7kxz,3.0241723629,0.4521071739,0.9789,0.9989,0,2
7l25,2.5081076283,0.8765484891,0.9590,0.9790,0,10
7lot,2.6965372035,0.5238013991,0.9855,1.0000,1,9
7lqd,2.6216488542,0.7643098269,0.9484,0.9684,4,1
7lvh,2.8326548264,0.9060279781,0.9600,0.9800,0,1
7m2f,3.0264887041,0.5317809785,0.9797,0.9997,0,9
7m3f,2.3108620545,0.5932981415,0.9461,0.9661,5,9
7m3g,2.5111775852,0.7081840436,0.9534,0.9734,10,3
7mon,3.2521972486,0.5981264942,0.9403,0.9603,1,4
7n2a,1.9005016670,0.3530261565,0.9485,0.9685,0,3
7n4r,2.8676693315,0.5582389721,0.9289,0.9489,1,9
7n8t,3.4042505259,0.6981701968,0.9829,1.0000,0,8
7n91,2.4626267238,0.8327174700,0.9792,0.9992,0,9
7n93,2.8852389063,0.8164419198,0.9286,0.9486,0,10
7nec,2.4568772155,0.6151493650,0.9684,0.9884,0,1
7nh4,2.4954310778,0.9580654471,0.9637,0.9837,1,9
7nh5,2.0582987553,0.4441157867,0.9270,0.9470,0,3
7nns,2.0970683380,0.8357267817,0.9437,0.9637,7,6
7np5,4.1833832401,0.5741751826,0.9455,0.9655,0,4
7np6,2.6072830442,0.9603666116,0.9536,0.9736,0,4
7npc,2.9136745672,0.5440977449,0.9290,0.9490,0,5
7nqq,2.2724272016,0.5934537182,0.9824,1.0000,0,7
7nqw,2.9075702141,0.5990087840,1.0000,1.0000,3,2
7nr3,3.0684675828,0.4964960169,0.9646,0.9846,0,5
7nr5,2.8118593032,0.4988891252,0.9692,0.9892,1,7
7nr8,2.2800122153,0.6348878113,0.9889,1.0000,2,9
7nr9,2.4467296284,0.7882741503,0.9810,1.0000,1,10
7nvq,2.7676675383,0.8313256051,0.9598,0.9798,0,3
7nzn,2.5131260707,0.6438472668,0.9359,0.9559,0,9
7o7j,3.2885304429,0.5910080892,0.9620,0.9820,0,10
7o7k,2.3629533609,0.3964892264,0.9782,0.9982,12,9
7ols,2.6498552978,0.7946758158,0.9729,0.9929,3,7
7olv,2.8409615703,1.0535332003,0.9857,1.0000,2,5
7olx,2.5684946038,0.5425152171,0.9143,0.9343,1,1
7orf,2.1723203565,0.9081890978,0.9582,0.9782,11,1
7ote,2.3304161709,0.5607301481,0.9427,0.9627,12,4
7ovi,2.7336111116,0.5520841626,0.9360,0.9560,0,2
7ovj,3.1568937619,0.4776535381,0.9577,0.9777,0,10
7ovk,2.7878895941,0.5592799609,0.9713,0.9913,0,4
7ovl,3.6556042912,0.7244499843,0.9978,1.0000,0,5
7ovm,3.2458311195,0.6364296428,0.9752,0.9952,0,8
7ovn,3.3904349097,0.6818138282,0.9401,0.9601,0,9
7oy6,3.2569030720,0.4536830720,0.9858,1.0000,0,7
7p1l,2.9045523381,0.6500763210,0.9850,1.0000,4,2
7por,3.6424955816,0.8173939137,0.9638,0.9838,0,8
7pqv,2.1253500272,0.8176785512,0.9915,1.0000,3,8
7pue,2.9322534632,0.5848826532,0.9637,0.9837,2,7
7q8y,2.7594200884,0.8116891844,0.9782,0.9982,2,2
7q8z,2.5137010334,0.6318157553,0.9216,0.9416,3,1
7q90,2.1277773652,0.8667040617,0.9542,0.9742,0,10
7qaa,2.5343427706,0.7238805672,0.9789,0.9989,1,7
7qfm,2.9981131822,0.5528293799,0.9704,0.9904,0,3
7qgc,2.8931044876,0.5018497102,0.9938,1.0000,0,7
7qge,2.9599704851,0.8201024754,0.9924,1.0000,1,7
7qgp,2.3436726440,0.5061537356,0.9856,1.0000,0,6
7qhg,2.1399293985,0.6211176680,0.9547,0.9747,6,7
7que,3.1128156050,0.5125281969,0.9655,0.9855,0,2
7quf,3.0404938842,0.5309369954,0.9405,0.9605,0,8
7qvj,3.0850177205,0.6706231941,0.9333,0.9533,1,1
7qvl,2.8454813687,0.6830433290,0.9211,0.9411,1,2
7r62,2.9575821677,0.8573021768,0.9767,0.9967,0,4
7r9l,2.5376723282,0.6601370987,0.9400,0.9600,0,1
7r9n,2.3032721479,0.9151632165,0.9464,0.9664,0,10
7r9p,2.9533619700,0.7479486561,0.9843,1.0000,1,2
7r9t,2.3645146042,0.6091591592,0.9626,0.9826,0,1
7rio,3.1714837998,0.5617312971,0.9524,0.9724,0,7
7riv,2.8019960367,0.5038629029,0.9855,1.0000,0,4
7rj6,2.6892003899,0.5088577413,0.9398,0.9598,5,7
7rj7,2.4577620625,0.4045429712,0.9417,0.9617,3,8
7rn6,2.9793983834,0.7782631519,0.9910,1.0000,0,1
7rwf,2.5645031979,0.7159196187,0.9358,0.9558,0,6
7rxo,2.8325831491,0.6206251711,0.9276,0.9476,0,7
7s4t,3.0001328547,0.8272092854,0.9631,0.9831,0,4
7s6u,2.5419198274,0.4707040541,0.9314,0.9514,3,9
7s6v,2.7095653778,0.7689718095,0.9598,0.9798,0,5
7s7a,3.0145229812,1.2311164989,0.9929,1.0000,2,3
7s84,3.3477631923,0.4806174893,0.9491,0.9691,0,1
7s85,2.5447356238,0.4694502546,0.9481,0.9681,2,2
7s9x,3.9756093503,0.5646355062,0.9840,1.0000,0,8
7siu,2.8956862393,0.7381042284,0.9683,0.9883,1,2
7sj3,3.8233272115,0.5656780282,0.9620,0.9820,0,4
7ssb,3.6372744668,1.1446281548,0.9620,0.9820,0,10
7suh,2.9523730362,0.7295587837,0.9621,0.9821,0,1
7sui,2.9793266974,0.4084605470,0.9803,1.0000,0,1
7suj,3.0212191861,0.7062399263,0.9902,1.0000,1,7
7t0p,2.4083318717,0.6860513618,0.9847,1.0000,1,4
7t1t,2.8211570628,0.5503675403,0.9600,0.9800,1,9
7t78,2.3648025536,0.6537086820,0.9705,0.9905,4,7
7t79,2.3617331133,0.6632493999,0.9604,0.9804,3,3
7te7,3.0798943214,0.7758210247,0.9774,0.9974,0,6
7tt8,2.6065093888,0.9344676319,0.9803,1.0000,0,9
7udp,3.1655098253,0.7133918566,0.9642,0.9842,0,8
7uex,2.5149728387,0.6518720774,0.9394,0.9594,2,1
7uj8,3.3847891457,0.4343918112,0.9432,0.9632,1,3
7ul4,2.8960566698,0.4541713445,0.9584,0.9784,0,10
7up4,3.2025314713,0.5880544093,0.9307,0.9507,1,1
7up5,2.8115435943,0.4176250448,0.9506,0.9706,3,9
7up8,2.7717053095,0.4480358104,0.9484,0.9684,0,4
7uy3,2.6849501570,0.4867553756,0.9809,1.0000,2,2
7v29,2.6665370557,0.5952298614,0.9448,0.9648,1,2
7v3r,2.6256018937,0.6124522955,0.9674,0.9874,0,8
7v3s,3.2848064876,1.0937300780,0.9946,1.0000,0,9
7vbt,3.4940444675,0.3351339007,0.9723,0.9923,1,2
7vbv,1.8357321774,0.3951089159,0.9605,0.9805,8,3
7vbx,2.3430651793,0.6920223797,0.9725,0.9925,0,4
7vdu,2.4646559296,0.5664766330,0.9302,0.9502,0,2
7vjl,2.8750709747,0.5654573365,0.9464,0.9664,1,9
7vkn,2.4261998256,0.7860655053,0.9516,0.9716,0,9
7vra,2.7182672428,0.5238487662,0.9654,0.9854,0,4
7vto,2.9644618601,0.5470852992,0.9520,0.9720,1,7
7vue,3.8033674727,0.5121938322,0.9820,1.0000,0,4
7w3p,3.0884816938,0.6127577477,0.9614,0.9814,0,8
7w3q,2.8362001294,0.6056371237,0.9729,0.9929,0,10
7w5o,1.9673348090,0.4457909350,0.9584,0.9784,13,10
7w7x,2.8822899250,0.6469760708,0.9557,0.9757,0,2
7w7y,2.6177845850,0.7110771026,0.9637,0.9837,0,9
7wf5,3.0172141597,0.8221238313,0.9392,0.9592,1,6
7wlx,2.9815697436,0.5890808375,0.9492,0.9692,0,8
7wmg,2.5916841172,0.6164437280,0.9555,0.9755,0,4
7wmh,3.8232749260,0.4781462113,0.9585,0.9785,0,7
7wmj,3.2455973891,0.5607701787,0.9674,0.9874,0,1
7wml,2.2212265020,0.7105181639,0.9653,0.9853,0,3
7wmn,2.8137703177,0.3993446999,0.9687,0.9887,0,10
7wmo,3.4353281611,0.5072249731,0.9683,0.9883,0,10
7xbi,3.0949110858,0.7332397927,0.9406,0.9606,1,1
7xc1,2.3936270205,0.4215112398,0.9466,0.9666,7,2
7xhy,2.4245546077,0.6658691149,0.9293,0.9493,3,3
7xmk,2.4529378104,0.6343996954,0.9829,1.0000,2,7
7y1g,2.5624761869,0.5906861263,0.9133,0.9333,0,4
7y4t,2.8061506351,0.6349323813,0.9219,0.9419,0,9
7y4u,3.0434440057,0.4336114278,0.9929,1.0000,0,5
7ydx,2.1067323573,0.6648957775,0.9554,0.9754,2,2
7z4v,3.2835236081,0.6995069854,0.9711,0.9911,1,4
7z5w,2.8607246588,0.6325396321,0.9394,0.9594,0,6
7z5x,2.9697581627,0.8292568477,0.9461,0.9661,1,10
7zbc,2.6420398434,0.7410731032,0.9592,0.9792,4,6
7zho,2.7499274307,0.7125282802,0.9250,0.9450,5,8
7zun,3.7471093362,0.6791916810,0.9359,0.9559,0,7
7zy0,2.8935159992,0.5418712455,0.9847,1.0000,1,9
7zyd,2.7334415513,0.5656128395,0.9479,0.9679,2,5
7zyk,2.4469428163,0.5415497453,0.9563,0.9763,0,3
7zyr,2.5953810523,0.7759257640,0.9478,0.9678,3,3
8a5j,2.7592665252,0.5482284478,0.9815,1.0000,0,2
8a66,2.4637694537,0.4046943180,0.9456,0.9656,1,6
8aau,2.7150398555,0.8138595606,0.9927,1.0000,1,4
8ae7,3.0784706119,0.6579960574,0.9870,1.0000,2,2
8aec,2.1167337565,0.5230794815,0.9584,0.9784,1,4
8aek,2.3085410344,0.5303711447,0.9728,0.9928,3,5
8an8,2.3452707732,0.5629889050,0.9689,0.9889,0,10
8ans,3.0824373133,0.5774757780,0.9430,0.9630,1,10
8ao7,2.5177453129,0.4938924109,0.9419,0.9619,1,10
8aoj,2.6204116098,0.6269580591,0.9790,0.9990,0,5
8b9e,3.3013385750,0.7128264953,0.9772,0.9972,1,8
8ba2,2.1306762909,0.6877448077,0.9212,0.9412,1,9
8bab,2.3020022879,0.6838929303,0.9564,0.9764,4,1
8bf2,2.3931871127,0.6549362842,0.9208,0.9408,1,9
8bjt,2.6031687429,0.6477384317,0.9691,0.9891,1,8
8bod,2.8355302918,0.4951002155,0.9535,0.9735,0,9
8bof,3.0933277630,0.4366608099,0.9452,0.9652,0,2
8bog,3.4067022358,0.8881525539,0.9406,0.9606,0,7
8boh,3.1751603229,0.6975943527,0.9462,0.9662,0,9
8boi,3.2189668627,0.6013427501,0.9505,0.9705,0,1
8bok,2.5815864077,0.4273971358,0.9707,0.9907,0,8
8bom,3.4103957840,0.7013226751,0.9635,0.9835,0,5
8c7x,2.4394308922,0.5826052763,0.9404,0.9604,11,10
8cur,3.5607634712,0.5168123878,0.9325,0.9525,0,5
8d6c,2.2211554285,0.9112976690,0.9532,0.9732,5,8
8d6d,2.4114617252,0.5437452725,0.9512,0.9712,3,8
8d6e,1.9621291914,0.4946622334,0.9714,0.9914,9,7
8d73,2.4311358651,0.6764899928,0.9877,1.0000,2,3
8d76,2.0678803080,0.3226335912,0.9275,0.9475,6,2
8dkn,2.1313525179,0.6413792019,0.9498,0.9698,2,10
8dkv,2.1683615915,0.4344104539,0.9709,0.9909,0,8
8dsy,3.2190046911,0.5446835503,0.9497,0.9697,1,2
8dsz,3.2138800050,1.2138296075,0.9211,0.9411,0,1
8du6,3.1451686536,0.5473780527,0.9690,0.9890,0,3
8du8,2.7059518942,0.5904334184,0.9478,0.9678,1,4
8du9,3.2011280665,0.5616884924,0.9428,0.9628,1,2
8dub,3.0119036851,0.6216437050,0.9423,0.9623,1,7
8duc,2.8606799272,0.4819837496,0.9633,0.9833,0,1
8dud,2.1947756925,0.9017275609,1.0000,1.0000,0,6
8dug,2.9049389687,0.5485053890,0.9312,0.9512,0,4
8duh,2.6422728650,0.4951318460,0.9573,0.9773,0,5
8dui,3.3201214081,0.8678394940,0.9370,0.9570,0,10
8dv5,2.9608473838,0.5548435650,0.9397,0.9597,1,5
8dv7,2.7653076311,0.7996929674,0.9867,1.0000,0,9
8dv8,2.7659859230,0.6822187627,0.9775,0.9975,1,5
8dvb,2.6803727250,0.6196329113,0.9485,0.9685,1,7
8e1x,2.5957661266,0.5342455279,0.9526,0.9726,0,7
8e80,3.4001848111,0.4447603155,1.0000,1.0000,0,4
8e81,2.6290499930,0.4834151241,0.9699,0.9899,0,4
8eq5,3.8675896228,0.8187056284,0.9775,0.9975,0,1
8f7p,2.1777689916,0.7289150764,0.9845,1.0000,1,6
8fav,2.4410074038,0.8725298859,0.9619,0.9819,3,3
8fb1,1.9748313122,0.5207026421,0.9796,0.9996,1,9
8fb2,2.9968382408,0.5347970692,0.9910,1.0000,3,2
8flv,2.7352482567,0.4599137200,0.9544,0.9744,2,7
8fp3,2.9885431455,0.8989704152,0.9637,0.9837,0,4
8fpe,2.0777669980,0.4878701363,0.9398,0.9598,0,8
8gvj,2.9987177582,0.7449288884,0.9865,1.0000,0,1
8h6p,3.0308057713,0.4472067550,0.9966,1.0000,0,10
8h6t,2.7581457990,0.5312261856,0.9793,0.9993,0,9
8h7f,2.9920679464,0.8477978794,0.9386,0.9586,1,5
8h7h,2.8305916061,0.5532554003,0.9323,0.9523,1,9
