pdb_id,pose rmsd,pocket rmsd,qs score,lddt-pli,model_name
5r91,2.493454886167643,2.4480975762963544,0.9588101991520026,0.9801632532858542,seed-4073657594_sample-4
5r98,1.96446671540843,2.574167219302538,0.9574008203033713,0.9787538744372228,seed-1591099524_sample-2
5r9a,2.564535662749255,2.657535720768906,0.9702463001485924,0.9915993542824442,seed-4125789373_sample-1
5r9b,2.0819118158713406,2.4682779435125757,0.9796613325958672,1.0,seed-3664155995_sample-2
5r9c,1.9399914963659204,2.4059434362255248,0.9653005581450502,0.9866536122789018,main_model
5r9f,2.394423428641308,2.0148738372491772,0.9943499285141836,1.0,seed-3547365242_sample-1
5r9g,2.3635267640332795,2.636884588711184,0.967200751123368,0.9885538052572196,seed-4089702502_sample-2
5r9j,2.003344487703303,2.377616455754393,0.9318826237817872,0.9532356779156388,seed-140589181_sample-3
5r9p,2.396567049145414,3.18721028921922,0.9414045211604796,0.962757575294331,seed-78416187_sample-0
5r9s,1.9916651121358842,2.0180076585850872,0.9270812648594104,0.948434318993262,seed-1985510578_sample-3
5sav,2.336256006862101,2.989141739556026,0.9601043307645464,0.981457384898398,seed-4154166823_sample-4
5saw,2.496066524711354,1.6761969691991907,0.9815577143935824,1.0,seed-3405329652_sample-2
5saz,2.0603107021763054,2.255998336394825,0.9404999855588092,0.9618530396926608,seed-165785537_sample-3
5sb0,2.177789004276004,1.4560044425514744,0.93202180383733,0.9533748579711816,seed-257862879_sample-3
5sb1,2.0508897168678892,1.9431558934286115,0.935492860528458,0.9568459146623096,seed-2782832101_sample-0
5sb2,1.9880824395674488,2.292980137128118,0.9502736386929516,0.9716266928268034,seed-1293166547_sample-0
5zjy,2.393284438241494,1.5648371650552837,0.948773375446446,0.9701264295802976,main_model
5zjz,2.1687384344233545,1.7452261125745423,0.96238286755358,0.9837359216874316,seed-227158409_sample-2
5zk5,2.109626968152991,1.8405087717316608,0.9448333326434252,0.9661863867772768,seed-1841342610_sample-0
5zk7,2.106653126317512,1.7394700587473637,0.9666876886062457,0.9880407427400972,seed-2452384332_sample-0
5zk9,2.356170115366302,1.987884194782036,0.9687253657591834,0.990078419893035,seed-2732368990_sample-0
5zlf,1.8695558168879396,1.2427348326889796,0.9627229005052268,0.9840759546390784,seed-283320208_sample-3
5zml,,,,,
5zr3,2.230306191604198,2.723713853946386,0.9984287883534948,1.0,seed-302799153_sample-4
5zxk,1.9388818083903128,1.9165964550268852,0.9775220873425124,0.998875141476364,seed-3781337595_sample-3
6a1c,2.403280125670743,1.7589561140131622,0.9592507041593,0.9806037582931516,seed-533931265_sample-3
6a6k,2.361526893189301,4.219059853859563,0.9601899943788524,0.981543048512704,seed-4207353645_sample-2
6a73,2.086287118915682,1.2556971384112072,0.9749882887548504,0.996341342888702,seed-2668638979_sample-3
6agt,2.3926307291750075,1.6098638981482376,0.9218585219668188,0.9432115761006704,main_model
6ahs,2.508447719708458,4.329774006757424,0.9674988402424832,0.9888518943763348,seed-578456551_sample-3
6bqd,2.151804607036996,2.3584994976774025,0.9501166673251084,0.97146972145896,seed-2930865587_sample-1
6c85,2.254917664195183,3.594167291935629,0.9747725435248904,0.996125597658742,seed-2155189429_sample-3
6cjj,2.0667109687406744,1.1254576213203025,0.9384413950950906,0.9597944492289422,seed-1728010514_sample-3
6cjp,2.078205351283497,1.5636054199319318,0.9475362130502756,0.9688892671841272,main_model
6cjr,2.6917448674548687,1.1917145388385768,0.9540433905719276,0.9753964447057794,seed-517243958_sample-4
6cjs,2.246239807442148,2.4357483042528116,0.9583691938496436,0.979722247983495,seed-2504854663_sample-3
6cyg,2.4989842487981857,1.5421930421257617,0.9558879771778148,0.9772410313116664,seed-3921442664_sample-1
6cyh,1.8144956094861169,2.9603843355945174,0.94501167918646,0.9663647333203116,seed-170209599_sample-0
6d07,2.081112533234262,1.6513047535807726,0.953144225576543,0.9744972797103946,main_model
6d08,1.9427737953576665,2.254951286022418,0.9640134584240504,0.985366512557902,seed-1273781691_sample-0
6d3x,2.095781267936598,2.475767557772418,0.9417971504000866,0.9631502045339382,seed-71554428_sample-1
6d3y,2.5462868998752666,2.043490908775213,0.9832931592021108,1.0,seed-3122978561_sample-1
6d3z,2.450426788855415,2.3530800701298378,0.9689943770174972,0.9903474311513488,seed-1717216724_sample-4
6d40,2.1824838936857462,3.270858829475949,0.951018333125406,0.9723713872592576,seed-182011360_sample-4
6dql,2.2046744800080824,1.4592419178397464,0.970184854146446,0.9915379082802976,seed-13622881_sample-1
6dyz,1.94583430886624,1.6043982544265083,0.9465861426993576,0.9679391968332092,seed-1505208248_sample-1
6dz2,2.64837787766597,2.092928283884669,0.93088348796284,0.9522365420966916,seed-3795630489_sample-2
6dz3,,,,,
6e3m,,,,,
6e3n,2.057536898534309,1.8877390373669265,0.9594663164549192,0.9808193705887708,seed-1053293145_sample-2
6e3o,2.1711732698625257,2.2324466871083013,0.9730784635122612,0.9944315176461128,seed-4006632861_sample-3
6e3p,1.9765342387420433,2.1958940917192056,0.9711197872229764,0.992472841356828,seed-1055884082_sample-1
6e3z,2.3244073625370403,2.8364316777588376,0.9202756331114176,0.941628687245269,seed-3536441021_sample-4
6e4c,2.388574262943729,2.972818266701115,0.945493045021355,0.9668460991552066,seed-2394150341_sample-3
6e6j,1.6824693299320084,2.755486477366438,0.9041913583192488,0.9255444124531004,seed-3740224219_sample-1
6e6v,2.667673886362378,2.420983549484477,0.958518822649548,0.9798718767833996,main_model
6e6w,2.5782390407144624,2.1513312140967304,0.9280169946848512,0.9493700488187028,seed-344699463_sample-2
6eeb,1.6797447101976524,3.343285869936654,0.9513915060794168,0.9727445602132684,seed-1013443076_sample-3
6efk,1.7680301210984735,2.3175070789994168,0.9701647322297472,0.9915177863635988,seed-1940016283_sample-4
6fcj,2.217494573998657,2.5304913948593235,0.9640415728145292,0.9853946269483808,seed-3287355059_sample-4
6ffe,1.850995675001154,2.268199633932903,0.9922930251533436,1.0,main_model
6fff,2.0872132597300226,2.7764871121617793,0.9418175775262808,0.9631706316601324,main_model
6ffg,2.465194411923823,2.0926694758811286,0.956548863957762,0.9779019180916136,seed-2925505781_sample-4
6ftf,2.3920278331115323,4.118044860061995,0.989618797942147,1.0,seed-4002562055_sample-4
6g24,2.175755773565521,2.994286937482733,0.9678889852524613,0.9892420393863128,seed-1507778382_sample-2
6g25,1.801643119252381,2.2239048318904837,0.9873762350046588,1.0,seed-1898751422_sample-0
6g27,,,,,
6g29,2.364316241891544,2.9364242292838036,0.9892350909931874,1.0,seed-2225342183_sample-1
6g2b,2.492486868365696,2.188836154324642,0.9851856010441148,1.0,seed-2676684845_sample-0
6g2c,2.0935529739454104,2.683353204616195,0.9079237033652559,0.9292767574991074,seed-3051833222_sample-4
6g2e,2.11849019320491,2.5316051330627496,0.9518538472160128,0.9732069013498644,seed-1959865588_sample-0
6g2f,2.028716510328988,2.163439609436133,0.9858148279727532,1.0,seed-2796994487_sample-0
6g2o,2.107538398410111,1.7100353906046053,0.9486019735876748,0.9699550277215264,seed-3847759448_sample-2
6g3c,2.009875951056932,2.554535431743121,0.950424298740746,0.9717773528745977,seed-3443891529_sample-4
6g5u,2.395890212162552,1.8537847327848056,0.97990388701451,1.0,seed-3620591889_sample-4
6gbw,2.572287368108368,2.207440574668386,0.9666733847627264,0.9880264388965782,seed-1587019907_sample-0
6gdy,1.950939242213323,2.081606271798234,0.95620066784993,0.9775537219837817,seed-2682964221_sample-1
6gga,1.756466094341137,2.279090989445778,0.9717269667152149,0.9930800208490664,seed-2031586373_sample-2
6ggb,2.0695584792424855,3.135257059545947,0.9733822336111798,0.9947352877450314,seed-2732019208_sample-2
6ggd,2.0722490086836647,2.585669997502566,0.9355014011096936,0.9568544552435452,seed-943286960_sample-2
6gge,1.8877404561900482,2.1293099730771057,0.9656689045981616,0.9870219587320131,seed-2324507778_sample-2
6ggf,2.2132713683357426,2.1923430360374434,0.9676822787901436,0.9890353329239951,seed-3712640421_sample-0
6gj5,2.1818002294766448,2.2581425218089333,0.9611341316909044,0.982487185824756,seed-23500965_sample-3
6gj6,2.271394050766474,2.4003562166429977,0.9800299080092344,1.0,seed-2552219006_sample-2
6gj7,2.3936627185949617,2.223595129865767,0.942440890154616,0.9637939442884677,seed-2231972098_sample-1
6gj8,2.6098471298670693,2.77624692585963,0.9300364334506996,0.9513894875845512,seed-1746458425_sample-0
6gwe,2.1330896198403164,1.9706067978777,0.9689462518636788,0.9902993059975304,seed-1767801312_sample-3
6h7d,2.066275576965242,2.1976338546829775,0.9633328480340766,0.9846859021679282,seed-3092815063_sample-2
6hbn,2.304064558330188,2.5892216210455854,0.9768036020401016,0.9981566561739532,seed-267120224_sample-4
6hhr,2.3224739110258454,2.0113951844076476,0.946838949593512,0.9681920037273636,main_model
6hj2,2.1408097179099155,2.3271656850495015,0.979416941358068,1.0,main_model
6hlb,2.567688933760253,1.3666651835219616,0.9594433674590096,0.9807964215928612,seed-422397133_sample-4
6hld,2.4547266248491653,3.116738897958805,0.9941265588443764,1.0,seed-591344410_sample-2
6hop,2.050915104436868,3.1883079186622987,0.951334028686224,0.9726870828200757,seed-3215240178_sample-2
6hoq,2.146796303771252,2.574815358722969,0.9650278496432824,0.986380903777134,seed-3714484204_sample-0
6hor,2.2343608635307586,1.9808108584163109,0.944117720817864,0.9654707749517156,seed-3712747054_sample-4
6hot,2.2209168845068987,2.0832661813408575,0.9605249827906728,0.9818780369245242,seed-20802882_sample-2
6hou,1.906549941510819,3.7188029154597086,0.9495897542421632,0.9709428083760148,main_model
6hv2,1.723203130538039,1.9134386090935638,0.970985081901142,0.9923381360349935,seed-575814615_sample-3
6i41,2.461597927477808,1.7554736233272012,0.9614224564223977,0.9827755105562492,seed-3430474858_sample-0
6i5p,,,,,
6i61,2.303576731388768,1.970836575442691,0.9626581236680604,0.984011177801912,seed-1385299358_sample-0
6i62,2.1243621452287407,2.3631159221141895,0.9690013759076336,0.9903544300414852,seed-4205564159_sample-4
6i63,2.0607403861759623,3.865207154585079,0.9607396003718888,0.9820926545057403,main_model
6i64,2.171162583127437,2.0612594407929103,0.9773158091279708,0.9986688632618224,main_model
6i65,2.117061615957552,2.4361691263766736,0.9456975797766288,0.9670506339104804,main_model
6i66,,,,,
6i67,1.8885889721830191,2.128847234817374,0.967916661707582,0.9892697158414336,seed-2190709014_sample-4
6i68,2.0002079671163058,2.68044149028185,0.9672346031170944,0.988587657250946,main_model
6i74,1.7712268391921298,1.9636000763392272,0.9494306249629284,0.97078367909678,seed-76051607_sample-0
6i75,2.0729061849161257,1.9226367805502929,0.9493998296663566,0.9707528838002082,seed-1132822447_sample-0
6i76,2.2040480167683825,1.3065737342209147,0.9219608464315848,0.9433139005654364,seed-2466575890_sample-2
6i77,1.9492173996774993,2.18850418754379,0.9899685012615468,1.0,seed-2022814287_sample-2
6i78,2.180892651755175,1.9728289770684873,0.9767603192097496,0.9981133733436012,seed-4214000976_sample-0
6i7a,2.329880945205117,1.4132151029387656,0.94175396410882,0.9631070182426716,seed-1032502293_sample-1
6i8m,2.7277424283708367,3.1444403736150925,0.9886935908791816,1.0,seed-3504816509_sample-3
6i8t,2.569122104694867,2.261367568802074,0.9520064501865624,0.973359504320414,seed-1342811459_sample-0
6i9a,2.243524692251774,1.9561980102270478,0.9496235165907114,0.970976570724563,seed-3031779836_sample-1
6ibx,2.3855789662778504,2.4848206961421466,0.949480428588576,0.9708334827224276,seed-3688601930_sample-1
6ibz,2.404524296693471,2.1970443219829883,0.991727819840019,1.0,main_model
6ic0,2.117252181040373,2.6165305868547772,0.9686351857374395,0.989988239871291,seed-2946305854_sample-0
6izq,2.261131914954908,3.016555612281166,0.9772603718656652,0.9986134259995166,seed-826982661_sample-1
6j06,1.9843251982114645,1.5916777931880115,0.9685610445153796,0.9899140986492312,seed-2387485681_sample-2
6jaq,2.10342055156779,3.365724027819421,0.932757225302917,0.9541102794367686,seed-1395581115_sample-1
6jbe,2.3069481175098723,3.9200999158910808,0.9528925588376602,0.9742456129715118,seed-3905125228_sample-4
6jib,2.520929446485115,3.0621401460947455,0.9463265830422956,0.9676796371761472,main_model
6jid,,,,,
6jlr,2.064811909368001,1.8583239951395658,0.9598097286422944,0.981162782776146,seed-885379103_sample-2
6jmf,2.2313940686716682,3.160179069054162,0.9984287883534948,1.0,seed-2577839590_sample-1
6jon,1.957806358815311,2.9341158271244248,0.9694752677190552,0.9908283218529068,seed-1794946851_sample-2
6jrj,1.9176107688002644,3.173323556163649,0.9684357343744135,0.9897887885082652,seed-848412418_sample-2
6jrx,2.096840105717324,2.213050943359537,0.9278166547271276,0.9491697088609792,seed-2184245586_sample-3
6jse,2.1285284037157526,1.4224254457397014,0.9534133179847104,0.974766372118562,seed-1395533870_sample-4
6jsf,2.1308342383378145,1.8433392096249344,0.9979406336796648,1.0,seed-379742159_sample-0
6jsg,1.8809978757974584,2.518259140325046,0.9984287883534948,1.0,seed-285755141_sample-0
6jsn,2.307149096255835,2.309374486460371,0.9706633898506553,0.9920164439845068,seed-684965531_sample-3
6jsz,1.6875540768596538,1.754262828487391,0.9434543941780024,0.9648074483118542,seed-2997663818_sample-2
6jt3,2.499977490064816,1.7992427668155586,0.9278786941905468,0.9492317483243984,seed-481853300_sample-4
6jut,2.23480454154191,2.0931922582312685,0.9848137428979808,1.0,seed-1025902810_sample-2
6juu,2.902847351006444,2.274963587623939,0.9737767816958124,0.995129835829664,seed-1011822940_sample-3
6jux,2.7873772929553287,2.5545154030040305,0.9970040832713668,1.0,seed-3089221560_sample-0
6jwa,2.00866578428061,2.829622918195949,0.9381066429262728,0.9594596970601244,seed-3850896727_sample-4
6k04,2.0057773347358543,2.7917498121822835,0.965594339777652,0.9869473939115034,seed-3915139744_sample-0
6k05,2.100499812058377,1.8438376189713073,0.9456502952600878,0.9670033493939394,main_model
6k3l,,,,,
6k9g,2.438128283576028,1.508813385996991,0.9496177070853212,0.9709707612191728,seed-1594165734_sample-2
6k9h,2.089696060950584,4.48632294566625,0.9419916839157052,0.9633447380495568,seed-960023585_sample-3
6k9m,2.1935540578446404,2.3210074572197152,0.9442254209373264,0.965578475071178,main_model
6kjd,1.8883162571419525,2.745350593588497,0.9743012028689116,0.9956542570027632,seed-1071577766_sample-3
6kjf,2.1565543109532026,3.025177992388231,0.9684721673244314,0.989825221458283,seed-1530395172_sample-2
6knr,2.525499434379952,2.33726348224491,0.9928441497763216,1.0,seed-4273467275_sample-3
6ktn,2.141562786024365,2.1686072799141325,0.9656658047142648,0.9870188588481164,main_model
6kxx,2.058320012842326,2.363952786064201,0.9539829625510738,0.9753360166849254,seed-1035615882_sample-2
6l88,1.8600768636550444,2.3746513549034307,0.9611023860277312,0.9824554401615828,seed-859891434_sample-1
6lil,1.8785138359248321,2.8582817549612134,0.912621613942404,0.9339746680762556,seed-4265322935_sample-0
6lin,2.3164129089594216,2.7986054337898523,0.9494667602822005,0.970819814416052,seed-2666723959_sample-2
6lio,2.1200229528097507,2.889884160242225,0.9522255018653144,0.973578555999166,main_model
6lit,2.1823828334839215,3.5573848644288955,0.9641589674995152,0.9855120216333668,seed-1102558852_sample-2
6lvk,2.3898437774539283,1.505777783614758,0.9207136998815872,0.9420667540154388,main_model
6lvl,2.6682431686186927,2.321221638925147,0.9946066142034576,1.0,main_model
6mo7,2.082859228511245,1.789022947268475,0.9544518983138984,0.97580495244775,seed-1859279012_sample-3
6mo8,1.9470347088796225,2.490945990591494,0.96650064635302,0.9878537004868716,seed-4096325935_sample-1
6mo9,,,,,
6moa,1.9659862110557693,2.1429628000781595,0.9339560079122264,0.955309062046078,seed-3633540849_sample-2
6n0m,1.7097595856482248,2.0175641597573772,0.9881878175845608,1.0,seed-357525428_sample-2
6n4e,,,,,
6n53,2.2867820040706595,2.2513841880506344,0.9541272336029776,0.9754802877368292,seed-1562812069_sample-4
6n55,2.5758328365966126,2.6301764121411355,0.9663650809742153,0.9877181351080668,main_model
6n8x,1.5584322513563897,1.5959384957903282,0.9566217743749784,0.97797482850883,seed-973664841_sample-0
6n92,1.680861677749401,2.371569817889862,0.9459978652400725,0.967350919373924,seed-2623338447_sample-1
6n93,2.1389273133717097,2.8112037699161174,0.966539815803994,0.9878928699378456,seed-2498486573_sample-3
6n94,2.208020441321365,2.4888676718625105,0.9771006674843496,0.9984537216182012,seed-2418361602_sample-3
6n96,2.2143803522383454,1.671609477589313,0.9633227513537642,0.9846758054876158,seed-854479711_sample-3
6n97,2.1116103202043144,2.531472978919599,0.9397720669925952,0.9611251211264468,seed-3004170188_sample-1
6np2,2.418133868878065,2.7015737500912818,0.9503209311655174,0.971673985299369,seed-2715798654_sample-4
6np3,1.8768315696948281,2.352191777905862,0.9841091848954392,1.0,seed-1283050546_sample-1
6np4,,,,,
6np5,2.058424753076088,1.3885003660846622,0.9664206535743533,0.9877737077082048,seed-1031272128_sample-0
6npi,,,,,
6npm,2.409032776248284,1.7950168090839358,0.970407575198346,0.9917606293321976,seed-2775289357_sample-4
6npp,2.588967710219678,1.9458799944235956,0.9764081615052504,0.997761215639102,seed-2042122645_sample-4
6nsv,2.137833992308068,1.7183998096074764,0.9984287883534948,1.0,seed-3467064288_sample-1
6nt2,2.2742833513086795,2.3536884079364904,0.9890183032131532,1.0,seed-854368012_sample-4
6nv7,2.58109485423114,2.269698093345787,0.9662882732190976,0.9876413273529492,seed-648490817_sample-1
6nv9,2.215230639760421,2.1092538857190393,0.9565427880965928,0.9778958422304443,seed-1834778702_sample-3
6nw3,2.32011176955311,2.3522063226023193,0.9973770004863124,1.0,seed-859048208_sample-1
6o0h,2.1562005214477633,2.3537900018396325,0.9190601026840828,0.9404131568179342,seed-4035637485_sample-1
6o3x,2.26811345480462,1.8912124458268638,0.9421178420121826,0.9634708961460342,seed-1915859877_sample-0
6o3y,1.5957345501248346,1.7678470538775786,0.9372489251422812,0.9586019792761328,main_model
6o3z,2.1312294752650445,2.1902131382200416,0.9258414296694194,0.947194483803271,seed-2368053373_sample-2
6o5g,,,,,
6o5u,1.940906143285112,1.9096193544619078,0.9609985351839128,0.9823515893177646,seed-698548696_sample-2
6o5z,2.5145026994791735,2.5210850102302693,0.9136284034101244,0.934981457543976,main_model
6o9b,2.082568817302974,1.7785710748896237,0.94992094751038,0.9712740016442316,seed-1546482664_sample-1
6o9c,1.933350724876812,2.0115029592259406,0.9796081575699708,1.0,seed-606505988_sample-4
6obl,2.336557442007737,1.7935860908354022,0.959743897012671,0.9810969511465226,seed-1369510850_sample-2
6od6,3.0167006707884525,2.8501295376678253,0.9741606228014557,0.9955136769353072,seed-3424801398_sample-1
6oi8,1.7124468226479819,3.4242478926724242,0.9812552706371688,1.0,seed-783036377_sample-2
6oie,2.441209259833271,2.3978540481504624,0.9653087744167143,0.9866618285505658,seed-1790722513_sample-2
6oin,1.992739132653188,2.4953406709291657,0.980937439121094,1.0,main_model
6oio,2.21986065309602,2.3148381540875773,0.9797036387767968,1.0,seed-3331301777_sample-0
6oip,1.7715015782276864,2.490760462981881,0.9567505225095108,0.9781035766433624,seed-4058941974_sample-2
6oiq,2.0832523917252406,1.827348399296589,0.9706164743153888,0.9919695284492402,main_model
6oir,2.40861592443124,1.697599709371736,0.9555565635726296,0.9769096177064812,seed-3149986596_sample-0
6olx,2.1656656539485177,2.0385243521337353,0.9743917438434544,0.995744797977306,seed-779878164_sample-0
6op9,1.8325805553414156,1.9904424364339932,0.914603039569806,0.9359560937036576,seed-626654180_sample-1
6oqi,2.240657813353985,2.284116744018569,0.9914506181754488,1.0,seed-2349994288_sample-4
6oqo,2.1471226704141038,2.3192780221797533,0.9348885263803064,0.956241580514158,seed-2920939980_sample-1
6os5,2.1396141992388165,3.204553485873761,0.9984287883534948,1.0,seed-1146534193_sample-3
6os6,2.7331889872780444,1.6974343378321155,0.9707982057258916,0.9921512598597432,seed-127575524_sample-2
6p3d,2.352194615897225,2.132512279857267,0.9359408687303058,0.9572939228641574,seed-602052492_sample-3
6p7g,1.8735078746221445,1.8635745079985568,0.947072066065122,0.9684251201989738,seed-1333599455_sample-1
6pl4,2.3598638130748464,1.770308932477091,0.974234918263678,0.9955879723975296,seed-2722874957_sample-3
6pma,2.082497336272797,2.3376252021520996,0.9634477256787644,0.9848007798126162,seed-730652372_sample-1
6pmb,2.301143175921762,2.2886394018870626,0.9752396779949905,0.996592732128842,seed-1464796444_sample-3
6pmc,2.1121581513336345,2.183770361047327,0.9472388541985212,0.9685919083323729,seed-4247484268_sample-3
6pme,1.722581978933311,2.218880245586838,0.9853371092126972,1.0,seed-641863307_sample-3
6pnx,1.9590263174788405,1.8139326432772216,0.9836731076116746,1.0,seed-1986459559_sample-1
6pya,1.974999786211301,2.2451230478748037,0.9845034826411756,1.0,seed-512589464_sample-2
6pyb,,,,,
6pz4,2.241280047590473,1.778768966362989,0.9840984718518478,1.0,seed-910466544_sample-1
6q7b,1.986913008801116,3.0320755426756993,0.9592217889919422,0.9805748431257938,seed-1358638016_sample-0
6q7c,1.9047208496224806,3.7215557704845827,0.935913583731372,0.9572666378652236,seed-51897077_sample-2
6q7d,2.0399895387907523,1.6960776384286682,0.9394270167989882,0.9607800709328398,seed-778094297_sample-2
6q7e,1.5887066259976497,1.8039335570397437,0.9480903082112366,0.9694433623450882,seed-1431392629_sample-2
6q7f,1.9752937942558542,3.0920903123231986,0.9927322257979356,1.0,seed-3399512602_sample-3
6q7g,2.022094458755322,3.0901790347098963,0.9682185332501492,0.9895715873840006,seed-3878221319_sample-4
6qdz,2.1900400278211403,1.3397744032729149,0.9667985897743756,0.9881516439082272,seed-1458935480_sample-4
6qe1,2.1913203379938127,2.694084547277434,0.9662507259863422,0.9876037801201938,seed-211863311_sample-1
6qge,2.6099992290533423,2.847466287817754,0.9919961238429794,1.0,main_model
6qgf,2.0477055189555804,1.9886560178613912,0.9808896687686776,1.0,main_model
6qi7,2.2120917024106603,2.066881734818915,0.9803491316450588,1.0,seed-3097749567_sample-1
6qln,2.2599298339709657,1.6906876972846157,0.9663008059012936,0.9876538600351452,seed-2433545422_sample-4
6qlo,2.270970451128786,1.7021249248151018,0.9984287883534948,1.0,seed-2856894073_sample-3
6qlp,2.201310006077777,2.1649282851899248,0.934883394882284,0.9562364490161356,seed-497606994_sample-2
6qlq,2.097662679385847,3.7733345066795847,0.962570958699266,0.9839240128331176,seed-1905245485_sample-1
6qlr,1.9496350530237205,2.3610197211401958,0.9340770913758438,0.9554301455096954,main_model
6qls,2.026853413762865,2.0298891234062824,0.9473997530782194,0.968752807212071,seed-4218693358_sample-3
6qlt,2.264893811795802,2.560693019703256,0.9513455013030092,0.9726985554368608,seed-3985476710_sample-4
6qlu,1.6119958255012101,1.7539212179695538,0.937991300186612,0.9593443543204636,seed-18989793_sample-3
6qmr,2.325921051711168,1.8290361054962077,0.9465813475408824,0.967934401674734,main_model
6qmt,2.308139824797268,1.8655851015186358,0.9208006767405954,0.942153730874447,main_model
6qqq,2.219448074341312,2.2317412485086643,0.9506389859450181,0.9719920400788696,seed-4210954735_sample-4
6qqt,,,,,
6qqu,2.201244823553348,2.598280489765673,0.9753542572798196,0.9967073114136712,seed-1706819750_sample-2
6qqv,2.067507893981894,1.5709190532437758,0.9391685034402584,0.96052155757411,seed-4085652671_sample-0
6qqw,2.222400296272389,1.6324663444161305,0.9118966524795274,0.933249706613379,seed-770568963_sample-0
6qqz,2.7373586571633464,4.045059161593199,0.9469208975082526,0.9682739516421042,seed-2848172379_sample-4
6qr0,1.9666473271484697,2.446122210438,0.9561286495798572,0.9774817037137088,seed-2289905022_sample-0
6qr1,2.488915135669215,2.4656095897572556,0.957838829053506,0.9791918831873576,seed-19924675_sample-4
6qr2,2.778161481312159,2.52221493092179,0.9541272488578872,0.9754803029917388,seed-4065967164_sample-3
6qr3,2.5267767529494,2.3916420001941874,0.928355966161827,0.9497090202956786,seed-399162395_sample-3
6qr4,2.36051347995992,2.486287048753891,0.9497847364813496,0.9711377906152012,main_model
6qr7,2.4538069230316912,1.8192226631623647,0.9634036847840483,0.9847567389178998,seed-1543887069_sample-2
6qr9,2.2156492933098386,2.0001782140157167,0.9580234530984764,0.979376507232328,seed-1296539205_sample-3
6qra,2.546717472766727,2.6312072002609415,0.9719985264118802,0.9933515805457318,seed-3602685986_sample-1
6qrc,1.9985605703917744,2.1346995961463002,0.9317558750709012,0.9531089292047528,seed-2160886497_sample-2
6qrd,2.2565713935016283,1.954587329537558,0.929235530560204,0.9505885846940556,main_model
6qre,2.5127016981623083,2.8632433334949074,0.9432166477536668,0.9645697018875186,seed-97778176_sample-1
6qrf,2.204437074921252,2.755335240635319,0.9875779040837708,1.0,seed-115363662_sample-4
6qrg,2.3134210721022592,1.9260815848689432,0.9438282734731313,0.9651813276069828,seed-2049336226_sample-4
6qsz,1.9666002886478005,1.5316261344370992,0.953248806250472,0.9746018603843236,seed-2131695624_sample-0
6qtm,2.4945007853945986,1.6682014792682611,0.996767688694534,1.0,seed-2689036753_sample-0
6qto,2.1446367347896174,3.283404180057942,0.9434192374329108,0.9647722915667624,seed-2169001587_sample-4
6qtq,2.0008182837119017,2.8440697705260876,0.961003387337513,0.9823564414713646,seed-4148149248_sample-2
6qtr,1.968839376776492,1.9905079139961033,0.9793124181027366,1.0,main_model
6qts,2.188367441269495,2.397853773071125,0.9666366423627022,0.9879896964965538,main_model
6qtw,2.223439350600985,3.249280222270187,0.953920096958006,0.9752731510918576,seed-3528252022_sample-4
6qtx,2.549116217893067,1.3700245480979103,0.9434102834599136,0.9647633375937652,seed-2999528813_sample-2
6quv,2.865880872916369,1.5667992884749886,0.9836168059497168,1.0,seed-2646361434_sample-2
6quw,1.8972958909181108,1.511240729272047,0.9608756774974412,0.9822287316312928,seed-1355832162_sample-1
6qwi,2.4099752172145106,2.1422114632745095,0.9691887199911876,0.9905417741250392,main_model
6qxa,2.208721590248988,1.8176008938396728,0.9713895677791115,0.992742621912963,seed-2400315285_sample-2
6qxd,2.0348758423322435,1.7719717459408462,0.9427443556001076,0.9640974097339592,seed-1847145134_sample-0
6r4k,2.092816651403022,2.9785368012067654,0.9387539285245612,0.9601069826584128,seed-3789416183_sample-3
6rr0,2.4843727466439445,2.401926967311471,0.9913371103846562,1.0,seed-1590299832_sample-2
6ru6,,,,,
6s07,2.0632078314859887,2.04163369102925,0.9616692322854696,0.9830222864193212,seed-692798745_sample-1
6s55,1.8857757632155345,3.041751469219517,0.9448273043777912,0.9661803585116427,seed-497722480_sample-0
6s56,2.075560980835128,2.874652736551541,0.9805034674770996,1.0,main_model
6s57,2.4410051824284187,2.1592650627813534,0.9200218051426204,0.941374859276472,main_model
6sen,2.019870059321631,2.9282457830084487,0.9790801629973864,1.0,seed-3257514876_sample-3
6seo,2.0557043853445345,2.2820352932552264,0.9650697679933242,0.9864228221271758,seed-2517090853_sample-3
6sfc,2.131902198365359,2.085466724863085,0.9685330687683296,0.9898861229021813,seed-3138891879_sample-1
6slz,2.5543914739499423,2.7936083840957138,0.9509483808748144,0.972301435008666,main_model
6ssb,2.281707963448933,1.9555276744701584,0.975201495936666,0.9965545500705176,seed-1580460481_sample-2
6st3,2.296987828406815,1.5955431919012826,0.9573752436032203,0.978728297737072,main_model
6t1s,2.179067562657637,1.2912578892173272,0.9697971467954128,0.9911502009292644,seed-2126708154_sample-2
6t3c,1.884013123845021,1.9313915069593677,0.950200485448344,0.9715535395821956,seed-4268304162_sample-4
6t4g,2.2716599710875527,2.6770224509384377,0.9266954330055688,0.9480484871394202,seed-3621739572_sample-1
6t4i,2.132568417729083,2.578257971925815,0.9708984012841236,0.9922514554179752,seed-1169414139_sample-0
6t4j,2.0627562213031614,2.465846839360054,0.9689631430589484,0.9903161971928,seed-698254476_sample-1
6t4t,1.9707035370685773,2.3133234064760897,0.9861148546343348,1.0,seed-4230595289_sample-1
6t4w,1.90501398900298,2.463932835657977,0.9758734252839828,0.9972264794178344,seed-325144228_sample-0
6t4x,2.164400284450968,3.897427933971149,0.9798405689473461,1.0,seed-2876008255_sample-2
6t6a,1.7646887836455312,2.2701253376866997,0.9656034415150146,0.9869564956488662,seed-808441293_sample-3
6t8x,2.0615224668437913,2.3639769144256295,0.9984287883534948,1.0,seed-832414606_sample-0
6tdc,2.0833893268328603,3.052627853791571,0.9684858006494385,0.98983885478329,seed-2685947029_sample-4
6te6,2.3872295560049652,2.530616556779958,0.9253015099257093,0.9466545640595608,seed-550343145_sample-2
6tel,2.26826962443712,3.041753047911094,0.950033379411008,0.9713864335448597,seed-1977178124_sample-4
6ten,2.0278948271959756,1.8031075662448213,0.9852295392309754,1.0,seed-3447570381_sample-2
6tfb,1.6573900558512904,3.1528740650409377,0.9423274738731064,0.963680528006958,seed-3203281817_sample-4
6tlm,2.060416256994305,1.7076692315015156,0.9796797799827592,1.0,seed-2787979773_sample-0
6tlp,2.114344389253098,1.9285814727529125,0.9625654564841588,0.9839185106180104,seed-2731342966_sample-4
6tmp,2.9259625240468985,2.0117166111464693,0.9713086388661448,0.9926616929999964,seed-2529518583_sample-0
6tnb,2.1578713272838246,2.5688828557132526,0.951021184204872,0.9723742383387236,seed-1318783301_sample-2
6tnc,,,,,
6tnd,2.131043656513267,3.3262879499322473,0.93451061007464,0.9558636642084914,seed-726404794_sample-1
6to7,2.1552280014216407,2.069271584923129,0.9486063515999998,0.9699594057338514,seed-3571082485_sample-1
6tod,,,,,
6tos,2.421611287306613,1.9428155368307287,0.95503367211685,0.9763867262507016,seed-2515771817_sample-2
6tot,2.593013998266469,1.4691147862945002,0.9468281892418224,0.968181243375674,seed-775681625_sample-4
6tp6,2.469720264818991,2.0550537240036157,0.9689032698030936,0.9902563239369452,seed-4105704957_sample-1
6tpa,2.2061871493732825,2.0473954005223427,0.9306661628561248,0.9520192169899764,seed-3804943464_sample-0
6tq4,2.708648364200764,1.6585291461382803,0.9648259181825608,0.9861789723164124,seed-799389592_sample-1
6tq6,1.965471317140226,1.7952306172443238,0.967361285875439,0.9887143400092906,seed-2043408945_sample-3
6tq9,2.606920712002664,1.765710465555394,0.97528424591857,0.9966373000524216,seed-1153334771_sample-1
6tu9,2.508358140834014,2.011502111253057,0.9461380723817152,0.9674911265155668,seed-1279477645_sample-3
6u0k,2.0328311450733807,1.879985978658283,0.9836958041340716,1.0,seed-2171228841_sample-1
6u7c,,,,,
6ubw,1.900627896363104,1.5173421925713533,0.931366220615146,0.9527192747489976,seed-2304491599_sample-1
6ucg,1.82271121570454,2.616933051599237,0.9619493135519812,0.9833023676858328,seed-3681598894_sample-2
6ufn,2.0572429179300116,3.4767304115714546,0.9450067116475505,0.966359765781402,main_model
6ufo,2.288203476448756,2.203137819362457,0.974039074067276,0.9953921282011275,seed-1801276342_sample-4
6uhu,2.6330257470700076,2.820195010353024,0.943149687144606,0.9645027412784576,seed-480044850_sample-3
6uhv,2.479853875695885,2.697804314967705,0.958013641605846,0.9793666957396976,main_model
6uii,,,,,
6uil,2.580591149836043,1.574987027377857,0.9554803258579728,0.9768333799918244,seed-3492930207_sample-2
6uim,2.0446423860497003,2.5328595750351814,0.9086991364003338,0.9300521905341854,seed-1110014342_sample-2
6uvp,2.0604494249514103,2.0995460998419158,0.9501574536465044,0.971510507780356,main_model
6uvv,1.6727033595076375,2.1684963550083323,0.9375438059815104,0.958896860115362,main_model
6uvy,2.3386531231595318,1.9688040696072098,0.9984287883534948,1.0,seed-2717391214_sample-3
6uwp,2.370669969917301,2.2011635507425096,0.954240075302218,0.9755931294360696,main_model
6uwv,2.1541388433637483,2.5140782122556695,0.9849604759417956,1.0,seed-1479002463_sample-3
6v37,2.131737631687896,3.195640493021714,0.9848074052582924,1.0,seed-3115413465_sample-2
6v5l,2.0741886766768483,2.6664903990343833,0.9455832273106476,0.9669362814444992,main_model
6v6q,2.6065112679003937,1.6787947817980664,0.9984287883534948,1.0,seed-28411888_sample-4
6vc2,2.3998316256406707,2.8140271314353313,0.941079944314034,0.9624329984478855,seed-3245720786_sample-1
6vgh,1.6718290631101813,2.286969770016559,0.9786893300223564,1.0,seed-2657902483_sample-4
6vif,1.7113755797093484,2.2410976256742323,0.9605289436110024,0.981881997744854,seed-1478259623_sample-0
6vns,2.251879611739671,2.9846941971710352,0.9729273589361392,0.9942804130699908,seed-3164563018_sample-3
6vnx,2.375461242585153,1.664553530676947,0.96618988263955,0.9875429367734014,seed-2213788713_sample-3
6vpf,2.248101472986318,1.7729806792700822,0.9700232846766904,0.991376338810542,seed-198925282_sample-0
6vxq,2.0417494418183413,2.198679555484692,0.9667679978285088,0.9881210519623604,seed-3331431644_sample-1
6vxu,2.1322236431440755,1.7484922316755829,0.9491592610376184,0.97051231517147,seed-1219857362_sample-2
6vzl,2.1189445665190982,1.4337297327852945,0.9560000072492872,0.9773530613831388,seed-3312327265_sample-1
6vzm,2.433980706060164,2.8210246103128758,0.9779130045715498,0.9992660587054014,seed-502515677_sample-0
6w39,2.0692720140392464,2.4542932219618896,0.9731340494176643,0.994487103551516,seed-4243831437_sample-2
6w3a,2.118736296132947,2.251524337088325,0.9930371729001508,1.0,seed-3452994567_sample-3
6w3e,2.0826077615359813,1.694948014102311,0.9670612767599273,0.9884143308937788,seed-116442746_sample-1
6w8c,2.323900040574368,1.7594804623717584,0.9712563504113444,0.992609404545196,main_model
6wa2,1.920384504754216,1.656781037597486,0.9714618439793852,0.9928148981132368,seed-366368545_sample-1
6wak,2.3590723731882086,1.9031452095792767,0.9657623972659044,0.987115451399756,seed-3715125979_sample-2
6wiw,2.4335555805609026,1.7531777214535087,0.9828534752132388,1.0,seed-10426759_sample-4
6wok,2.498575969482633,2.302742460514656,0.9670568050940622,0.9884098592279138,main_model
6wxn,2.525899313882373,2.2619563878712765,0.9685100653468373,0.9898631194806888,seed-2352875743_sample-4
6x3n,1.861388951420429,1.6121373832460084,0.9612369480471988,0.9825900021810504,seed-3683232603_sample-3
6xdb,,,,,
6xdd,2.0066424684171196,2.377460363467755,0.9681717991834976,0.9895248533173492,seed-1060178106_sample-0
6xdf,2.377689701267457,2.545782472520192,0.9617345080317404,0.983087562165592,seed-828177443_sample-1
6xe4,2.626398412064015,1.943497616965434,0.9590989449106976,0.980451999044549,seed-439367422_sample-3
6xfp,2.501057844692732,1.3956458667340803,0.9953022493829252,1.0,seed-3802506053_sample-0
6xfv,2.6295157251185204,1.633129070263099,0.976264109800744,0.9976171639345957,seed-1615601479_sample-2
6xjk,1.9638609496261945,1.8778636170338476,0.9364643556718232,0.9578174098056748,main_model
6xlo,2.139205438550829,1.8129859209824553,0.9610864277848966,0.9824394819187482,seed-53840647_sample-4
6xrm,2.592119578776243,1.7751310860576237,0.9553607700657748,0.9767138241996264,seed-2152693605_sample-0
6xrn,1.7054022073036912,2.1502146861791327,0.9806079062945466,1.0,seed-374824266_sample-2
6xvj,2.2598933466712654,2.4200726951490035,0.9722198716375088,0.9935729257713604,seed-125456971_sample-4
6xvk,2.4285972347516047,1.411945219836776,0.978271931008297,0.9996249851421486,seed-2174747843_sample-3
6y4t,2.300017543622712,2.027155942608625,0.938021975272488,0.9593750294063396,seed-2961038624_sample-3
6y4u,,,,,
6y4v,2.2037729617128035,2.3545588739759995,0.9654642358513856,0.9868172899852372,seed-1117341586_sample-1
6y4w,2.1067440119834444,2.4410206972384163,0.9775471469232784,0.99890020105713,seed-1003968307_sample-3
6y4x,2.3621028896811302,2.005037040292175,0.9396717284852356,0.9610247826190872,main_model
6y6f,1.6672775623965064,3.8818728857796656,0.9348192865817228,0.9561723407155746,seed-3906997569_sample-2
6y6v,2.3562190816744697,1.7625063327769426,0.9490397832476266,0.9703928373814782,main_model
6yat,2.1542544906658465,2.975519589381089,0.94817034603926,0.9695234001731114,seed-668364713_sample-1
6ybh,2.461804428654541,3.7301384655136047,0.9616278211348376,0.982980875268689,seed-452413716_sample-1
6yg4,2.5919405557795963,2.2638573088462337,0.9430470851092658,0.9644001392431174,seed-2021535191_sample-3
6yg5,2.192720178525577,2.668401580467398,0.9695385795458944,0.990891633679746,seed-3448795478_sample-3
6yid,2.287596369532164,2.22977197842538,0.944927402424008,0.9662804565578595,seed-2274377346_sample-0
6yjc,1.8517455016227298,2.7789321753089413,0.915413820874422,0.9367668750082736,main_model
6yk1,2.103435515558451,2.207107292507893,0.9605349952365424,0.981888049370394,main_model
6yk7,2.5146839672607424,2.1371262094001224,0.9529370635127964,0.974290117646648,seed-4112101614_sample-1
6yky,2.2204649850958145,2.0399016530136556,0.9383559981014348,0.9597090522352864,seed-2089111883_sample-1
6ylc,2.154285227620796,2.5229187337361947,0.9702558293378276,0.9916088834716792,seed-3471417944_sample-0
6yll,2.456350138769751,3.3828494443821775,0.9703837750906732,0.9917368292245248,main_model
6yoj,1.9808989996941833,2.486496869398283,0.919322167915202,0.9406752220490536,seed-3327003393_sample-0
6ypk,2.0127496229471333,2.308872721818901,0.951284851394002,0.9726379055278536,seed-3378254665_sample-1
6yq1,2.0426631684578203,2.2140728755650643,0.9430396395946516,0.9643926937285032,seed-1988197242_sample-4
6yr9,2.0184783360727625,2.3035109800381766,0.9373931051972538,0.9587461593311054,main_model
6yt6,2.2247495793987886,1.844624878662645,0.9402597991061528,0.9616128532400046,seed-928126517_sample-0
6yvy,1.7986655479923839,1.8404054814299664,0.9884727070090282,1.0,seed-3605715325_sample-4
6yxv,2.275918819135091,2.1706620514296673,0.9966520949291052,1.0,main_model
6z10,2.2372993696702426,2.5069583764263608,0.9540070007185626,0.9753600548524142,main_model
6z4y,2.136181789019331,1.9321656350924328,0.9571079054301874,0.978460959564039,seed-2838173327_sample-1
6zcp,2.3570934967073516,1.9549069000266144,0.9516745602602744,0.973027614394126,seed-4043388470_sample-1
6zcq,2.216026687078954,2.1637442135457805,0.9822312583340772,1.0,seed-2640329271_sample-2
6zcx,2.442659986742611,2.673836268888062,0.9253117607712517,0.9466648149051032,seed-797504351_sample-2
6zcy,,,,,
6zfh,2.2989207368783,1.9420539809169364,0.9604000007711112,0.9817530549049628,seed-2961093710_sample-1
6zgc,2.0355219020080693,1.4195581455958308,0.9417093193334188,0.9630623734672704,seed-3803675681_sample-1
6zgv,1.742736879186372,2.3438361255600095,0.9712056603041822,0.9925587144380338,main_model
6zgw,2.196416400271913,1.8126322283545413,0.9559118986924598,0.9772649528263114,seed-2129149387_sample-1
6zgx,1.7624177468720057,2.961180263684815,0.9462574265270016,0.9676104806608532,seed-456546404_sample-0
6zgy,2.5781568403728468,3.210493363636752,0.9973466952253665,1.0,main_model
6zgz,2.039740004102205,1.6606437683972977,0.9537623751652364,0.975115429299088,seed-1460014584_sample-0
6zh0,2.327987138181729,2.150092151602638,0.9599450122367894,0.981298066370641,seed-3027291238_sample-2
6zoq,1.7978153936584291,3.8513704986045063,0.962904238724917,0.9842572928587686,main_model
6zor,2.4601726892223423,3.771660572688099,0.9458468333991576,0.9671998875330092,main_model
6zos,1.9961614648960408,1.9329916864955958,0.9323300338168689,0.9536830879507204,seed-2601202402_sample-1
6zqs,2.4161156377655226,2.973449227940786,0.9259022943851428,0.9472553485189944,main_model
6zwp,2.2369159848850666,2.5801346905117306,0.9663880318515088,0.9877410859853604,seed-2922282405_sample-3
6zwr,1.9656437383595344,2.7046487236372694,0.9783654473161164,0.999718501449968,seed-3688004211_sample-1
7a49,1.9011275103082341,2.248491947583929,0.9467210913916688,0.9680741455255204,seed-119615966_sample-2
7a52,2.59228609848754,3.052868050862622,0.9625868055928384,0.98393985972669,seed-1097637512_sample-1
7aax,2.5262708141366828,2.0420465103387824,0.9822310867832068,1.0,seed-4059741580_sample-1
7aay,2.553288007149669,2.2153053539364636,0.9588880554106588,0.9802411095445104,seed-2466957675_sample-1
7aaz,2.1143818953831772,2.676430637090374,0.9660432373207368,0.9873962914545884,seed-1594693705_sample-0
7aei,2.0950088740722332,2.340287261735086,0.9410453528880652,0.9623984070219168,seed-3866355714_sample-4
7aem,2.2740775117026395,2.486338679275401,0.9779888466974654,0.999341900831317,seed-1150138568_sample-0
7ahj,2.3927957848958323,2.4230716702904176,0.9814654229038764,1.0,seed-1346585858_sample-0
7ajm,2.645579120198639,3.0678676162750107,0.9676122836135252,0.9889653377473768,seed-3406852903_sample-0
7ats,2.2200499700063916,2.232184099765434,0.9155128709387929,0.9368659250726444,main_model
7auv,1.7861488195855642,2.6027931652786984,0.9673465022387732,0.9886995563726249,main_model
7avx,2.5000562697811146,3.550428366531954,0.9984287883534948,1.0,seed-2769065018_sample-2
7avy,2.327323957399967,2.010526290835735,0.9468153960041392,0.9681684501379908,seed-2654825842_sample-0
7aw1,1.751478729989621,1.5033468522999334,0.9416738659091356,0.9630269200429872,seed-3473039046_sample-1
7aw2,2.5423997067773287,1.564940841758486,0.9553058588290912,0.9766589129629428,seed-3545088828_sample-2
7aw4,2.444377076085709,3.2779830525201454,0.934755977654432,0.9561090317882834,seed-3956820123_sample-1
7awc,1.9061890170979612,1.9268405163602416,0.9460289423032108,0.9673819964370624,seed-2138862191_sample-1
7axa,1.9650253322011788,1.9208890855719385,0.9477774836424336,0.9691305377762852,seed-1313922700_sample-2
7axc,2.3514644534081235,2.2127841247522686,0.9510999150409772,0.9724529691748288,seed-1543835822_sample-1
7axd,2.034927609750156,2.715573967408227,0.9390937756770676,0.9604468298109192,main_model
7axh,2.218824066654593,1.9234843202362193,0.9774066139488896,0.9987596680827412,main_model
7axi,1.9605010885999246,2.1457184768696553,0.9639117862397836,0.985264840373635,main_model
7ayh,2.633017583566468,2.668140476833422,0.9619157175198452,0.9832687716536967,seed-1102720991_sample-2
7b35,,,,,
7b36,2.487406094253993,2.040712846514609,0.9413629007254012,0.9627159548592528,seed-2370681162_sample-3
7b3q,2.1144883263213528,2.1334457025019264,0.946926067813281,0.9682791219471326,seed-3920073754_sample-3
7b3t,2.776154506047421,3.161650117712168,0.98427977244711,1.0,seed-1799515187_sample-2
7b3v,1.735775757898965,1.1376352568849082,0.9511108742007028,0.9724639283345544,seed-3855764745_sample-3
7b3w,1.5567525994111246,1.7794165782344733,0.9696363740248668,0.9909894281587184,seed-1147392263_sample-4
7b3z,1.657324943906263,1.8344667672505717,0.9724831829844074,0.993836237118259,seed-1210857297_sample-1
7b40,2.6961409032929198,2.523900478437205,0.9584164884592836,0.9797695425931352,seed-3259955630_sample-0
7b41,2.1564393576800365,2.0124968806355157,0.9519454191400982,0.9732984732739498,main_model
7b42,2.475506438918671,2.3221714851854314,0.9650114217871067,0.9863644759209584,seed-3622983335_sample-2
7b43,2.3332198444722843,1.9195985582521644,0.975143652980848,0.9964967071146996,seed-1369679260_sample-0
7b6f,2.2206037796606366,2.499448155080277,0.9447406456246424,0.966093699758494,seed-2439182638_sample-0
7b7s,2.527738853482795,2.215166966905665,0.9452163151483072,0.9665693692821588,seed-4251043320_sample-2
7b8w,2.4272042860096854,2.735159193257542,0.9260076066951074,0.947360660828959,seed-2206038876_sample-1
7bcm,2.2845002255958304,2.3693516461483135,0.9332810644419156,0.9546341185757672,seed-2052866653_sample-3
7bdo,2.2073192474657635,1.8070010371026632,0.9786117288245824,0.999964782958434,seed-1132620709_sample-2
7be5,2.271660350424307,1.6308307961638049,0.9803603442698294,1.0,seed-2082850949_sample-1
7bjm,,,,,
7bjo,1.9583007757211188,2.0053134267683133,0.978262742751086,0.9996157968849376,seed-2502307949_sample-1
7bjr,2.4658949095209706,1.8493624925445653,0.9417279719907866,0.9630810261246382,main_model
7bjx,2.715002594275825,1.313352932526065,0.9491691027574602,0.9705221568913118,main_model
7bk1,2.374824944707849,2.7327494146597413,0.9792889551363116,1.0,seed-1099983967_sample-1
7bk2,2.241482353896372,4.791150743634259,0.9499842610444774,0.971337315178329,seed-604971375_sample-3
7bk3,2.477696502549251,2.5665789016553373,0.9709422717667324,0.992295325900584,seed-806266386_sample-4
7bmk,2.731320397569896,1.9144201307640576,0.9424493659947653,0.9638024201286168,main_model
7c3g,2.0812347069649633,3.5781362070410005,0.9378798129738368,0.9592328671076884,seed-1554135749_sample-3
7c6q,2.278569198958995,2.1730600084701956,0.9825080832760328,1.0,main_model
7cbx,2.068281561967527,2.1565931633583877,0.971894750851875,0.9932478049857266,seed-2498778239_sample-2
7chm,2.0359974430102974,1.5374495852167214,0.9544858914294592,0.9758389455633106,seed-53934611_sample-3
7chn,,,,,
7cht,1.7912387663362164,2.7107042340492664,0.9608136608328984,0.98216671496675,seed-923162583_sample-3
7cil,1.7814457882396184,2.4109672226445706,0.9482897013233882,0.9696427554572398,seed-626176413_sample-0
7cja,1.970279799035948,2.029310238951082,0.9462458803800948,0.9675989345139464,seed-4085599932_sample-0
7clh,2.3552894871787498,1.9917204268545496,0.974610466798936,0.9959635209327876,seed-191498617_sample-2
7cmb,2.179174516919498,2.55666218863104,0.9877289693785772,1.0,seed-3740910638_sample-1
7cp3,2.364620232108355,2.1005571884506877,0.9532359306770872,0.9745889848109388,seed-1788049556_sample-2
7cp4,2.1516712109506564,1.5977256395905717,0.9691684675844588,0.9905215217183104,seed-2522091812_sample-0
7d42,2.573323179339228,3.218249041897375,0.950660132434794,0.9720131865686455,seed-1951523800_sample-1
7d5o,2.019391469426424,1.9326446215450577,0.9839937398646812,1.0,seed-319574453_sample-1
7dg4,1.940987177275492,1.880003073899346,0.940489577091265,0.9618426312251166,seed-2873944943_sample-3
7dhk,1.6110203903751108,2.3559783732555535,0.9951609777519804,1.0,main_model
7du8,2.3571837457565064,3.3580102482576155,0.9688346098002052,0.9901876639340568,seed-2826688410_sample-2
7du9,2.294496385732122,1.779007172127462,0.9549059761122756,0.976259030246127,seed-1540716132_sample-2
7e2e,2.301374099051767,3.4485266348754573,0.9269555448908456,0.9483085990246972,main_model
7efq,2.2792195758606795,2.4679357592019024,0.9580369485127068,0.9793900026465584,seed-3162609138_sample-2
7eo2,2.148064570169498,1.9417919244509272,0.956933738032067,0.9782867921659186,seed-3796511435_sample-2
7eo4,2.615214970391284,1.8453065743348072,0.9300695617850488,0.9514226159189004,seed-3699299309_sample-4
7f3g,1.9197992024738992,1.589237588141333,0.9409440446411345,0.962297098774986,seed-2150029518_sample-0
7f3m,2.050426345931692,1.673568350381083,0.9514895666239904,0.972842620757842,seed-2128291332_sample-2
7fcz,2.281680955583679,3.4852451886356115,0.9475909868069144,0.968944040940766,seed-1827787730_sample-0
7fd0,2.1154164711295333,2.6313669529784165,0.9487316447487488,0.9700846988826004,seed-519632426_sample-3
7feh,2.09774079937493,2.2226242743568076,0.9595747518935276,0.9809278060273792,main_model
7jhd,2.0873288191851627,2.785965037588485,0.9653277912872826,0.9866808454211342,seed-2451770337_sample-1
7ju5,2.2718023442107014,1.4135507888313663,0.9412812480036966,0.9626343021375482,seed-2632068832_sample-3
7ju6,2.1451975069421465,2.0084786533068297,0.9519288508436317,0.9732819049774832,seed-285653808_sample-4
7jv5,2.379290897418058,1.9192487335678072,0.9393780338607364,0.960731087994588,seed-2397198156_sample-1
7jvp,2.558723698384079,1.7603170504219152,0.949387658370009,0.9707407125038606,main_model
7jwe,1.8212955490536133,1.9116421359820843,0.9651120744900809,0.9864651286239324,seed-3734743584_sample-4
7jxm,2.126768752921305,1.5512943540860675,0.9724865786671584,0.99383963280101,seed-1896392075_sample-1
7jxq,2.080246549795194,2.483521712096566,0.9833713441091406,1.0,main_model
7jxx,2.589045824941948,1.389018976576071,0.9769202421910385,0.99827329632489,seed-290320290_sample-1
7jxy,2.374090960137849,1.5460722679409078,0.9431109553744792,0.9644640095083308,seed-3639663685_sample-1
7jyd,2.2597879343036738,2.473120450443147,0.928018158092595,0.9493712122264466,seed-270841449_sample-4
7jye,2.1139158861294485,1.3931305923435418,0.9798537856691945,1.0,main_model
7k0v,2.1591033400038513,4.478850734929783,0.9192955711022353,0.9406486252360868,seed-2167120992_sample-3
7kac,2.5514648207580084,2.12057120363707,0.9598215993725188,0.9811746535063705,seed-3342652253_sample-4
7kbs,2.2092561344664183,3.0892327815803116,0.9641565006876206,0.9855095548214722,main_model
7kja,2.2013272311738072,1.7422104809727164,0.9940275805327276,1.0,seed-1434229205_sample-4
7kjs,1.988013612977573,1.7318006484297002,0.9615075489680086,0.9828606031018602,main_model
7kx6,2.033711799176799,1.982391863746346,0.9320293447405632,0.9533823988744148,seed-2969996936_sample-1
7kxm,2.03240371897295,1.5561646846310748,0.9225927121527624,0.943945766286614,seed-1877241066_sample-3
7kxp,2.326544094798599,4.592510875100587,0.9504577607365676,0.9718108148704192,seed-27245597_sample-2
7kxz,2.10779941384048,2.1714426641180147,0.9612503332296168,0.9826033873634684,seed-1822624047_sample-1
7l1v,2.289842577840489,2.8254447622649037,0.9637337430643608,0.9850867971982123,seed-3560136577_sample-3
7l24,2.2645487224981315,1.3333831813693988,0.9877919628721856,1.0,seed-3498748165_sample-2
7l25,2.586120153904121,2.062990134033108,0.939034575661169,0.9603876297950206,seed-3814342625_sample-3
7l26,2.1501155486830417,2.741178683158885,0.9668470457963207,0.9882000999301724,main_model
7l2h,2.2200549475151146,2.396898494055625,0.9439930915054016,0.9653461456392533,main_model
7ljc,2.301326402281275,2.76164736958135,0.9984287883534948,1.0,seed-1854202433_sample-3
7lot,2.567746991922471,2.692452930470575,0.9424563150148711,0.9638093691487228,seed-2635091016_sample-4
7ltx,2.25320957991946,2.2394326718099897,0.9542277397595395,0.975580793893391,seed-3720020992_sample-1
7lvh,1.9591798434234409,2.0586917108244385,0.9702525843544564,0.991605638488308,seed-2048050343_sample-2
7lw1,,,,,
7m0k,2.4067600408607346,2.545896911548595,0.9540890229489524,0.975442077082804,seed-3666785592_sample-2
7m0l,2.0229550170832202,2.326798706759169,0.9656795694630664,0.987032623596918,seed-503559960_sample-3
7m2f,,,,,
7mgj,2.528706641338347,1.9013198050076632,0.9984287883534948,1.0,seed-2193011804_sample-4
7mon,2.1009733998321365,1.8448853403035368,0.9258584002048004,0.947211454338652,seed-1383061370_sample-1
7msa,2.435800277076056,1.669415536789698,0.9173373874399676,0.9386904415738192,seed-2870566353_sample-2
7n2a,2.2843925796615943,2.374909586750464,0.9446003856267257,0.9659534397605772,seed-2635374129_sample-3
7n4r,1.8187819472125473,1.6708249943537614,0.9784048973742548,0.9997579515081064,seed-1162993499_sample-3
7n8t,2.051375393614034,2.3920978510950506,0.9652195385478952,0.9865725926817468,seed-2395538684_sample-1
7n91,2.17292061349351,3.5234479315366185,0.98211491483862,1.0,seed-2173048805_sample-4
7n93,2.3030561191827736,1.5651790504121479,0.9614477656688238,0.9828008198026754,seed-985437459_sample-2
7n9g,2.1581477206825,1.4927134450301611,0.986511348428918,1.0,seed-801637886_sample-4
7n9o,1.82874802752684,1.5556402530863394,0.9407011725198224,0.962054226653674,seed-3317408237_sample-1
7naa,2.573319221629024,2.7233014949107273,0.9719011369279056,0.9932541910617572,seed-3512383070_sample-1
7nb1,2.1041239374017167,1.3017048832260685,0.9535241265753376,0.974877180709189,seed-2921886529_sample-3
7nb2,2.412941832567484,3.03462656277733,0.94894611323895,0.9702991673728016,seed-2353865222_sample-0
7nb3,2.085844999245989,1.5814708927747527,0.9889471650685324,1.0,seed-1994387018_sample-1
7nec,2.0257488336843137,2.3241110160572465,0.9836264440966264,1.0,seed-504234152_sample-0
7nke,2.0498321772113446,3.297026722136456,0.9618430174327576,0.9831960715666092,seed-2914002521_sample-3
7nns,2.5736649172275508,3.1978784456128846,0.97786608615527,0.9992191402891216,seed-1815608384_sample-1
7np5,1.6686501742725317,3.3073381178358447,0.9984287883534948,1.0,seed-1129049873_sample-3
7np6,2.4088781457228166,2.4672115081055535,0.9231915765556028,0.9445446306894544,seed-1208374661_sample-1
7npc,2.461969380625991,2.5073397717506287,0.9439024863472828,0.9652555404811344,main_model
7nqq,2.290299528645724,1.8320672802557867,0.9857504046856956,1.0,seed-761860010_sample-3
7nqw,2.3716918392812127,2.1254212855582186,0.9631757830520477,0.9845288371858992,seed-2668467803_sample-1
7nr3,,,,,
7nr5,1.97096184617106,2.7926633927861544,0.9565446189459832,0.9778976730798348,seed-2603249496_sample-0
7nr8,1.9965878626355464,1.616047784632122,0.9724300853718796,0.9937831395057312,seed-2116268377_sample-2
7nr9,1.8565183314786629,2.1615634323016977,0.9714981709870584,0.9928512251209098,seed-3914533880_sample-0
7nvq,2.7961677310667223,2.738018308340165,0.9355568773728452,0.9569099315066968,seed-517506732_sample-4
7nxj,1.673606122458671,2.035604497676325,0.9538811951525932,0.9752342492864446,seed-3446044704_sample-1
7nzn,2.6617609369654813,1.5103496246957948,0.9668635574010668,0.9882166115349182,main_model
7o7j,2.0211649955753805,1.9988330629131048,0.970723216503345,0.9920762706371966,seed-3103681955_sample-1
7o7k,1.6305104352055477,1.8860872944043796,0.9565735734691112,0.9779266276029628,seed-3617251125_sample-3
7oi4,2.4201052482308016,2.758214426509274,0.9984287883534948,1.0,seed-1625581602_sample-4
7oij,2.3853550132735775,2.0508155338081795,0.9562465767727464,0.977599630906598,seed-3054110012_sample-3
7oil,2.300614263681644,2.1713317476084657,0.9490407392277777,0.9703937933616292,seed-3269443478_sample-0
7ois,2.65241242218554,2.7875826330512594,0.9661895198661864,0.987542574000038,seed-2427728430_sample-2
7ols,2.417319607907303,2.0897917981330445,0.9731867913376696,0.9945398454715212,seed-2944021517_sample-4
7olv,1.6346257165708489,3.1758320112100384,0.9524003306856959,0.9737533848195474,seed-3479934451_sample-2
7olx,1.9130664039955516,2.407997415349471,0.9408507430237948,0.9622037971576464,seed-1004871003_sample-4
7opm,2.037109709748141,3.3629668433888544,0.9406254588497472,0.9619785129835988,main_model
7ote,2.401567371817561,1.4317569912102082,0.9385516194963796,0.9599046736302312,seed-854439762_sample-4
7oy6,1.975095939271969,1.6886355591008362,0.9727147630431816,0.9940678171770332,seed-1681875937_sample-4
7ozb,2.0877616393402683,2.334974100338639,0.9561780756893248,0.9775311298231764,seed-4216311954_sample-4
7ozf,2.504516762659498,3.6503310556877318,0.9647444614545476,0.9860975155883992,seed-1866450268_sample-3
7ozx,2.5791507376117813,1.9346520002525227,0.9351070808024422,0.9564601349362938,main_model
7ozy,2.2245670651427307,1.5985265494305243,0.9318977822524516,0.953250836386303,seed-1884782277_sample-3
7p1l,2.201160846442528,1.0965192197570088,0.9202587138946996,0.9416117680285512,seed-3061804350_sample-1
7por,1.834244753022568,1.6894529927702209,0.9295636623921364,0.950916716525988,seed-892809053_sample-1
7pqv,2.066277094584574,2.613674185559924,0.989654056468114,1.0,seed-816891086_sample-0
7prw,1.922358909890001,1.8488142335465776,0.9832163042617832,1.0,seed-1142242598_sample-1
7pue,2.4018120792226574,2.252161022789427,0.957510235847218,0.9788632899810698,seed-194469528_sample-0
7pus,2.18156365471671,3.764355689904487,0.9631906699928758,0.9845437241267274,seed-1311457609_sample-0
7q8y,2.087476388358868,3.6364619868904366,0.974910804399143,0.9962638585329946,seed-2568629530_sample-3
7q8z,,,,,
7q90,2.4218976951648297,1.9381357705154616,0.9387393724279668,0.9600924265618184,seed-1707451795_sample-0
7qaa,2.208277392207212,2.7665279231812745,0.964722234711818,0.9860752888456698,seed-1131760771_sample-3
7qb1,,,,,
7qfm,1.650387415206025,1.9498360337850953,0.9318840689039848,0.9532371230378364,seed-99360380_sample-0
7qgc,2.299506156375524,2.26908754567949,0.9874392368606631,1.0,seed-4155606581_sample-0
7qge,2.189911093822537,1.4489730397353895,0.929668312770428,0.9510213669042796,seed-2773765215_sample-2
7qgp,1.939307960616097,2.295200508633765,0.9464516864965108,0.9678047406303624,main_model
7qhg,2.1811240041408544,1.436453713954958,0.9558205299616296,0.977173584095481,seed-1661312612_sample-2
7qp4,2.3038893297257967,3.622473833902693,0.9935791866978956,1.0,seed-509645487_sample-1
7qr9,2.313977642487713,2.0034487457313905,0.958765875659448,0.9801189297932996,seed-12947878_sample-4
7que,1.9495788695429686,3.547978618215722,0.9801279061505715,1.0,main_model
7quf,2.189702718223735,2.212252731608863,0.9603019335552568,0.9816549876891084,seed-1306649646_sample-3
7qvj,2.120581393011116,1.7728490196022957,0.9674187803085932,0.9887718344424448,seed-389569342_sample-2
7qvl,2.0084335181178616,3.2185305419910555,0.9869115918537428,1.0,seed-1856815774_sample-2
7r62,2.1128308050501303,2.035369213996209,0.9322174813791952,0.9535705355130468,seed-1503834818_sample-4
7r9l,2.482838126128579,2.682366103553564,0.9679888119774857,0.9893418661113372,main_model
7r9n,2.0735475478579595,2.22793183565638,0.9860860195540174,1.0,seed-793217811_sample-1
7r9p,1.9972659864421036,2.721896262574817,0.9776902412802184,0.99904329541407,seed-3159277672_sample-2
7r9t,1.959735330695524,1.8463491953531412,0.9697032363558628,0.9910562904897144,seed-426711029_sample-4
7rec,2.117240982232353,2.113483727216585,0.9790388183850894,1.0,main_model
7rio,2.2518677334434525,1.8044067936669552,0.9247510617217398,0.9461041158555914,seed-402816959_sample-3
7riv,1.8381706344911362,2.265045687267898,0.9238832972004448,0.9452363513342964,seed-1402144446_sample-3
7rj6,2.334594691992304,1.92455294794357,0.9720481908888734,0.993401245022725,seed-2980655361_sample-2
7rj7,2.319424690940105,3.1897328713608215,0.9606788850096724,0.982031939143524,seed-1958940450_sample-4
7rle,2.988177857286506,4.107664784937924,0.9413151859329676,0.9626682400668192,seed-572673012_sample-0
7rn6,2.632078198941512,2.983231980841418,0.9251464979974906,0.9464995521313422,seed-741695597_sample-3
7rnm,2.382795639331805,1.8447446194933232,0.9651549828067532,0.9865080369406048,seed-2088549409_sample-1
7rrx,2.395369333938889,1.798136049973584,0.9373176932022012,0.9586707473360528,seed-3417555368_sample-4
7rry,2.1166091920437284,1.8220223172866272,0.9960512509903781,1.0,seed-2634147103_sample-4
7rrz,1.7371638012492971,3.22805167208058,0.9561984563549644,0.9775515104888162,seed-668930927_sample-1
7rs0,1.8937342940216417,2.35439364489667,0.9935931393789852,1.0,seed-804163359_sample-1
7rs1,2.0345340069427627,1.8955384100785688,0.9368423130751892,0.9581953672090407,seed-637946650_sample-2
7rs2,1.8589593341894726,1.0577167876123326,0.9867023894040572,1.0,seed-2627326083_sample-1
7rs4,2.2194606086545505,1.6486334487738563,0.9761121385789536,0.9974651927128052,seed-1738399627_sample-4
7rs7,2.2647288837195005,3.468593038258038,0.9732768129934412,0.994629867127293,seed-1723924628_sample-1
7rs9,2.148084981328521,2.8913669330117298,0.9605179462458628,0.9818710003797144,seed-56163249_sample-2
7rwf,2.098317155975332,3.1980378308746498,0.9672788964684588,0.9886319506023103,seed-2252025949_sample-0
7rxo,2.3580907093023704,2.5751995628153033,0.9520892397251386,0.9734422938589902,seed-3336703043_sample-2
7s25,2.33720874674002,2.7483305063244843,0.9515009640959412,0.9728540182297928,seed-4213054778_sample-0
7s4t,2.1154645464151205,2.159914907553611,0.9621334672579664,0.983486521391818,seed-507335470_sample-4
7s6u,1.9354220596086518,1.636183959868027,0.9882964407760474,1.0,seed-1506096681_sample-3
7s6v,2.2944298574452766,2.446244287348474,0.9368533819995856,0.958206436133437,seed-2895387664_sample-1
7s7a,,,,,
7s84,2.14638741045534,1.6941697485520224,0.9404790539996284,0.96183210813348,seed-675828022_sample-2
7s85,2.2790561279632198,1.590038166489922,0.9557739161367746,0.9771269702706262,seed-874147557_sample-0
7s9x,1.7226892529287032,2.011581453750342,0.9372607484973028,0.9586138026311544,seed-216193287_sample-1
7siu,2.035908119656441,1.0582399403050342,0.9566413780246036,0.9779944321584552,seed-497255555_sample-0
7sj3,2.186072663385999,2.398102194783885,0.9193792175234908,0.9407322716573424,seed-3934372671_sample-4
7ssb,2.779612228672426,2.6277378331175374,0.960819789118117,0.9821728432519686,seed-2165014151_sample-4
7suh,2.361705464719361,1.8970401194027613,0.9944844215687024,1.0,seed-494577444_sample-4
7sui,1.8673101478960892,1.6642748567731185,0.9825087878843908,1.0,seed-2629225440_sample-4
7suj,2.2548921534566553,1.988717899233433,0.9475184720660496,0.9688715261999014,seed-3383296718_sample-4
7sza,2.3211079309350433,1.358215496913309,0.9538263786690072,0.9751794328028588,main_model
7szc,2.2561685609722875,2.8755024066151558,0.9781087206026644,0.999461774736516,seed-3077242172_sample-2
7szd,2.401999877625005,2.834607327932069,0.938104928116913,0.9594579822507646,seed-3196829938_sample-1
7t0p,2.5460376307118384,1.8036016940820958,0.9627789040573071,0.9841319581911588,seed-19523302_sample-4
7t1t,2.574804794299056,2.4139352539426078,0.9590512259917412,0.9804042801255928,main_model
7t78,1.9814275158840509,2.4112787360222,0.939961284016694,0.9613143381505456,seed-2439840975_sample-4
7t79,1.8880791167511122,1.7469724415480372,0.9185077574899032,0.9398608116237548,seed-1818231271_sample-1
7te7,2.0965335278332624,1.6125561317979382,0.9388348114783442,0.9601878656121958,seed-2753843092_sample-2
7trb,2.223233259723644,1.9585184125969919,0.9385206710737852,0.9598737252076368,seed-981478704_sample-2
7tt8,1.9819261853456196,1.2464936417631765,0.9946638245507428,1.0,seed-4279477707_sample-3
7udp,2.209974977411468,2.329081515243952,0.9787065992833748,1.0,seed-3134947823_sample-3
7uex,1.9689176321490016,2.2390400336719707,0.9853846824220356,1.0,seed-317769363_sample-0
7uj7,2.21368530817481,1.0495168010154292,0.9955204856349288,1.0,seed-761773854_sample-3
7uj8,2.8735685462519385,1.9658308201157495,0.970538183117356,0.9918912372512078,seed-3895325688_sample-3
7ujf,2.266678075318026,1.5553500645034448,0.9699222523614393,0.9912753064952908,seed-806991029_sample-1
7ujm,1.887562134618026,2.4050686998829653,0.9449524560804334,0.966305510214285,seed-370270961_sample-4
7ujo,2.4639493588478567,2.1016817988680794,0.9331324518287948,0.9544855059626464,seed-3759546340_sample-3
7ukz,1.6785252296352668,3.6509195548647897,0.9481683835797728,0.9695214377136244,seed-2010767791_sample-0
7ul4,2.1703481369891935,2.2694751916490925,0.9469948984380946,0.9683479525719462,main_model
7uy3,2.164549219031797,3.217485391073907,0.9416811075050644,0.963034161638916,seed-836094372_sample-1
7v3r,2.165527443026469,1.468216279670662,0.9777100398948512,0.9990630940287026,seed-3368479444_sample-2
7v3s,2.4972222066322125,2.5629089212657097,0.9615720252124462,0.9829250793462978,seed-662661364_sample-3
7vbt,2.586667299044401,2.1924684966716064,0.96623729481347,0.9875903489473216,seed-3548126164_sample-2
7vbv,2.315484934791944,2.6129663814186346,0.9786380177423684,0.99999107187622,main_model
7vbx,2.1089859754768083,3.705725984700565,0.9468685945026551,0.968221648636507,seed-3945723051_sample-4
7vdh,2.1621234266038023,3.181471116784845,0.9614389054714632,0.9827919596053148,seed-442905439_sample-4
7vdq,2.494471945067844,1.6151031526138329,0.9643031919324052,0.9856562460662568,main_model
7vdu,2.4653540448953266,2.2753399432660815,0.9726157997085424,0.993968853842394,seed-1570321581_sample-1
7vig,2.037139994081814,2.0053171650888184,0.9378583297257452,0.9592113838595968,seed-1043663028_sample-4
7vkn,1.983176159337437,2.082751701396624,0.939079444341796,0.9604324984756476,seed-3923344253_sample-4
7vra,2.367374740046509,3.6523902742259726,0.9499674027407582,0.9713204568746098,seed-555020067_sample-4
7vto,,,,,
7vue,2.435372171022972,3.130008452884871,0.9582748608087324,0.9796279149425842,seed-2811460915_sample-4
7w3p,2.2393765101650263,2.4372785130777883,0.9348065215710812,0.9561595757049328,seed-3107380051_sample-1
7w3q,2.1349092039359863,3.060007508324922,0.9488775750780004,0.970230629211852,seed-1440927484_sample-1
7w5o,2.08957169756112,1.786218432718898,0.9627660355506832,0.9841190896845348,seed-3916945249_sample-2
7w7x,,,,,
7w7y,2.1630867450438767,1.4406673542700312,0.929577487631836,0.9509305417656876,seed-1822148409_sample-3
7wf5,2.086082615477978,2.1003545107159467,0.9422623776528948,0.9636154317867464,seed-4185306360_sample-1
7wlx,2.1542568399120876,4.279960207592964,0.9984287883534948,1.0,seed-160762171_sample-3
7wmg,2.158285221060302,2.087872674756626,0.9693386768296856,0.9906917309635372,seed-3129025386_sample-3
7wmh,2.262449218664156,1.218688013898648,0.9715629060758608,0.9929159602097124,main_model
7wmj,2.4409533829372796,2.2673387389651096,0.9295751143396944,0.950928168473546,main_model
7wml,2.2165740730438257,1.68677386588354,0.9401589227230652,0.9615119768569168,main_model
7wmn,,,,,
7wmo,1.6765048418936104,1.7169779811255996,0.9743686047100092,0.9957216588438608,seed-3476545997_sample-1
7xbi,1.8336881161564864,3.0049578355338213,0.9394858238838903,0.960838878017742,seed-1804232962_sample-2
7xc1,1.6794210162469638,1.4823079428599963,0.954875333314752,0.9762283874486036,seed-2539026927_sample-2
7xhy,2.370076579558959,2.6144206106392973,0.9833053589210202,1.0,seed-2693922265_sample-4
7xmk,2.0951697024481497,2.6333681560416187,0.986971229245908,1.0,seed-1129156732_sample-4
7y1g,2.437424025676207,1.7212182679026038,0.9850044725999346,1.0,seed-368221804_sample-2
7y4t,2.214168812877836,1.8431685204016797,0.9466602203421663,0.968013274476018,seed-1643862705_sample-3
7y4u,1.9871991347297704,2.4787873689797655,0.986496491259536,1.0,seed-3778688375_sample-3
7y8f,2.2539345550027647,2.1241139581045565,0.9660738002724552,0.9874268544063068,seed-2479467049_sample-0
7y8g,1.8763022987276086,2.91151390989153,0.9821259297019416,1.0,main_model
7ydx,2.3123344583887766,2.0502878564104363,0.9174462701079172,0.9387993242417688,seed-2390504576_sample-4
7z4v,2.297189771596119,2.2088930611205977,0.9684629011844388,0.9898159553182904,seed-2346697245_sample-2
7z5w,1.9942924492931864,2.0450910503837676,0.9446276855663824,0.965980739700234,seed-3168166519_sample-4
7z5x,2.626087691808131,3.12145494541935,0.9409148665212076,0.9622679206550592,seed-2573779646_sample-4
7zho,2.259851609838904,2.264132783586662,0.9920720267024088,1.0,main_model
7zun,2.086230637705697,3.420177279527779,0.960382303300499,0.9817353574343506,main_model
7zy0,2.750612482469024,2.034559300804103,0.965862973188986,0.9872160273228378,seed-3286530296_sample-4
7zyd,2.161071217072876,1.846969982348457,0.9378409945650634,0.959194048698915,seed-2547388631_sample-4
7zyk,2.110372159116901,1.8464753040634616,0.9636881074306788,0.9850411615645304,seed-3488420336_sample-1
7zyr,2.431112560796713,2.8552811111957843,0.9672099228231976,0.9885629769570492,seed-901000161_sample-0
8a5j,2.701293257850412,1.7361561453197056,0.9623614385739788,0.9837144927078304,seed-3005302745_sample-4
8a66,2.25007102552067,2.5214949504337913,0.9644879299044244,0.985840984038276,seed-679550064_sample-1
8aau,,,,,
8ae7,2.384440338932268,2.827319934419201,0.949023562808149,0.9703766169420006,seed-2085703104_sample-3
8aec,2.657058526734131,2.822131912827347,0.9509864900456648,0.9723395441795164,seed-2316625762_sample-1
8aek,2.1101599013224606,2.9857605988767513,0.9607452104346724,0.982098264568524,seed-3690204073_sample-4
8an8,2.6675600397955135,2.291584452531789,0.9823406135434178,1.0,seed-2389274684_sample-2
8ans,1.672046080906018,1.9001405440468413,0.9733594444933542,0.9947124986272058,seed-4237656242_sample-4
8ayn,2.2927580334910944,3.030009351222943,0.9582264843665228,0.9795795385003744,seed-566941599_sample-3
8b54,2.1031294009780064,2.081880447844321,0.9463601898070972,0.9677132439409488,seed-492032183_sample-2
8b8x,2.18017051879569,1.6648605165513823,0.9710920687884445,0.992445122922296,seed-585635226_sample-1
8b8z,2.1606139496235155,3.175763595838785,0.9535837519013588,0.9749368060352104,seed-2573742097_sample-4
8b90,1.9010573609070456,2.252700916376159,0.9386821087964192,0.9600351629302708,main_model
8b9e,1.9966048865395285,1.7383384937709363,0.9882817105828552,1.0,seed-4055859803_sample-1
8ba2,2.058354127060768,1.732880577576339,0.972595782613915,0.9939488367477666,main_model
8bab,2.6829657166173124,2.1497082638995635,0.9541344391905316,0.9754874933243832,seed-4261762503_sample-1
8bem,1.83459055763786,1.7231518297981052,0.9422336632079228,0.9635867173417744,seed-2574509812_sample-1
8bf2,1.998354003184341,2.4310905772938027,0.9535402037933312,0.9748932579271828,seed-3699494182_sample-1
8bff,2.0582203477043515,1.2858113994321974,0.9749320883393306,0.9962851424731822,seed-1208227315_sample-0
8bfv,2.4828995925930384,3.2331833103279752,0.9584761526678224,0.979829206801674,main_model
8bjt,2.5444765588580243,3.770814860141231,0.9984287883534948,1.0,seed-980320437_sample-1
8bod,2.0104988416465215,2.1710331400069705,0.9984287883534948,1.0,seed-2877355143_sample-3
8bof,2.039528887546264,2.804990050622418,0.9984287883534948,1.0,main_model
8bog,2.711943497898499,2.194775699337279,0.9589991820046808,0.9803522361385324,seed-2567799560_sample-2
8boh,2.1983020249876377,2.1557013643890106,0.9676963166267976,0.9890493707606492,seed-4032326563_sample-0
8boi,2.0909310051668966,2.587843096106533,0.9694006345930136,0.9907536887268652,seed-1287739410_sample-4
8bok,2.1363589536249297,1.514607075252664,0.9655942565977425,0.986947310731594,seed-490434164_sample-2
8bom,2.5209445785033227,2.354300204100645,0.9958517275317011,1.0,seed-1383286930_sample-1
8c7x,2.262732127665167,2.720788917518491,0.9656140825495428,0.9869671366833944,seed-1283003210_sample-1
8cur,1.6400615443891664,2.763584900516648,0.9791801299291304,1.0,seed-1881021090_sample-3
8d6c,2.2259306144221505,2.3792281248449334,0.9794882247557568,1.0,seed-1736437645_sample-2
8d6d,1.7391134498819198,1.8922110539830936,0.9473476911925488,0.9687007453264004,seed-378803351_sample-2
8d6e,2.2594378787416725,2.417732707042934,0.9452177296445609,0.9665707837784124,main_model
8d73,2.460900319394848,1.7101483551489547,0.9927099425437352,1.0,seed-71167572_sample-4
8d76,,,,,
8dsy,2.0693845842269405,1.6120043495806655,0.9984287883534948,1.0,seed-3171264868_sample-2
8dsz,2.0319963617559047,2.6610550547188665,0.9602944221522732,0.9816474762861248,seed-2850597335_sample-1
8du6,2.230921671618069,2.4539018263989334,0.9796328382451592,1.0,seed-1955179456_sample-2
8du8,2.1126245624009505,2.0663092247391717,0.9746990894280836,0.9960521435619352,seed-3294388366_sample-0
8du9,2.097487405488917,2.439827325997011,0.9315081034758093,0.9528611576096608,seed-3746046248_sample-3
8dub,,,,,
8duc,2.2189014299719227,2.687211088325082,0.9604569544293614,0.981810008563213,seed-2829134879_sample-0
8dud,2.410703099434511,2.4823966084815536,0.9485783239199452,0.9699313780537968,seed-2461208746_sample-3
8dug,1.8405613967698593,2.4488934092198638,0.9627030381551696,0.9840560922890214,seed-2114725830_sample-3
8duh,2.1073287386794872,2.2862889990237987,0.9642745194691732,0.9856275736030248,seed-2577637523_sample-4
8dui,2.105132238889848,2.5289204954518674,0.958060674278689,0.9794137284125406,seed-2187638831_sample-4
8dus,2.442545870990257,1.3394412705984022,0.9576349220236194,0.978987976157471,seed-3809090132_sample-1
8dv5,2.257806101761369,1.6064242084179372,0.9524925694956516,0.9738456236295032,seed-3266136251_sample-1
8dv7,2.342381575115362,1.7148119828743351,0.952152935585802,0.9735059897196536,seed-280087510_sample-3
8dv8,2.189016476483633,2.76691209390118,0.9786188091109808,0.9999718632448324,seed-1596886988_sample-3
8dvb,1.9268305719237238,2.6827760143958006,0.951505704487992,0.9728587586218436,main_model
8e1x,2.665095504006043,2.2802265040099923,0.9564462409965212,0.9777992951303728,seed-1180700411_sample-0
8e80,2.471654014301923,2.595768633616285,0.9855337058658746,1.0,seed-3915615963_sample-2
8e81,2.0003387522300358,2.3577143902658637,0.9590049744589636,0.9803580285928152,seed-4218862232_sample-2
8eq5,2.1038797361427912,1.148771055876434,0.9577129363196214,0.979065990453473,seed-2537075744_sample-3
8ev1,2.3189367085229984,1.9924766054141192,0.9626910842545549,0.9840441383884064,seed-1305418231_sample-1
8f7p,2.052207564452553,2.6265010190945577,0.9593494385220844,0.980702492655936,seed-2525807355_sample-1
8fav,2.041399329982921,1.793641997057078,0.9648079275583628,0.9861609816922144,main_model
8fb1,2.596506993738984,1.7226828964467025,0.9914561712669772,1.0,seed-2092655010_sample-1
8fb2,1.9199103367209591,1.678393004914007,0.9779028450209516,0.9992558991548032,seed-4229693022_sample-0
8fjz,2.559618262658935,3.3440836299663697,0.9500001363325414,0.971353190466393,seed-226336556_sample-1
8fko,1.8867481233060601,1.5993388163719668,0.9625288954624192,0.983881949596271,main_model
8flv,2.451430887136876,3.545677988357969,0.960555342108774,0.9819083962426256,seed-2899591816_sample-2
8fp3,2.7284553749665967,2.4871325279169243,0.9543067156960248,0.9756597698298762,seed-1538431775_sample-0
8fpe,2.4359590879895,2.048747448528178,0.9576974311034282,0.9790504852372798,seed-1226184780_sample-1
8gvj,1.911503216679296,2.7783025426309056,0.951799868783304,0.9731529229171556,seed-1225214879_sample-3
8h6p,2.2782426130603617,1.499710619868653,0.9570415456830869,0.9783945998169384,seed-2125218054_sample-4
8h6t,2.268005016550982,2.846695811333974,0.940762949008562,0.9621160031424136,seed-3558589901_sample-0
8hdo,2.46377865989182,2.5882460652891024,0.9416476803473584,0.96300073448121,seed-2074791921_sample-0
8hmu,2.6188396618004033,2.588694703109991,0.947394139935496,0.9687471940693476,seed-157684189_sample-2
8VQ4,2.2676638100843785,2.3812641594919954,0.9598945765875359,0.9796117044942371,
