pdb_id,pose rmsd,pocket rmsd,qs score,lddt-pli
5r91,4.873533326196835,3.1983038925749687,0.7884731421334035,0.8099726733555641
5r98,3.837002451060541,3.3635716598771928,0.7870641693446353,0.8085637005667959
5r9a,5.0128132262554,3.4728614601188186,0.7999059482447246,0.8214054794668852
5r9b,4.067131364129757,3.2247588277491746,0.8093182681021291,0.8308177993242898
5r9c,3.7890442515853526,3.143043003070352,0.794961631171976,0.8164611623941367
5r9f,4.679485199962802,2.63038033550472,0.8240026320502728,0.8455021632724334
5r9g,,,,
5r9j,3.9131818697464396,3.105908474049372,0.7615533249380623,0.7830528561602229
5r9p,4.6836855374370625,4.167224759936037,0.7710724789377468,0.7925720101599074
5r9s,3.890296606810282,2.6344885382644,0.7567533493478885,0.7782528805700492
5sav,4.565508495125167,3.9075718713019323,0.7897669008902697,0.8112664321124303
5saw,4.878650726045999,2.1864005757081,0.8112141035282749,0.8327136347504356
5saz,4.0248048575651625,2.9464763175780044,0.7701682039442183,0.7916677351663789
5sb0,,,,
5sb1,4.006344818785157,2.536363535202129,0.7651625215298871,0.7866620527520477
5sb2,3.883276505155916,2.994956661396441,0.7799390411653374,0.801438572387498
5zjy,4.677253394449654,2.040416294645497,0.7784392101636388,0.7999387413857995
5zjz,4.2372646031843795,2.2768925619816685,0.7920447812040499,0.8135443124262105
5zk5,4.121438081438397,2.401800921885118,0.7745003025367583,0.7959998337589189
5zk7,4.115610958922931,2.26934681074604,0.79634836198335,0.8178478932055107
5zk9,4.604529383410425,2.594998955463761,0.7983854520557403,0.8198849832779009
5zlf,3.6510283931487684,1.618164497593872,0.7923847161879046,0.8138842474100653
5zml,4.816117626604791,2.9827183463979727,0.7611209842558648,0.7826205154780255
5zr3,4.3579041273900865,3.5596159876455995,0.8294687606010326,0.8509682918231932
5zxk,3.7868698629845015,2.501546120154489,0.8071796391923756,0.8286791704145362
6a1c,4.696839538736694,2.2948915554642286,0.7889135202256394,0.8104130514478001
6a6k,4.615025772387923,5.519901500136823,0.7898525398238054,0.8113520710459661
6a73,4.075704593067994,1.6351571000532632,0.8046465706241183,0.8261461018462789
6agt,4.6759724780355905,2.099442936347186,0.7515321111935483,0.773031642415709
6ahs,4.902911175702487,5.665039381246622,0.7971592799165469,0.8186588111387075
6bqd,4.204083454927325,3.0808475878307964,0.7797821150229296,0.8012816462450902
6c85,4.406129310169719,4.70071461223654,0.8044308875530863,0.825930418775247
6cjj,4.037345920427776,1.4644229431945979,0.7681102065864364,0.789609737808597
6cjp,4.0598686970319555,2.0388015699459774,0.7772024042095945,0.7987019354317552
6cjr,5.2620745057461304,1.551280751033681,0.783707706931141,0.8052072381533016
6cjs,4.389125401667149,3.1821149309044423,0.7880322638902469,0.8095317951124076
6cyg,4.884367888108034,2.01073156206562,0.7855517620883081,0.8070512933104688
6cyh,3.5431401489154672,3.869873089638106,0.7746785976958994,0.7961781289180601
6d07,4.065565202205752,2.1537687636368945,0.7828088009965584,0.804308332218719
6d08,3.794496053663774,2.945103713728464,0.7936749022806769,0.8151744335028376
6d3x,4.094307993176546,3.234577145602414,0.7714649950559066,0.7929645262780672
6d3y,4.977055515218531,2.6678951519590175,0.812949048333215,0.8344485795553757
6d3z,,,,
6d40,4.264198273360687,4.27688166985242,0.7806835210419114,0.802183052264072
6dql,4.307679827640941,1.9019889117410962,0.7998445199459481,0.8213440511681087
6dyz,3.800493005808952,2.0922778907960122,0.7762526075859552,0.7977521388081158
6dz2,5.17709864737599,2.732703811766373,0.7605544769827753,0.782054008204936
6dz3,4.416054491510054,2.9954018218278535,0.7830450881407465,0.8045446193629071
6e3m,4.748038210142427,2.958549424770824,0.7784837187901761,0.7999832500123367
6e3n,4.019369701780168,2.4637162280960556,0.7891290704006305,0.8106286016227912
6e3o,,,,
6e3p,3.8606482738088364,2.8676841985074466,0.8007791836564401,0.8222787148786007
6e3z,,,,
6e4c,4.668023996906735,3.886173032937513,0.7751598248432122,0.7966593560653729
6e6j,,,,
6e6v,5.214908394145979,3.162759454065281,0.7881818495802025,0.8096813808023632
6e6w,5.039664439835873,2.8092656362460504,0.7576888095777373,0.779188340799898
6eeb,3.279101224634018,4.371828042221075,0.7810565864800766,0.8025561177022372
6efk,,,,
6fcj,4.332800282081931,3.306315957245752,0.7937030085710445,0.8152025397932051
6ffe,3.6146605475597973,2.9624712958632164,0.8219463213092938,0.8434458525314544
6fff,4.077519328447444,3.6287977379111562,0.7714854162967875,0.7929849475189481
6ffg,4.8181580726109745,2.732364534047445,0.7862124584584194,0.80771198968058
6ftf,4.674791127640943,5.3874784830576585,0.8192728645767636,0.8407723957989243
6g24,4.25101479474673,3.914316836651229,0.7975493125208153,0.8190488437429759
6g25,3.517956215349363,2.9044041604126503,0.8170309477500075,0.8385304789721681
6g27,4.673622709616147,2.555328608730406,0.7932749768564499,0.8147745080786105
6g29,4.620491388088264,3.8384632023736422,0.8188892681786266,0.8403887994007873
6g2b,4.8716365345578865,2.8584317763767575,0.8148409449388007,0.8363404761609613
6g2c,4.089941741437055,3.506706228859802,0.7376013073893842,0.7591008386115449
6g2e,4.138805211607696,3.307775983798142,0.7815187944103464,0.8030183256325071
6g2f,3.962897319485958,2.8251388267750146,0.8154699905792067,0.8369695218013673
6g2o,4.117345613698969,2.2307601869622555,0.7782678576879102,0.7997673889100708
6g3c,3.925980007398822,3.3378358711438385,0.7800896578060673,0.801589189028228
6g5u,4.682359302808482,2.419204702761509,0.8095607526377778,0.8310602838599385
6gbw,5.028002378648257,2.882820764390405,0.7963340622609489,0.8178335934831096
6gdy,3.810495915745804,2.7178615102076846,0.7858643626702878,0.8073638938924484
6gga,3.4294336665367906,2.9767490392246327,0.8013861882125908,0.8228857194347514
6ggb,4.042925501816461,4.099118005070232,0.8030409782052377,0.8245405094273983
6ggd,4.048197485180933,3.3786509321394145,0.7651710596504732,0.7866705908726338
6gge,3.686660456646144,2.780397454741332,0.7953298714998177,0.8168294027219783
6ggf,4.32452508179649,2.8630290330758923,0.7973426656132426,0.8188421968354033
6gj5,4.26285866105907,2.949287182490619,0.7907964051179622,0.8122959363401229
6gj6,4.438414121694546,3.135718580760484,0.8096867373242603,0.831186268546421
6gj7,4.677994619466583,2.9039981644810897,0.7721085493408747,0.7936080805630353
6gj8,5.101599209121389,3.628482871834389,0.759707666517748,0.7812071977399087
6gwe,4.16741219623113,2.572349594816061,0.7986062745201566,0.8201058057423173
6h7d,4.036492787894835,2.86996489617424,0.7929944879831605,0.8144940192053212
6hbn,4.502430656785607,3.383306841994128,0.8064613608946634,0.827960892116824
6hhr,4.538503037067638,2.625820084720866,0.7765053416432474,0.798004872865408
6hj2,4.18253941542156,3.0397713292597666,0.8090739472765353,0.8305734784986959
6hlb,5.018991932966141,1.7806278146522356,0.7891061280166167,0.8106056592387774
6hld,4.797646868207928,4.074842095762719,0.8237793267360913,0.845278857958252
6hop,4.006394564697344,4.16866366912192,0.7809991256468476,0.8024986568690082
6hoq,4.1942698877174225,3.3644213216384298,0.7946890012409751,0.8161885324631357
6hor,4.36584909265159,2.5857263464465086,0.7737848968880106,0.7952844281101712
6hot,4.3395061607805125,2.720037526078687,0.7901874317212294,0.81168696294339
6hou,3.7235168805854917,4.8641024884529775,0.7792553537503047,0.8007548849724654
6hv2,3.3642562374631533,2.497406422964588,0.8006445171449118,0.8221440483670724
6i41,4.81111090714243,2.290326273556584,0.7910846467794554,0.8125841780016161
6i5p,4.132726940255333,3.1571899745101772,0.7899667494755965,0.8114662806977572
6i61,4.501474779670661,2.5726508158256283,0.7923199580137639,0.8138194892359245
6i62,4.150311063546285,3.0868993711260804,0.7986613826821775,0.8201609139043381
6i63,4.025646805942866,5.056027373356826,0.7904019874684072,0.8119015186905678
6i64,4.242014624293729,2.691188353595664,0.8069734204091954,0.828472951631356
6i65,4.136005972406792,3.1826665968819414,0.7753643006694374,0.796863831891598
6i66,,,,
6i67,3.688323089335074,2.7797908398798343,0.7975769810019995,0.8190765122241601
6i68,3.907035984812459,3.5028891915811653,0.7968951189212141,0.8183946501433748
6i74,3.458356747663735,2.5631643127992403,0.7790962703182267,0.8005958015403873
6i75,4.049485195366161,2.509464530084333,0.7790654838941692,0.8005650151163298
6i76,4.306452298319907,1.7018524693500225,0.7516344061773426,0.7731339373995032
6i77,3.807122035101285,2.8579965930337923,0.8196224671422161,0.8411219983643767
6i78,4.26108029930754,2.5752627036712092,0.8064180905346418,0.8279176217568024
6i7a,4.553016820256751,1.8416512384255248,0.7714218212071564,0.792921352429317
6i8m,5.33261026700039,4.111156635278524,0.8183479240776492,0.8398474552998099
6i8t,5.021800173310991,2.9535149751875083,0.781671353414051,0.8031708846362117
6i9a,4.383805243523849,2.553460763946297,0.7792891063714934,0.800788637593654
6ibx,4.662154834520891,3.2464451253139908,0.7791460595948202,0.8006455908169808
6ibz,4.699277441416364,2.86919206339106,0.8213812788387652,0.8428808100609259
6ic0,4.13637937696097,3.41910683078601,0.7982952980160005,0.8197948292381612
6izq,4.418305882604315,3.9435093851264864,0.8069179991190657,0.8284175303412263
6j06,3.875914343039459,2.075602328164032,0.7982211781549641,0.8197207093771247
6jaq,4.109276859751178,4.401242770201847,0.7624276744754374,0.783927205697598
6jbe,4.50808087409715,5.127987631875618,0.7825572067660446,0.8040567379882052
6jib,4.927368613305396,4.003267261386306,0.7759931227113117,0.7974926539334724
6jid,3.8395886186079435,3.062053216162617,0.8152971688532631,0.8367967000754237
6jlr,4.033624790575917,2.4251553324030444,0.7894723836466134,0.8109719148687741
6jmf,4.36003577840067,4.131788874677642,0.8345651433841706,0.8560646746063313
6jon,3.82395175233078,3.835437061727733,0.7991351379593772,0.8206346691815378
6jrj,,,,
6jrx,4.096382742882022,2.890175533430906,0.7574885273404881,0.7789880585626487
6jse,4.158474678149214,1.8537253012570032,0.7830778158758013,0.8045773470979619
6jsf,4.1629928676113614,2.405511411896469,0.8275923026882033,0.8490918339103639
6jsg,3.673448643714718,3.290280396679808,0.8344976326034377,0.8559971638255983
6jsn,4.508474683802077,3.016448413462251,0.8003229177779714,0.821822449000132
6jsz,3.294403362012263,2.2887390130943106,0.7731217613609398,0.7946212925831004
6jt3,4.886314104103459,2.3477043103984636,0.7575505489295535,0.7790500801517142
6jut,4.366718461727495,2.733049862170317,0.8144691939296996,0.8359687251518603
6juu,5.675721264056648,2.9713383275926426,0.8034354126155794,0.82493494383774
6jux,5.449462366524059,3.33780961498167,0.8266560221119176,0.8481555533340782
6jwa,3.923608734661434,3.698454760947547,0.7677755508639501,0.7892750820861107
6k04,3.9179489348777903,3.648805983316187,0.7952553281623754,0.8167548593845361
6k05,4.103553789090842,2.406164788854739,0.7753170297761633,0.796816560998324
6k3l,4.7641699089630585,2.4934124417516266,0.7906259334380035,0.8121254646601641
6k9g,4.76512309138894,1.9669733573926094,0.7792832985398951,0.8007828297620557
6k9h,4.082384276785032,5.870263200320379,0.7716594725239599,0.7931590037461206
6k9m,4.285889811239603,3.03169835832324,0.7738925659777072,0.7953920971998678
6kjd,3.687788715268119,3.5879801169243315,0.8039596826963092,0.8254592139184699
6kjf,4.213390307195567,3.954812673334068,0.7981323265706581,0.8196318577928188
6knr,4.93632331931555,3.053008777684,0.8224972871463008,0.8439968183684614
6ktn,4.1840150218620344,2.83191325193945,0.7953267725090368,0.8168263037311975
6kxx,4.0209041825188505,3.0879964364723143,0.7836472963203639,0.8051468275425245
6l88,3.632454768570799,3.1020214510850845,0.7907646686011159,0.8122641998232766
6lil,3.668581268288626,3.7360243284717587,0.7422978644391056,0.7637973956612663
6lin,4.526626749234781,3.657793184751318,0.7791323952264566,0.8006319264486172
6lio,4.14180859191448,3.7774526916972864,0.7818903419812451,0.8033898732034057
6lit,,,,
6lvk,4.670511559122664,1.9629939122528757,0.750387618946032,0.7718871501681926
6lvl,5.216023879648217,3.0319791343404447,0.8242592437851548,0.8457587750073154
6mo7,4.06898778078903,2.334306899899765,0.7841160969768671,0.8056156281990278
6mo8,3.80284514097031,3.254474923079522,0.7961613736193618,0.8176609048415224
6mo9,4.188674384842885,2.3812585759538245,0.826535478655741,0.8480350098779016
6moa,3.8399798411803276,2.7982952783729647,0.7636261117003225,0.7851256429224831
6n0m,3.337914156260139,2.6339071448432008,0.8178422965027083,0.839341827724869
6n4e,4.318174020451941,2.4435803899311206,0.8237055000342793,0.84520503125644
6n53,,,,
6n55,5.034949580415763,3.4369954756992205,0.7960258472986566,0.8175253785208172
6n8x,3.041394379607219,2.0811877870376567,0.786285347869223,0.8077848790913836
6n92,3.281289877269199,3.097981789117719,0.7756644996168429,0.7971640308390036
6n93,4.178850920042642,3.6743086505975153,0.796200531785122,0.8177000630072826
6n94,4.3142361031872385,3.251750404409594,0.8067583407506015,0.8282578719727621
6n96,,,,
6n97,4.125324379376801,3.307602739711324,0.7694404951005454,0.790940026322706
6np2,4.7259448463726645,3.5305919859531922,0.7799863200123438,0.8014858512345044
6np3,3.665284935810915,3.0725786442647425,0.8137648389192252,0.8352643701413859
6np4,3.873121595685146,3.277518775665741,0.8066858067551257,0.8281853379772863
6np5,4.02110941676068,1.8092520875915734,0.796081403887626,0.8175809351097867
6npi,4.451586479452505,4.215205151617349,0.7932445720108675,0.8147441032330281
6npm,4.708111624327822,2.3421643994225545,0.8000671768290974,0.8215667080512581
6npp,5.060686832785283,2.5399346255821085,0.8060660342912291,0.8275655655133898
6nsv,4.176708601742262,2.241725307671902,0.8312423475319481,0.8527418787541088
6nt2,4.444075588973191,3.0745406130443915,0.8186725428578924,0.840172074080053
6nv7,5.045260290645578,2.9644356628246453,0.7959490616728243,0.817448592894985
6nv9,4.328364194723227,2.7541054410618506,0.7862063843477827,0.8077059155699433
6nw3,4.533874516614305,3.07259771126178,0.8270288318846993,0.84852836310686
6o0h,4.212697071002477,3.0746737949678367,0.7487344981707844,0.770234029392945
6o3x,4.431985926904424,2.4682696038922747,0.771785594272695,0.7932851254948556
6o3y,3.11448672178863,2.3065469052024565,0.7669180801992951,0.7884176114214557
6o3z,4.1637673183471495,2.860236898121988,0.7555138713700892,0.7770134025922498
6o5g,4.874790776075293,3.3415891343200803,0.7894900587402373,0.8109895899623979
6o5u,3.790836465143227,2.4923996689936767,0.7906608476780387,0.8121603789001993
6o5z,4.914775663091053,3.293984898404304,0.7433043638380529,0.7648038950602135
6o9b,4.06841873179985,2.320605285688834,0.7795864515975541,0.8010859828197148
6o9c,3.7760319290729103,2.625961369356612,0.80926510839663,0.8307646396187907
6obl,4.566099145072696,2.3402888360043086,0.7894065709839146,0.8109061022060753
6od6,5.898812228494368,3.7253373881543768,0.8038191431317478,0.8253186743539085
6oi8,3.3431796882191223,4.4779631308494805,0.810911746909731,0.8324112781318916
6oie,4.771160139460567,3.1324384271064045,0.7949698450764283,0.816469376298589
6oin,,,,
6oio,4.3374365181510885,3.0236108685029586,0.8093605620941133,0.830860093316274
6oip,3.4588950876658404,3.254231710414819,0.7864140589097901,0.8079135901319507
6oiq,,,,
6oir,4.707294820091722,2.214457949379672,0.7852204439675722,0.8067199751897328
6olx,4.231243614416118,2.661384371823972,0.8040501975848526,0.8255497288070133
6op9,3.578576867145446,2.598352616789016,0.7442787191927359,0.7657782504148966
6oqi,4.3781877105484535,2.983337423370476,0.8211041570394987,0.8426036882616593
6oqo,4.1949093899230085,3.029431199783458,0.7645583614980431,0.7860578927202038
6os5,4.180196845052514,4.189960379079803,0.8477941065989408,0.8692936378211015
6os6,5.343282578372624,2.2142411597983203,0.8004576948110499,0.8219572260332105
6p3d,4.596739553369667,2.7845954367388535,0.7656104006549082,0.7871099318770688
6p7g,3.658772290060387,2.4320383576635707,0.7767383909510552,0.7982379221732159
6pl4,4.611767034325816,2.309774241853918,0.803893417188508,0.8253929484106687
6pma,4.068278667619097,3.0534829651253568,0.7931093325301468,0.8146088637523075
6pmb,4.496706326390719,2.989266285786317,0.8048978874358403,0.826397418658001
6pmc,4.126397832265333,2.8517909045174212,0.7769051310306844,0.798404662252845
6pme,3.36303911607551,2.8978173077793006,0.8149924094559645,0.8364919406781252
6pnx,3.826342211874183,2.3669616274406446,0.813328887274839,0.8348284184969996
6pya,3.857641576282382,2.93221963682907,0.8141590230627964,0.8356585542849571
6pyb,3.685080686035398,2.0005156404329085,0.8133822366971112,0.8348817679192718
6pz4,4.379406953309139,2.3208647064438344,0.8137541289621973,0.835253660184358
6q7b,3.880985052978641,3.963854840097472,0.7888846133891069,0.8103841446112675
6q7c,3.719932849182667,4.86771127319147,0.7655831235171275,0.7870826547392882
6q7d,3.984986361742118,2.2124626294879177,0.7690955443202612,0.7905950755424218
6q7e,3.1007157893772543,2.3538535816167223,0.777756339728735,0.7992558709508957
6q7f,3.8582176731264397,4.042529664173185,0.8223853954146281,0.8438849266367887
6q7g,3.949921677888911,4.040024123772554,0.7978787655715589,0.8193782967937195
6qdz,4.279004211869228,1.745376035502224,0.7964592311994513,0.8179587624216119
6qe1,4.281512927748114,3.5207742074745356,0.7959115252579012,0.8174110564800618
6qge,5.1018972413107075,3.7218460690231896,0.8216495055399505,0.8431490367621112
6qgf,4.000105512065092,2.596010757147621,0.8105462503757599,0.8320457815979205
6qi7,4.322213574240585,2.698558755848241,0.8100058689877199,0.8315054002098805
6qln,4.415950453649293,2.205396824290673,0.795961590744196,0.8174611219663567
6qlo,4.437584095377455,2.220390164582738,0.8360187894441108,0.8575183206662714
6qlp,4.3010872773720985,2.827090368099313,0.7645532314784702,0.7860527627006308
6qlq,4.0979945426379105,4.935589280304246,0.7922328181582989,0.8137323493804596
6qlr,3.807940409901312,3.084151410185383,0.7637471602782632,0.7852466915004238
6qls,3.9592466572955822,2.650064240046808,0.7770659835533815,0.7985655147755422
6qlt,4.425677166954715,3.345908003259648,0.7810105949582267,0.8025101261803873
6qlu,3.146350031647745,2.288291187541516,0.7676602413559908,0.7891597725781514
6qmr,4.54525756949158,2.3867611241310787,0.7762478138090256,0.7977473450311863
6qmt,4.510415976214345,2.434674093706698,0.7504745707459076,0.7719741019680683
6qqq,4.336628086807405,2.9146771099289213,0.7803042831562417,0.8018038143784023
6qqt,4.405461974570725,2.2569863152312,0.7853782700623373,0.8068778012844979
6qqu,4.300959554858014,3.3951823337616385,0.805012433708929,0.8265119649310897
6qqv,4.038907463130165,2.0483891900858735,0.7688371054424981,0.7903366366646587
6qqw,4.342412845996677,2.129073033975683,0.7415731118467912,0.7630726430689518
6qqz,5.351452877472201,5.291799752291842,0.7765872659477578,0.7980867971699185
6qr0,3.8412752713619707,3.195714337332084,0.7857923651495891,0.8072918963717497
6qr1,4.864637869139106,3.2212608177842177,0.787502051898912,0.8090015831210726
6qr2,5.431404357223252,3.295466138974699,0.7837915410564683,0.805291072278629
6qr3,4.938826173269197,3.1242949020544812,0.7580276833927453,0.7795272146149059
6qr4,4.613040030249271,3.24836740268737,0.779450279812643,0.8009498110348037
6qr7,4.795844749781795,2.373896443424528,0.7930653043241691,0.8145648355463297
6qr9,4.329184529380868,2.6111154848793423,0.7876866227513609,0.8091861539735216
6qra,4.977899205343688,3.43834676096552,0.8016576696694747,0.8231572008916354
6qrc,3.903807977717094,2.787462842966494,0.7614266127450822,0.7829261439672428
6qrd,4.409369725702617,2.5513492833785643,0.7589069943774999,0.7804065255996605
6qre,4.911246674024222,3.7425285826839962,0.7728840834343546,0.7943836146565152
6qrf,4.307214641997826,3.6010692340613417,0.8172325587257081,0.8387320899478687
6qrg,4.520764366203854,2.513980408014665,0.7734955329367171,0.7949950641588778
6qsz,3.841183101326875,1.996879145263676,0.7829133515394731,0.8044128827616337
6qtm,4.8755827233307345,2.1759190931095693,0.8264196956433508,0.8479192268655115
6qto,4.190038299848002,4.2933276756573875,0.7730866147449506,0.7945861459671112
6qtq,3.908231875438966,3.717393491733273,0.790665698433672,0.8121652296558326
6qtr,3.845570503741202,2.598438452920858,0.808969454135675,0.8304689853578356
6qts,4.275726846328844,3.132438066498197,0.7962973304468745,0.8177968616690351
6qtw,4.3444488308297355,4.248593747801168,0.7835844488396683,0.8050839800618289
6qtx,4.982599449172329,1.785031687541714,0.7730776633517064,0.794577194573867
6quv,5.603286948880151,2.0429884900528426,0.8132726018341018,0.8347721330562624
6quw,,,,
6qwi,4.709958299194077,2.797310332647172,0.7988486727895326,0.8203482040116933
6qxa,4.315609976085957,2.371770426497301,0.8010488864853863,0.8225484177075469
6qxd,3.9749662808436876,2.3119540645458994,0.7724119273541351,0.7939114585762957
6r4k,4.088498947266161,3.893669599180213,0.7684226499710748,0.7899221811932354
6rr0,4.855737241994994,3.137777716090584,0.8209906819517357,0.8424902131738964
6ru6,4.21695890985934,2.964067205728664,0.7825705011458625,0.8040700323680231
6s07,4.030481664996298,2.6654604799559083,0.7913313515432818,0.8128308827654425
6s55,3.682810720412299,3.976539248003652,0.7744942760079441,0.7959938072301047
6s56,4.054687160342583,3.757485447195215,0.8101601603536565,0.8316596915758171
6s57,4.770760258059167,2.8196663118326146,0.7496959235506863,0.7711954547728469
6sen,3.9455630573769485,3.8277418778446055,0.8087372659459569,0.8302367971681175
6seo,4.015778966475881,2.9806087988403807,0.7947309075138103,0.8162304387359709
6sfc,4.165085491989659,2.722922272208665,0.7981932104680806,0.8196927416902412
6slz,4.9929360995540435,3.651242430530432,0.7806135889454475,0.8021131201676082
6ssb,4.458623815464229,2.5525820044666783,0.8048597163782494,0.82635924760041
6st3,4.488564091395213,2.080669573536052,0.7870386000134549,0.8085381312356156
6t1s,4.257504111211013,1.6817745548915386,0.7994569242983041,0.8209564555204647
6t3c,3.679356900024131,2.520941314284465,0.7798659089971043,0.8013654402192649
6t4g,4.438935181783146,3.498407089584759,0.7563676286570812,0.7778671598792418
6t4i,4.166390921823982,3.3689343271816568,0.8005578615016747,0.8220573927238354
6t4j,4.029596753151568,3.221571834070239,0.7986231608488593,0.82012269207102
6t4t,3.849223250259478,3.0216251489450423,0.815769930799314,0.8372694620214747
6t4w,3.720507243914726,3.219062719973397,0.8055314521342269,0.8270309833563876
6t4x,4.228764174184434,5.098266378266296,0.8094974528133493,0.8309969840355099
6t6a,3.4455456928764825,2.9649957478429845,0.7952644272774126,0.8167639584995733
6t8x,4.0271792613055055,3.0880280669293123,0.8296326346854268,0.8511321659075874
6tdc,4.07002648695976,3.990797365593909,0.7981459559677317,0.8196454871898924
6te6,4.665389098175372,3.3064800350576764,0.7549741071840826,0.7764736384062433
6tel,4.4322919349681085,3.976541317548913,0.7796988511051299,0.8011983823272906
6ten,3.961287264698299,2.3527707701544722,0.8148848704665144,0.836384401688675
6tfb,3.2352981857120917,4.122212566895598,0.7719951657360296,0.7934946969581902
6tlm,4.025011687951782,2.2276583313313143,0.809336710174096,0.8308362413962567
6tlp,4.130681676837256,2.5172575719633974,0.7922273175284495,0.8137268487506102
6tmp,5.7210145085278095,2.626241450865875,0.8009679808890625,0.8224675121112232
6tnb,,,,
6tnc,3.756688836697567,3.75186060024991,0.805964706980561,0.8274642382027216
6tnd,4.163403214036235,4.349545054652275,0.7641805540748418,0.7856800852970024
6to7,4.210791457437777,2.7016916685899,0.7782722344388743,0.7997717656610349
6tod,4.434503343979525,3.0738015381483823,0.7826346607241995,0.8041341919463602
6tos,4.7327587068069805,2.53591735344356,0.7846977031634313,0.806197234385592
6tot,5.068615370174267,1.9149314955977477,0.7764945843917512,0.7979941156139119
6tp6,4.827026297878531,2.683053128224825,0.7985633048432462,0.8200628360654069
6tpa,4.310643841937616,2.67301364534181,0.7603372144901708,0.7818367457123314
6tq4,5.295196222342817,2.163239395897158,0.79448712795926,0.8159866591814207
6tq6,3.838970927426898,2.3424446857504577,0.7970217651806546,0.8185212964028152
6tq9,5.095865011954648,2.303745999502785,0.8049424425188374,0.826441973740998
6tu9,4.902735649529591,2.6259602577282943,0.7758046663630358,0.7973041975851964
6u0k,,,,
6u7c,3.358364045207994,2.545572381594939,0.7835802332222807,0.8050797644444413
6ubw,3.711912873201456,1.9781539777758081,0.7610370705537015,0.7825366017758622
6ucg,3.559238296235351,3.419634431627486,0.7916113521148398,0.8131108833370004
6ufn,4.01879365870418,4.546763743859973,0.7746736315882008,0.7961731628103614
6ufo,4.471351509855774,2.8771801776027996,0.803697629417295,0.8251971606394556
6uhu,5.147016769856875,3.6860954868005202,0.7728171421174915,0.7943166733396522
6uhv,4.846882697569743,3.5256505415895116,0.7876768140855458,0.8091763453077064
6uii,3.9975173859458453,1.8975387298872757,0.808118548932645,0.8296180801548056
6uil,5.044273302303836,2.053721996513745,0.7851442282179648,0.8066437594401255
6uim,3.994103427317083,3.3094204623502375,0.7383765170124019,0.7598760482345626
6uvp,4.025076679219084,2.741379267979234,0.7798228895932706,0.8013224208154313
6uvv,3.265303983417096,2.831767837777226,0.7672128760796267,0.7887124073017874
6uvy,4.57020554732959,2.5699863543942407,0.8301296616471777,0.8516291928693384
6uwp,4.632941260571166,2.8745920607564837,0.783904334994074,0.8054038662162346
6uwv,4.208657296378394,3.284799516185499,0.8146158846978694,0.83611541592003
6v37,4.164763030256791,4.1782761195426685,0.8144628581159652,0.8359623893381258
6v5l,4.051998185978386,3.4846003660802842,0.775249981149847,0.7967495123720076
6v6q,5.095062722835333,2.189806111552003,0.8408540871399619,0.8623536183621225
6vc2,4.690082342731822,3.6780098640176617,0.7707479956059942,0.7922475268281548
6vgh,3.26359083507073,2.987077524678767,0.8083465455748476,0.8298460767970083
6vif,3.341080631109638,2.9269426127678173,0.7901913914003966,0.8116909226225573
6vns,4.400176369547433,3.901741479603964,0.8025862345853414,0.824085765807502
6vnx,4.642329565123038,2.171136908401628,0.7958506994408462,0.8173502306630068
6vpf,4.392773259828024,2.3132766998346455,0.7996829970263993,0.82118252824856
6vxq,3.988434820377259,2.8713357308386716,0.7964286480675108,0.8179281792896714
6vxu,4.165715350002007,2.2811741971057224,0.778824984576294,0.8003245157984546
6vzl,4.13969553769631,1.8685443666276964,0.7856637598825007,0.8071632911046613
6vzm,4.756996081391641,3.687183029605031,0.8075704437932175,0.8290699750153782
6w39,4.042364184864168,3.206425915464242,0.802792865516726,0.8242923967388867
6w3a,4.139287440318039,2.940611242856879,0.8226902546577279,0.8441897858798886
6w3e,4.0684950414456065,2.210981777429836,0.7967218425015616,0.8182213737237223
6w8c,4.541297480101906,2.29557893650575,0.8009157074992269,0.8224152387213876
6wa2,3.7506251464002562,2.160947757810065,0.801121141861973,0.8226206730841337
6wak,4.61021623995335,2.4839125546937573,0.7954233372311412,0.8169228684533019
6wiw,4.7561630652106555,2.287316519839809,0.8125094910228589,0.8340090222450195
6wok,4.883567881341074,3.007754329029212,0.79671737212404,0.8182169033462007
6wxn,4.937106866989212,2.954286872454698,0.7981702136741645,0.8196697448963252
6x3n,3.635025751354323,2.102423303366112,0.7908991918515647,0.8123987230737253
6xdb,3.8518858359507364,2.883116015921185,0.7706421456295167,0.7921416768516774
6xdd,3.9196441292532427,3.1057038488668898,0.7978320449695829,0.8193315761917436
6xdf,4.646696139568094,3.326361403591091,0.7913966084827846,0.8128961397049452
6xe4,5.134030775588375,2.5368115089142664,0.7887618047007949,0.8102613359229556
6xfp,4.888431015198698,1.818619298526946,0.8249546785433332,0.8464542097654938
6xfv,5.140139024141123,2.129941817438936,0.8059220240898399,0.8274215553120006
6xjk,3.835815477568322,2.450770298919917,0.7661337367732199,0.7876332679953806
6xlo,4.179395895055783,2.365720546113051,0.7907487149560528,0.8122482461782135
6xrm,5.066862791443419,2.3160957204973043,0.7850247068713019,0.8065242380934625
6xrn,3.329376050044499,2.807801952589368,0.8102645690809598,0.8317641003031204
6xvj,4.415878958264746,3.1615653929196186,0.8018789511227458,0.8233784823449064
6xvk,4.746447387611354,1.8399865177203953,0.8079292668187208,0.8294287980408814
6y4t,4.494500695534471,2.6464812467322294,0.7676909076039867,0.7891904388261474
6y4u,3.479130196435339,2.295290784614778,0.7963682911873831,0.8178678224095437
6y4v,4.305913339089381,3.0756817281886226,0.7951252617206952,0.8166247929428558
6y4w,,,,
6y4x,4.616154414162454,2.617485038653524,0.769340185501978,0.7908397167241387
6y6f,3.2546723539425826,5.077874886519477,0.764489141648321,0.7859886728704817
6y6v,4.604625330906158,2.2995456237596055,0.7787055412093641,0.8002050724315247
6yat,4.208883902578451,3.8897142626692425,0.7778363544968482,0.7993358857190088
6ybh,4.81151553782657,4.878962537263129,0.7912899523237255,0.8127894835458861
6yg4,5.066512003139177,2.9567788360857348,0.7727145696430947,0.7942141008652553
6yg5,4.284255858519815,3.4871057803958325,0.7991984315452787,0.8206979627674393
6yid,4.470161908465155,2.912095545786129,0.7745943452146482,0.7960938764368088
6yjc,3.616129802426399,3.6320030307763442,0.7450892669010083,0.7665887981231689
6yk1,4.10930618108423,2.8823838566842124,0.7901974412823869,0.8116969725045475
6yk7,4.915130849960342,2.790643949416883,0.7826016986188211,0.8041012298409818
6yky,4.3386206822047395,2.663189909111935,0.768024834196734,0.7895243654188946
6ylc,4.208944130395581,3.2963887712356,0.7999154746884797,0.8214150059106403
6yll,4.800828077917183,4.423692896116048,0.8000433835785364,0.8215429148006971
6yoj,3.869200845944787,3.2486424616833802,0.7489964878975977,0.7704960191197583
6ypk,3.931610850967459,3.0157906379658694,0.780949962523225,0.8024494937453857
6yq1,3.990225230684344,2.8915152092633614,0.7727071262736276,0.7942066574957882
6yr9,3.942836032092003,3.0087618000012224,0.7670622187141714,0.788561749936332
6yt6,4.347016171041648,2.4071968267694333,0.7699280866923155,0.7914276179144761
6yvy,3.5121217851777478,2.401665516111469,0.8181271038469312,0.8396266350690919
6yxv,4.447280221876295,2.834606901993429,0.8263041351819469,0.8478036664041075
6z10,4.371606976303282,3.2754659498882543,0.7836713275621525,0.8051708587843132
6z4y,4.1734711763791985,2.521956137719408,0.7867713388639294,0.80827087008609
6zcp,4.606338711713832,2.5517682161205206,0.7813395591094464,0.802839090331607
6zcq,4.329924017171702,2.825538139725476,0.8118874534122459,0.8333869846344065
6zcx,4.774002780026165,3.494230245888468,0.7549843550762269,0.7764838862983875
6zcy,4.596787221580958,2.822583925029715,0.7785622899915108,0.8000618212136714
6zfh,4.492351547183935,2.534919011237244,0.7900624857105678,0.8115620169327284
6zgc,3.976232208586862,1.8499664876230217,0.7713771892944795,0.7928767205166402
6zgv,3.402531826030833,3.0616250159794243,0.8008650319965255,0.8223645632186861
6zgw,4.291498455184934,2.3652568818277184,0.7855756767108625,0.8070752079330231
6zgx,3.441095688387818,3.870916491168244,0.775923986120884,0.7974235173430446
6zgy,5.039503371598924,4.1977471095926315,0.8269985353550818,0.8484980665772425
6zgz,3.98449740863618,2.1660115057493146,0.7834267724885408,0.8049263037107014
6zh0,4.549305982170383,2.8076413190269043,0.7896076282641946,0.8111071594863553
6zoq,3.5104559422260793,5.037888563836074,0.7925660021617613,0.814065533383922
6zor,4.808318210560774,4.933394879441457,0.7755135112901108,0.7970130425122715
6zos,3.899107027759238,2.5230390286344786,0.7620006060686567,0.7835001372908174
6zqs,4.721990204327816,3.8870001754029633,0.7555747185499185,0.7770742497720792
6zwp,4.370855749359356,3.371394563311092,0.7960487915635122,0.8175483227856728
6zwr,3.839308779816084,3.5346230437109587,0.8080227561833097,0.8295222874054703
7a49,3.712891846472319,2.9366360095570005,0.7763875173978422,0.7978870486200028
7a52,5.067189080066905,3.991112245787892,0.7922486604861809,0.8137481917083416
7aax,4.937834806676712,2.666001654849077,0.8118872819108014,0.833386813132962
7aay,4.990773901094048,2.893130895195616,0.7885509759606874,0.810050507182848
7aaz,4.130755168578627,3.497631266388978,0.7957040963724035,0.8172036275945641
7aei,4.092794518712587,3.056972723906416,0.7707134141462524,0.792212945368413
7aem,4.443672254610004,3.24843508639624,0.8076462640680578,0.8291457952902185
7ahj,4.676295898029099,3.1654968225167663,0.8111218386289138,0.8326213698510745
7ajm,,,,
7ats,4.337807476961952,2.915257654433594,0.7451882884278033,0.7666878196499639
7auv,3.487595763299519,3.4010981100644293,0.7970069858033414,0.818506517025502
7avx,4.8864684697637735,4.6433761890182765,0.8578561063847255,0.8793556376068862
7avy,4.548006506314228,2.6246810309627286,0.7764817948399614,0.797981326062122
7aw1,3.419661128280442,1.959807145151089,0.7713417460847759,0.7928412773069365
7aw2,4.9694387179320305,2.040552206962301,0.7849698114552398,0.8064693426774004
7aw4,4.777367346982235,4.286220987456577,0.7644258509611322,0.7859253821832929
7awc,3.722809663830567,2.5149753098015775,0.7756955677262866,0.7971950989484472
7axa,3.8380970380193062,2.5071734341463228,0.777443605288645,0.7989431365108056
7axc,4.595308829573454,2.889825754416336,0.7807650794527016,0.8022646106748622
7axd,3.9750677170004094,3.548945212015742,0.7687623992093205,0.7902619304314812
7axh,4.335405369042887,2.5105755905129428,0.8070641990680973,0.828563730290258
7axi,3.8292319660979284,2.801907762234086,0.7935732593894516,0.8150727906116122
7ayh,5.14700077380264,3.486763493279024,0.7915777657621453,0.813077296984306
7b35,3.540478273395192,3.320290652706941,0.8019099698715612,0.8234095010937218
7b36,4.861680963663334,2.6642533224409166,0.7710308704940421,0.7925304017162027
7b3q,4.130963715687214,2.7858190832310137,0.7765924347631561,0.7980919659853167
7b3t,5.42747177055586,4.133717308212505,0.8139353773224662,0.8354349085446269
7b3v,3.388891791075778,1.4803869024221485,0.7807760354549546,0.8022755666771152
7b3w,3.0381031697144687,2.3217136766283013,0.7992961978484256,0.8207957290705863
7b3z,3.235170601495483,2.3938803109687323,0.8021421866063164,0.8236417178284771
7b40,5.27068835975312,3.2976757642890253,0.7880795448737121,0.8095790760958728
7b41,4.213165060917066,2.6272643251540373,0.7816103399514028,0.8031098711735635
7b42,4.838364071452229,3.0332243109505654,0.7946725781178724,0.816172109340033
7b43,4.559559258009984,2.5054816504330057,0.8048018900877183,0.8263014213098789
7b6f,4.338892644527702,3.2656206177034726,0.7744076422222775,0.7959071734444382
7b7s,4.940711370260311,2.8929494802644853,0.7748831746995392,0.7963827059216998
7b8w,4.74371796102246,3.5746199618686263,0.7556800005180753,0.7771795317402359
7bcm,4.464095139941258,3.0950739337254363,0.7629513626897579,0.7844508939119186
7bdo,4.312862142253963,2.35787481598492,0.8082689667349598,0.8297684979571205
7be5,4.4389359250781375,2.126928953913812,0.8100170783819916,0.8315166096041522
7bjm,4.615462025047589,3.152422790864243,0.8033160697670473,0.8248156009892079
7bjo,3.824920542213783,2.617847360420562,0.807920081208763,0.8294196124309237
7bjr,4.819530669254032,2.413407480261699,0.7713958365777808,0.7928953677999414
7bjx,5.3076470785709775,1.7107394856155982,0.7788348234606121,0.8003343546827727
7bk1,4.641082765228322,3.5714609243790725,0.8089459979292274,0.830445529151388
7bk2,4.37980336431394,6.26986938925323,0.7796497468902218,0.8011492781123825
7bk3,4.842655412349986,3.3536239493480884,0.8006017193446432,0.8221012505668038
7bmk,5.339621152593143,2.4986931236418726,0.7721170227390273,0.7936165539611879
7c3g,4.065804596678072,4.679699072374673,0.7675487862640912,0.7890483174862518
7c6q,,,,
7cbx,4.040423434183095,2.8161636537655337,0.8015539240085203,0.823053455230681
7chm,3.977164011902038,2.00451324880671,0.7841500802985814,0.805649611520742
7chn,,,,
7cht,3.4975693076082304,3.5425613598813084,0.7904760265916617,0.8119755578138224
7cil,3.478380364040572,3.149628807115488,0.7779556753932103,0.799455206615371
7cja,3.8483929527631093,2.649305366307217,0.7759124433005682,0.7974119745227288
7clh,4.602803828178059,2.600027965575628,0.8042688575234858,0.8257683887456464
7cmb,4.257713683751146,3.340623888576742,0.8173835804966937,0.8388831117188543
7cp3,4.6210870445941765,2.742704728676448,0.7829004796757038,0.8044000108978644
7cp4,4.203822070704092,2.08353059739764,0.7988284262177783,0.8203279574399389
7d42,5.030032008762781,4.207914217228407,0.7803254235534468,0.8018249547756074
7d5o,3.944625279879582,2.522584052732932,0.8136494271496402,0.8351489583718008
7dg4,3.7909952479622167,2.453574965062925,0.7701577984754852,0.7916573296976458
7dhk,3.1444387060628203,3.0775425843870288,0.8248134476145312,0.8463129788366919
7du8,4.606515551066907,4.3911305885914125,0.7984946646221726,0.8199941958443332
7du9,4.4836822104785865,2.321176976185497,0.78457004394969,0.8060695751718506
7e2e,4.497158810902215,4.509790725670264,0.7566276656008357,0.7781271968229964
7efq,4.453747920865624,3.224310249997368,0.7877001142773921,0.8091996454995527
7eo2,,,,
7eo4,5.11211727501343,2.408090478238824,0.7597407853074054,0.781240316529566
7f3g,3.749478270310447,2.0724034039011583,0.7706121350875084,0.792111666309669
7f3m,4.005436862220987,2.182954655240663,0.7811546187721676,0.8026541499943283
7fcz,4.4585708946471785,4.5579259726163475,0.7772571621852216,0.7987566934073822
7fd0,4.132782377811351,3.4385561846959907,0.7783974914890833,0.799897022711244
7feh,4.098147615589494,2.90272544633489,0.7892374745976184,0.810737005819779
7jhd,4.077745762514949,3.641222581327678,0.7949888564679959,0.8164883876901565
7ju5,,,,
7ju6,4.191137110146876,2.621996733025676,0.7815937764284718,0.8030933076506325
7jv5,,,,
7jvp,5.001424917702014,2.2966756401681407,0.779053316104526,0.8005528473266866
7jwe,3.556464354824751,2.495051382583153,0.7947732018215302,0.8162727330436909
7jxm,4.155026713754689,2.022662693711064,0.8021455813107283,0.823645112532889
7jxq,4.063868342764335,3.2447422554727243,0.8130272107141848,0.8345267419363455
7jxx,5.060839895416757,1.809931946723169,0.806577967440098,0.8280774986622587
7jxy,4.639644552219537,2.015816933722449,0.7727784215064771,0.7942779527286378
7jyd,4.415672407003923,3.2311069880951337,0.7576899726502885,0.7791895038724491
7jye,4.129842042338212,1.8153219640317848,0.8095106657272931,0.8310101969494538
7k0v,4.2183850262812985,5.860467697170053,0.7489698987475091,0.7704694299696697
7kac,4.987201441272551,2.768941588920781,0.7894842509567304,0.810983782178891
7kbs,4.316657393809301,4.0387836574850295,0.7938179033319627,0.8153174345541233
7kja,,,,
7kjs,,,,
7kx6,3.972685385471534,2.5877989248623527,0.7617000036246754,0.783199534846836
7kxm,3.9701222553423703,2.0290473287112407,0.7522660898500179,0.7737656210721785
7kxp,4.546478397162899,6.0094675447889205,0.780123110161065,0.8016226413832256
7kxz,4.11785706285307,2.8356302261899184,0.7909125731775424,0.812412104399703
7l1v,4.4745632625828184,3.692977514516932,0.7933952675105185,0.8148947987326791
7l24,4.425000978466037,1.7369976269564387,0.8174465558410802,0.8389460870632408
7l25,5.055107161626422,2.6934571615407967,0.7687032162496948,0.7902027474718555
7l26,4.20077381355809,3.582511057873749,0.7965076732606041,0.8180072044827648
7l2h,4.337817230188503,3.131185767956869,0.7736603034828288,0.7951598347049894
7ljc,4.497065351014088,3.609343957721686,0.8341254930234827,0.8556250242456434
7lot,5.019105695581295,3.5186352812403334,0.7721239697570328,0.7936235009791934
7ltx,4.4027823882781,2.924759984172676,0.7838920030054212,0.8053915342275818
7lvh,3.826643039738603,2.6878222538050625,0.7999122306400293,0.8214117618621899
7lw1,3.857722359616746,3.1579224856722803,0.7691135014535069,0.7906130326756675
7m0k,4.70365829147384,3.326511424502275,0.783753326160901,0.8052528573830616
7m0l,3.951607907044926,3.0392902484758,0.7953405332920401,0.8168400645142008
7m2f,4.954128030934443,4.190602098161331,0.8293393727075121,0.8508389039296728
7mgj,4.94260771132862,2.4815195873561806,0.834252061657256,0.8557515928794166
7mon,4.10448176513402,2.407538272281862,0.7555308370160445,0.7770303682382051
7msa,4.760561457030887,2.1775106307006964,0.7470122792627092,0.7685118104848698
7n2a,4.463884212097147,3.1023599735064065,0.7742674226350393,0.7957669538572
7n4r,3.551539053919959,2.179358322969552,0.8080621948753878,0.8295617260975484
7n8t,,,,
7n91,4.24545941352455,4.608006879276492,0.8117711434368203,0.833270674658981
7n93,,,,
7n9g,4.216512528962434,1.94586755242769,0.8161663103590228,0.8376658415811834
7n9o,3.571067184265533,2.0283598386189827,0.7703693329407246,0.7918688641628853
7naa,5.030024253790083,3.559075416136669,0.8015603082446415,0.8230598394668022
7nb1,4.110655115777115,1.6954697739282072,0.7831885925410725,0.8046881237632332
7nb2,4.715771261710037,3.9671990345164163,0.778611898188201,0.8001114294103616
7nb3,,,,
7nec,3.957082277411934,3.035766889236306,0.8132822372041394,0.8347817684263
7nke,4.004272612701387,4.311185798046026,0.7915050866208717,0.8130046178430324
7nns,5.030701630300708,4.181209906132773,0.8075235388947264,0.829023070116887
7np5,3.2573619312672264,4.324703257954469,0.832180219172016,0.8536797503941767
7np6,4.707808632081974,3.223360811585346,0.7528647817124533,0.7743643129346139
7npc,4.811838754527382,3.2759659303133453,0.7735697244292015,0.7950692556513621
7nqq,4.475458639160644,2.3907347649923762,0.8154055858533124,0.836905117075473
7nqw,4.634943572162614,2.775299679506488,0.7928374682535385,0.8143369994756992
7nr3,4.564422325924989,3.6931735753079544,0.8113560323508542,0.8328555635730148
7nr5,3.849729396473803,3.650003618393529,0.786208214669682,0.8077077458918427
7nr8,3.8999425368434038,2.1075495438386644,0.8020891042918821,0.8235886355140427
7nr9,3.625481969035997,2.822679300447519,0.8011574584033759,0.8226569896255366
7nvq,5.466686873634221,3.578368045506351,0.7652265199302118,0.7867260511523725
7nxj,3.267072910821148,2.657556663459636,0.783545558242357,0.8050450894645177
7nzn,5.203322209516924,1.9689872501406214,0.7965241801081479,0.8180237113303085
7o7j,3.9481004324687543,2.609352093517934,0.8003827271938463,0.8218822584160069
7o7k,3.18262865877111,2.461550917993893,0.7862371608506461,0.8077366920728067
7oi4,4.729807684293567,3.604843628988544,0.8307019049975725,0.8522014362197331
7oij,4.661716007688194,2.6774971814139996,0.7859102583661631,0.8074097895883238
7oil,4.495669944298594,2.835484823034544,0.7787064969140851,0.8002060281362458
7ois,5.185004173799471,3.643343126640222,0.7958503367720025,0.8173498679941631
7ols,4.724349335011036,2.7285921161592004,0.8028455922411172,0.8243451234632778
7olv,3.190692385770686,4.152308698008034,0.7820651204312333,0.803564651653394
7olx,3.736285624643414,3.1457356143588866,0.770518860351544,0.7920183915737047
7opm,3.979343453482946,4.397628309939926,0.770293641084715,0.7917931723068756
7ote,4.6934834669973515,1.8659582516217008,0.7682203992306819,0.7897199304528425
7oy6,3.857829984306664,2.2027066263354658,0.8023736999439482,0.8238732311661089
7ozb,4.078593856062115,3.0500075711514087,0.7858417770187697,0.8073413082409303
7ozf,,,,
7ozx,5.041450872945486,2.5252155743998617,0.764776852951887,0.7862763841740477
7ozy,4.346658541756129,2.084580529624805,0.7615684790413795,0.7830680102635401
7p1l,4.300795005113841,1.4264868873637258,0.749932764046359,0.7714322952685196
7por,3.581837795034189,2.203778220053316,0.7592350316705035,0.7807345628926642
7pqv,4.036495761608391,3.415362304718808,0.8193081129443034,0.840807644166464
7prw,3.754493913220375,2.4126887541803024,0.8128722155357675,0.8343717467579281
7pue,4.693962961237068,2.941445889658324,0.7871735533644808,0.8086730845866414
7pus,4.2623951024078455,4.923818730582269,0.7928523509052507,0.8143518821274114
7q8y,4.0780349183282905,4.75615975856385,0.8045691085926332,0.8260686398147938
7q8z,4.327750255219392,2.900939907621173,0.7985964204636056,0.8200959516857662
7q90,4.733319911394027,2.529782533736152,0.7684080980682759,0.7899076292904366
7qaa,4.314739588031127,3.6157419943736864,0.7943834743610361,0.8158830055831967
7qb1,3.739782663839939,3.3865809288004036,0.8151763263154866,0.8366758575376473
7qfm,3.221576795258531,2.5451206939887796,0.7615547696439019,0.7830543008660625
7qgc,4.493498652955521,2.963635281010004,0.8170939314543807,0.8385934626765413
7qge,4.278751570926021,1.8885271891841244,0.7593396518976981,0.7808391831198588
7qgp,3.787704890994482,2.9978674005130865,0.7761181901216402,0.7976177213438008
7qhg,4.26153362492813,1.8721152999257433,0.7854843343045185,0.8069838655266791
7qp4,4.502087303439163,4.737822347924453,0.8232321122944455,0.8447316435166061
7qr9,4.521854943310487,2.615402904607453,0.7884288314110074,0.809928362633168
7que,3.807830320648487,4.640164754250777,0.8097847072310944,0.831284238453255
7quf,4.278343267387827,2.889129138194728,0.789964446749118,0.8114639779712787
7qvj,4.142902832849588,2.313104103967632,0.7970792430489356,0.8185787742710963
7qvl,3.9231536185317255,4.208283242561299,0.816566438468657,0.8380659696908176
7r62,4.127715869953062,2.6572482243495683,0.7618880860587635,0.7833876172809241
7r9l,4.8527302153094825,3.5054122140213946,0.7976491104844982,0.8191486417066588
7r9n,4.050741920049484,2.9096832577864307,0.8157411040267478,0.8372406352489085
7r9p,3.901271292950846,3.5572332628223653,0.8073477446828063,0.828847275904967
7r9t,3.827731494528495,2.4094572755401686,0.7993630409155388,0.8208625721376994
7rec,4.1363574333506605,2.759650443361154,0.8086959332455652,0.8301954644677259
7rio,4.4001530945075435,2.3544739590439923,0.7544238175711994,0.77592334879336
7riv,3.5895304006144912,2.9583367103191764,0.7535563030638331,0.7750558342859938
7rj6,4.562253215988402,2.5119764806166964,0.8017073198375042,0.8232068510596648
7rj7,4.5325282139266605,4.170531674340153,0.7903412895990544,0.811840820821215
7rle,5.842922931767582,5.373870989617698,0.7709831694488434,0.792482700671004
7rn6,5.145160087713201,3.8998246245836223,0.7548191399167602,0.7763186711389208
7rnm,4.656701018207695,2.407353797942424,0.7948160977757743,0.816315628997935
7rrx,4.6813386630458975,2.3462534883199084,0.7669868284462679,0.7884863596684285
7rry,4.135119466089166,2.3775665782428894,0.8257034643539544,0.847202995576115
7rrz,3.3916116057487264,4.220764724023196,0.785862151812482,0.8073616830346426
7rs0,3.698405138883726,3.0754651253619367,0.8232460609555913,0.8447455921777519
7rs1,3.9742964682561923,2.4739406158524933,0.7665115852822799,0.7880111165044406
7rs2,3.630265014888259,1.3756198334597805,0.816357296292842,0.8378568275150027
7rs4,4.336652647286047,2.150266885066484,0.8057700966528796,0.8272696278750402
7rs7,4.425353997075476,4.536096262877682,0.802935587960512,0.8244351191826726
7rs9,4.196794999147205,3.779396494655629,0.790180397203737,0.8116799284258976
7rwf,4.099276962982172,4.1814188481566,0.796939399511104,0.8184389307332647
7rxo,4.608292709366234,3.3649249841460276,0.7817541190999147,0.8032536503220753
7s25,4.567375350291359,3.5918865571496603,0.7811660129603628,0.8026655441825234
7s4t,4.132876579384462,2.8205182091811203,0.791795452763814,0.8132949839859747
7s6u,3.7800906255069195,2.133946546668926,0.8179508883984804,0.839450419620641
7s6v,4.483551850997605,3.1958743709290083,0.7665226510175792,0.7880221822397399
7s7a,4.485686662687618,2.177358737648686,0.7813502356548181,0.8028497668769787
7s84,4.193468677841647,2.2099615301538282,0.7701472784156842,0.7916468096378448
7s85,4.453427651336817,2.073452901568217,0.7854377339096958,0.8069372651318565
7s9x,3.363249315120535,2.62606426974154,0.7669299001478588,0.7884294313700194
7siu,3.9769889864113734,1.3763056470737425,0.7863049458707889,0.8078044770929496
7sj3,4.2712303220976695,3.13276372857543,0.7490535210691732,0.7705530522913339
7ssb,5.434247037861614,3.4337986830296288,0.790482153111244,0.8119816843334047
7suh,4.615375676061689,2.475909243201856,0.8241370863556423,0.845636617577803
7sui,3.646628095799874,2.170771587989887,0.8121649030027874,0.8336644342249481
7suj,4.406079322911792,2.5960918789462646,0.7771846683367706,0.7986841995589312
7sza,4.5358264544572835,1.7695509145602197,0.7834907575520932,0.8049902887742538
7szc,4.408580391692423,3.7585993003878513,0.8077661034360691,0.8292656346582298
7szd,4.694330944593019,3.704988945139436,0.7677738365486487,0.7892733677708094
7t0p,4.9765670823983,2.3534185343781258,0.7924407036046538,0.8139402348268144
7t1t,5.032935173211091,3.153519671674259,0.7887140995302624,0.810213630752423
7t78,,,,
7t79,3.687324048286066,2.27918186719062,0.7481823121142378,0.7696818433363984
7te7,4.0957820159470355,2.1029722510476327,0.7685035096214565,0.7900030408436172
7trb,4.344045004110622,2.5565026359606784,0.7681894597247195,0.7896889909468802
7tt8,3.8712135745861147,1.6230920120104666,0.8243164376494158,0.8458159688715764
7udp,4.318065937417844,3.042282837749971,0.8083638098603735,0.8298633410825341
7uex,3.84572384197112,2.9242452652690534,0.81503996895886,0.8365395001810206
7uj7,4.325336180129797,1.3648702711982936,0.8251728519187138,0.8466723831408745
7uj8,5.618350633118768,2.5660886491785453,0.800197747118315,0.8216972783404757
7ujf,4.4291733589915045,2.027979423333844,0.7995819938198351,0.8210815250419957
7ujm,3.686311042755019,3.141896289881786,0.7746193916527985,0.7961189228749591
7ujo,4.815718441583742,2.7441790078790786,0.7628027928938095,0.7843023241159701
7ukz,3.2767117019104237,4.775112536748716,0.7778343926027707,0.7993339238249313
7ul4,4.240418750103929,2.964143455558389,0.7766612455569964,0.7981607767791571
7uy3,4.229056005457679,4.2069131287539445,0.7713489855943095,0.7928485168164702
7v3r,4.230972795717509,1.9137536213681796,0.8073675375932079,0.8288670688153685
7v3s,4.880915237917952,3.34881288261883,0.7912341724768448,0.8127337036990054
7vbt,5.056179270347241,2.863193502478661,0.7958980979547197,0.8173976291768803
7vbv,4.524808421474184,3.414434427020984,0.8082952480785761,0.8297947793007368
7vbx,4.120182082275607,4.846959621239314,0.7765349780113178,0.7980345092334784
7vdh,4.224302763537959,4.159701138929629,0.7911010910893421,0.8126006223115028
7vdq,4.875526211879662,2.1063112027054447,0.7939645523131453,0.815464083535306
7vdu,4.818470866947026,2.971831701375619,0.8022747651218967,0.8237742963440573
7vig,3.979402794407036,2.6178522610760138,0.7675273092055949,0.7890268404277555
7vkn,3.87366284794846,2.719363081782045,0.7687480720030877,0.7902476032252483
7vra,4.6264843912297495,4.7770405386003505,0.779632893443593,0.8011324246657536
7vto,4.168258867410239,3.340604274461017,0.7773164249294442,0.7988159561516048
7vue,,,,
7w3p,4.3756770488944134,3.184120918943907,0.7644763803154401,0.7859759115376007
7w3q,4.170977597499672,4.000471534561998,0.778543379773962,0.8000429109961227
7w5o,4.0821405917651346,2.330630393431412,0.7924278388056092,0.8139273700277698
7w7x,4.256634553531086,3.7367772250447224,0.7560793051932148,0.7775788364153754
7w7y,4.226190346967835,1.877639063700125,0.7592488529269767,0.7807483841491374
7wf5,4.075303876872493,2.74243903349477,0.7719300882708621,0.7934296194930227
7wlx,4.20888850583122,5.599737257972206,0.8325372422008935,0.8540367734230542
7wmg,4.216781955378398,2.726076290556501,0.7989985864235697,0.8204981176457303
7wmh,4.42088708581838,1.5866409368267147,0.801222174841181,0.8227217060633416
7wmj,4.770658759056259,2.9613427276701443,0.7592464803186105,0.7807460115407712
7wml,4.3309965977785465,2.200266087327918,0.7698272393729889,0.7913267705951496
7wmn,4.741038085696349,3.7885565815294795,0.8151247192070912,0.8366242504292518
7wmo,,,,
7xbi,3.580747087661462,3.928305576953497,0.7691543344620989,0.7906538656842595
7xc1,3.2784669594603706,1.932226726053356,0.784539409980744,0.8060389412029046
7xhy,4.63177853622036,3.41634081154555,0.8129612445372314,0.834460775759392
7xmk,4.093109655395126,3.441179610560357,0.8166260586785357,0.8381255899006963
7y1g,4.763743126585236,2.2454200933361017,0.8146598686800152,0.8361593999021758
7y4t,4.326283587993837,2.40528765123405,0.7763266638860588,0.7978261951082194
7y4u,3.88154570513614,3.238535889706162,0.816151457470179,0.8376509886923397
7y8f,4.404202947562952,2.773585872088241,0.795734650518549,0.8172341817407096
7y8g,3.664247850807579,3.8058076576241064,0.8117821551266207,0.8332816863487813
7ydx,4.5186351906841935,2.6768054362539333,0.7471211305601856,0.7686206617823462
7z4v,4.488959790887767,2.884724864277338,0.7981230631003574,0.819622594322518
7z5w,3.895444767456347,2.66999281658872,0.7742947147092383,0.7957942459313989
7z5x,5.133421931843738,4.081024477307635,0.7705829653741667,0.7920824965963273
7zho,4.415797176633767,2.9571399626362127,0.8217253865308065,0.8432249177529672
7zun,4.075593920426808,4.472626864878349,0.7900447933388206,0.8115443245609812
7zy0,5.3774232108414335,2.656186489408656,0.7955238841770279,0.8170234153991885
7zyd,4.2222410016192535,2.4102710803407503,0.767509979039392,0.7890095102615526
7zyk,4.122898252921734,2.409622594521765,0.7933496450250394,0.8148491762472
7zyr,4.751376067024067,3.7320907114347266,0.796870445738022,0.8183699769601827
8a5j,5.28078418962929,2.265002520874488,0.7920233583984083,0.813522889620569
8a66,4.396632518172363,3.2945222990072387,0.7941492370598195,0.8156487682819802
8aau,4.9816494398710995,1.6000801081230105,0.7899180415107823,0.8114175727329429
8ae7,,,,
8aec,5.1941080273068465,3.688634619455935,0.7806516871365642,0.8021512183587248
8aek,4.122482342378573,3.9031394515879256,0.790407595914861,0.8119071271370216
8an8,5.214685316413608,2.993127024446631,0.8119967771149682,0.8334963083371288
8ans,3.2640160726436527,2.4799736654243465,0.8030181956532451,0.8245177268754057
8ayn,4.480275979736032,3.961146219369488,0.7878895955235323,0.809389126745693
8b54,4.1087063619739,2.718220934268102,0.7760267197935794,0.79752625101574
8b8x,4.25966530904909,2.171539343665593,0.8007514732079393,0.8222510044300999
8b8z,4.2213450045901,4.152219010630592,0.7832482006882837,0.8047477319104444
8b90,3.712754391564585,2.942153649318242,0.7683508509351046,0.7898503821572652
8b9e,3.8999758944930982,2.267863414642488,0.8179361624492428,0.8394356936714035
8ba2,4.020971027946878,2.2607084992949487,0.8022547537944472,0.8237542850166079
8bab,5.244872115591459,2.807138071281697,0.7837987293174868,0.8052982605396475
8bem,3.582515385158748,2.2479548467453316,0.7719013820988847,0.7934009133210453
8bf2,,,,
8bff,4.020708892721467,1.6746346187026284,0.8045903864006486,0.8260899176228093
8bfv,4.852850656354705,4.2274919136584375,0.7881391918922382,0.8096387231143989
8bjt,4.973508225387449,4.932286214253968,0.832805973854649,0.8543055050768097
8bod,3.927200536256802,2.835093371052752,0.8318467287335045,0.8533462599556652
8bof,3.984083734303592,3.666162934548633,0.8355658741135232,0.8570654053356839
8bog,5.301652903237026,2.8662180706790386,0.7886620705377326,0.8101616017598933
8boh,4.29519326037115,2.8149945727636614,0.7973566994054183,0.818856230627579
8boi,4.08480409991159,3.3814997000572187,0.7990605263360829,0.8205600575582436
8bok,4.1738183232415205,1.9745684458286186,0.7952552450064312,0.8167547762285918
8bom,4.9273982638816145,3.075342631545299,0.8255039983805085,0.8470035296026691
8c7x,4.421441434536579,3.5557816172023085,0.7952750652461243,0.816774596468285
8cur,3.201343670009282,3.611883914241909,0.808837204075964,0.8303367352981247
8d6c,4.349330361290128,3.108021250336132,0.809145210136576,0.8306447413587367
8d6d,3.395431863204541,2.469578703660106,0.7770139366673983,0.7985134678895589
8d6e,4.414986487321624,3.158497845486451,0.7748845887882586,0.7963841200104192
8d73,4.809743972385277,2.230908274936361,0.8223631185805149,0.8438626498026756
8d76,4.612690679377695,2.6547871058778907,0.7818984497030895,0.8033979809252502
8dsy,4.0425847615832975,2.1022489062922167,0.8336533425423593,0.85515287376452
8dsz,3.969324055390051,3.4774750407591015,0.7899569375102644,0.811456468732425
8du6,4.359110135525375,3.2059128254825504,0.8092897819610039,0.8307893131831645
8du8,4.1273117458431825,2.69780823843278,0.8043574546193334,0.825856985841494
8du9,4.097651100542576,3.1874622199136446,0.761178912536119,0.7826784437582797
8dub,4.197385783552329,2.326031867418378,0.7753416511354537,0.7968411823576144
8duc,,,,
8dud,4.71138455489543,3.243267329725314,0.7782442148339488,0.7997437460561094
8dug,3.594215002376855,3.199347169348645,0.7923648595604417,0.8138643907826023
8duh,,,,
8dui,4.112630841666022,3.304256626930095,0.787723833207681,0.8092233644298417
8dus,4.773779174835742,1.7449393237608466,0.7872982036172185,0.8087977348393791
8dv5,4.411789086481839,2.0949337632553635,0.7821573326660218,0.8036568638881825
8dv7,4.577511297783582,2.2370219381729943,0.7818177966089954,0.8033173278311561
8dv8,4.276998604518708,3.616245613132556,0.808276044981438,0.8297755762035987
8dvb,3.763255953691859,3.5059495761339057,0.7811707519866468,0.8026702832088074
8e1x,5.209856158447755,2.9782376129390657,0.7861098650641511,0.8076093962863118
8e80,4.830815401595088,3.3918894803221042,0.8151889494671609,0.8366884806893216
8e81,3.9072922529407133,3.079818371392141,0.7886678613231363,0.8101673925452969
8eq5,4.110176613310303,1.494985092696754,0.7873761954363154,0.8088757266584761
8ev1,4.53157203216341,2.601019258477249,0.7923529091038967,0.8138524403260573
8f7p,4.008927087701052,3.4321773133860587,0.7890122261418057,0.8105117573639663
8fav,3.9877487904294764,2.3403621248327244,0.7944691425183883,0.8159686737405489
8fb1,5.0754597531947345,2.24734011058719,0.8211097085311115,0.8426092397532722
8fb2,3.749696033362118,2.1892794124434882,0.8075602871697143,0.8290598183918749
8fjz,5.003177780132477,4.37287384528524,0.7796656176044146,0.8011651488265752
8fko,3.6847160205896796,2.0856453501530825,0.7921907670404025,0.8136902982625631
8flv,4.791189003771686,4.6371488025044805,0.7902177822924276,0.8117173135145882
8fp3,5.334007256951542,3.249475761926304,0.7839709561879408,0.8054704874101014
8fpe,4.760872640577503,2.6747860780217287,0.787360694687371,0.8088602259095317
8gvj,3.73322262246967,3.631177629954717,0.7814648315295066,0.8029643627516673
8h6p,4.451833601865002,1.9550403194428556,0.7867049982359108,0.8082045294580714
8h6t,4.431773446542568,3.720836032624284,0.7704310916308771,0.7919306228530377
8hdo,4.815383963899617,3.382027962178907,0.7713155680673902,0.7928150992895509
8hmu,,,,
8VQ4,4.151623847035003,3.01390904592491,0.7832074415892928,0.8115089002682443
