PDB_ID,pose rmsd,pocket rmsd,qs score,lddt-pli,Index,Rank,QS_Score,lDDT
5r91,4.456327747352082,0.494847773241435,0.9546611894945124,0.9633562025135932,2.0,4.0,1.0,0.5505
5r98,3.958280271854925,0.661909607334524,0.9679649216857696,0.9871574226157164,3.0,6.0,1.0,0.9333
5r9a,4.142802130213079,0.3691468886343556,0.96042022429906,0.9796127252290066,5.0,6.0,1.0,0.9186
5r9b,4.051998498475215,0.4538547907410996,0.9769894705304111,0.9961819714603576,3.0,4.0,1.0,0.9314
5r9c,4.032847393181484,1.0306059605370486,0.9374214943658464,0.9566139952957928,5.0,6.0,1.0,0.936
5r9f,4.318998510817179,0.63236385294454,0.95112974440657,0.9703222453365165,0.0,6.0,1.0,0.9216
5r9g,3.9897594915413834,0.6249942567968775,0.9519880359999144,0.9711805369298608,8.0,7.0,1.0,0.9428
5r9j,4.467774162198634,0.6230825438186024,0.9867346459935112,1.0,5.0,4.0,1.0,0.9478
5r9p,4.597443144403098,0.6078994598036811,0.9490593820551368,0.9682518829850832,4.0,6.0,1.0,0.9513
5r9s,4.707129029786181,0.5842769191524703,0.9519353943448976,0.9711278952748442,1.0,1.0,1.0,0.947
5sav,4.923102114435483,0.3398039619119388,0.9454301671230713,0.9646226680530176,0.0,7.0,1.0,0.9509
5saw,4.198185565329611,0.5138233714809226,0.9221084205968583,0.9413009215268048,6.0,4.0,1.0,0.9438
5saz,5.180634670222629,0.4923853574193231,0.9615487654466447,0.9807412663765912,2.0,9.0,1.0,0.9426
5sb0,3.8244666790290562,0.4076307499672164,1.0,1.0,1.0,1.0,1.0,0.9574
5sb1,4.662262678039195,0.5677806649296624,0.9248642546042675,0.944056755534214,0.0,6.0,1.0,0.9564
5sb2,3.8247951357940844,0.49276358805365306,0.9822095171623311,1.0,0.0,8.0,1.0,0.9035
5zjy,4.9871155623873955,0.3944714694818264,0.9843191335087307,1.0,0.0,6.0,0.9696,0.9566
5zjz,4.754124570399968,0.6387753942844032,0.9677622061517719,0.9869547070817184,0.0,8.0,0.9727,0.9589
5zk5,4.679622032596413,0.8049390950096649,0.9832521001004336,1.0,0.0,2.0,0.9774,0.9543
5zk7,4.015311455859094,0.7683509514885315,0.9810383619067344,1.0,5.0,5.0,0.9655,0.9354
5zk9,4.500003757810999,0.5626699494264019,0.9401624171501083,0.9593549180800548,0.0,1.0,0.957,0.9516
5zlf,4.449644479026127,0.5964375226899834,0.9729248417091416,0.992117342639088,2.0,7.0,0.9522,0.8537
5zml,4.400259232505023,0.6788096346164647,0.9510397960452672,0.9702322969752138,0.0,1.0,0.9655,0.9596
5zr3,4.511572860248052,0.5243770703166551,0.9693770765364192,0.9885695774663658,2.0,9.0,0.7539,0.8015
5zxk,4.597168027081903,0.43090786363666317,0.9372695656429111,0.9564620665728576,0.0,1.0,1.0,0.9636
6a1c,4.26155985591833,0.50681959108813,0.9560551622436793,0.9752476631736258,7.0,5.0,1.0,0.9497
6a6k,4.233437721404229,0.5023317487740702,0.9743556254770265,0.993548126406973,2.0,1.0,0.9728,0.9283
6a73,4.553264521064183,0.508904902684878,0.9477727155892428,0.9669652165191894,0.0,8.0,0.9213,0.8188
6agt,3.848578731277676,0.48535886890367635,0.9121058016847479,0.9312983026146944,14.0,8.0,0.9818,0.9587
6ahs,4.4520158944408355,0.6058819240636896,0.9813254963214203,1.0,0.0,1.0,1.0,0.9691
6bqd,5.071115411797717,0.4821778084252509,0.9679652840178519,0.9871577849477984,0.0,1.0,0.9406,0.7781
6c85,4.540706213061739,0.6798068977600245,0.97170324557075,0.9908957465006966,1.0,2.0,0.9876,0.9724
6cjj,4.96196653405498,0.4860310563927931,0.9303416848206373,0.9495341857505838,3.0,3.0,1.0,0.9342
6cjp,4.5592575801380715,0.47044381267411306,0.9240799896253205,0.943272490555267,1.0,1.0,0.936,0.8934
6cjr,5.029914296272266,0.45848028914700567,0.9544389252763884,0.973631426206335,1.0,8.0,0.9361,0.8632
6cjs,4.518498081943116,0.39435254827465865,0.9611906859447377,0.980383186874684,0.0,1.0,1.0,0.8959
6cyg,5.1836615999654025,0.6422930136673369,0.9469998095784511,0.9661923105083976,2.0,1.0,0.9452,0.9237
6cyh,4.7768501150417455,0.6156015283613934,0.9862516774538485,1.0,2.0,5.0,0.9496,0.8738
6d07,4.621221326601884,0.6335768749940102,0.9434099965969155,0.962602497526862,0.0,9.0,0.9673,0.9366
6d08,4.445450281057415,0.7504909549040719,0.9674334791034425,0.986625980033389,5.0,10.0,0.9341,0.8743
6d3y,3.9166842743831323,0.7054691082493282,0.9599426606716899,0.9791351616016364,0.0,1.0,0.9714,0.9558
6d40,4.156503223134587,0.5039624149459587,0.9788986565313075,0.998091157461254,1.0,4.0,0.9653,0.9501
6dyz,4.6836061447552435,0.9664861923132413,0.9555483922232428,0.9747408931531892,1.0,1.0,1.0,0.9769
6dz2,4.036536571463374,0.8807274133533673,0.968948812774528,0.9881413137044744,0.0,6.0,0.9746,0.9645
6dz3,4.214891037428583,0.491112052278466,0.9863371938770499,1.0,8.0,9.0,0.982,0.9659
6e3m,4.67172065465989,0.4463040662128597,0.9753348486367861,0.9945273495667326,1.0,6.0,1.0,0.8912
6e3n,4.385255654459804,0.6350552189321882,0.9393475124591633,0.9585400133891098,1.0,5.0,1.0,0.891
6e3o,4.506749887099497,0.4451517811642193,0.968601148235916,0.9877936491658624,1.0,2.0,1.0,0.8957
6e3p,4.720421208424953,0.5651402991481415,0.9343566376406488,0.9535491385705954,1.0,8.0,1.0,0.9424
6e3z,4.7667109546017326,0.5306364302517114,0.9786222295603381,0.9978147304902844,0.0,9.0,0.9198,0.9617
6e4c,4.49791475084788,0.8857582574632358,0.920339779709556,0.9395322806395024,0.0,9.0,1.0,0.8645
6e4v,4.606138839080525,0.4414810106409426,0.9586161647958923,0.9778086657258388,0.0,10.0,1.0,0.9697
6e6j,4.609473103350549,0.6132239209468251,0.9727357144026773,0.9919282153326238,2.0,8.0,0.9706,0.9452
6e6v,4.972768827937946,0.605571595967721,0.9836280838092496,1.0,0.0,1.0,1.0,0.8701
6e6w,4.551741975853334,0.5393893965409862,0.9402094571839172,0.9594019581138636,0.0,4.0,1.0,0.8811
6eeb,4.479656709335611,0.39898071030877247,0.9296712522275227,0.9488637531574692,2.0,4.0,1.0,0.6994
6fcj,4.942470154771172,0.8125430933699239,0.9578505774766136,0.97704307840656,0.0,2.0,1.0,0.9302
6fe5,4.654088036108206,0.40447507527702986,0.9558597084612719,0.9750522093912184,3.0,10.0,1.0,0.9712
6ffe,4.352509833289059,0.5057154047549507,0.9677285733912833,0.9869210743212296,4.0,10.0,1.0,0.9332
6fff,4.508126521715923,0.7112759484121178,0.9768720560076645,0.996064556937611,0.0,9.0,1.0,0.9148
6ffg,4.4046485761303025,0.7637401194714517,0.9675957575959451,0.9867882585258916,1.0,9.0,1.0,0.9335
6ftf,4.653013052097758,0.6709740844927454,0.9974866180963456,1.0,4.0,2.0,1.0,0.9041
6g24,5.217473394518298,0.5797736369706789,0.9628541060331777,0.982046606963124,0.0,10.0,1.0,0.9463
6g25,4.602040882218796,0.43894016205673747,0.9846450229502305,1.0,0.0,8.0,1.0,0.9319
6g27,4.5571150872713115,0.3894605649024654,0.9673173479166373,0.9865098488465838,0.0,8.0,1.0,0.9357
6g29,5.612951120430763,0.6379973021785932,0.9201383077260367,0.9393308086559832,0.0,1.0,1.0,0.9437
6g2b,4.285578198441767,0.7398493355802215,0.9331438627795708,0.9523363637095176,0.0,3.0,1.0,0.9364
6g2c,4.321670785809486,0.293021935916948,0.9877650967174323,1.0,0.0,9.0,1.0,0.9309
6g2e,5.1455361755621745,0.6045205210631801,0.9762867746262308,0.9954792755561772,0.0,9.0,1.0,0.9633
6g2f,4.857435153844884,0.5757450845750678,0.9656800392002487,0.9848725401301952,0.0,5.0,1.0,0.9265
6g2o,5.4946042796681835,0.496352940801016,0.9368676916788968,0.9560601926088432,0.0,1.0,1.0,0.9366
6g3c,4.1460266470718565,0.4284758232589362,0.957855989779278,0.9770484907092246,11.0,8.0,0.9271,0.8565
6g5u,4.61050793181594,0.522026537381258,0.9492781190434089,0.9684706199733552,0.0,9.0,0.9727,0.9735
6g9f,5.719339553744417,0.7151574221963201,0.960626791705488,0.9798192926354344,0.0,3.0,1.0,0.9533
6gbw,4.62457513649969,0.6166766984345082,0.9493537353988223,0.9685462363287688,0.0,2.0,0.9384,0.9252
6gdy,4.235439795444714,0.6137852078794249,0.9424543317267139,0.9616468326566604,12.0,9.0,0.9837,0.9627
6gga,4.718649146639297,0.48224004010004956,0.9602154043919511,0.9794079053218976,3.0,1.0,0.9609,0.948
6ggb,4.9298107073657516,0.296887572527281,0.9469387350832217,0.9661312360131682,5.0,7.0,0.9407,0.9503
6ggd,3.8465037315147934,0.7057874928887968,0.9435161996278221,0.9627087005577686,0.0,1.0,0.9502,0.9569
6gge,4.801141905154088,0.36951873127343765,0.9443508280734149,0.9635433290033614,2.0,9.0,0.9446,0.9508
6ggf,4.937680987986589,0.623083198242867,0.9660569751362679,0.9852494760662144,1.0,3.0,0.9492,0.9541
6gj5,3.9951993551006932,0.6607504722857803,0.9693351300805845,0.9885276310105308,0.0,9.0,0.9666,0.9001
6gj6,4.157495334373772,0.5079363681241701,0.9667652144056177,0.9859577153355642,1.0,4.0,1.0,0.9217
6gj7,4.553055339966821,0.42185344673946906,0.9611780157198044,0.9803705166497512,2.0,8.0,1.0,0.9456
6gj8,4.94754472678332,0.8060023021545051,0.9533348067718931,0.9725273077018396,0.0,6.0,1.0,0.8756
6gwe,4.245045723840246,0.44525151089807546,0.9695476749381579,0.9887401758681044,8.0,1.0,0.9531,0.9163
6gzy,3.9694717364529026,0.551252096372072,0.9691972845812307,0.9883897855111772,0.0,8.0,0.8666,0.7356
6h12,3.8166522709405,0.6931665064624808,0.94588798093185,0.9650804818617966,13.0,8.0,0.9758,0.9798
6h13,3.7284637881174882,0.6781106931570223,0.9532692231525136,0.9724617240824602,6.0,6.0,0.9709,0.9744
6h14,4.491631502986854,0.6928404006604957,0.9795438287527548,0.9987363296827012,5.0,4.0,0.9751,0.98
6h7d,4.162236789014747,0.4795780152690889,0.9418145340814821,0.9610070350114286,4.0,6.0,1.0,0.9291
6hbn,3.9300293004965177,0.6796950621310267,0.9587575886233295,0.977950089553276,6.0,4.0,0.9716,0.9425
6hhg,5.252436872965848,0.48056525656448446,0.9682214239617029,0.9874139248916493,0.0,8.0,1.0,0.7443
6hhh,4.625644372460043,0.7367915064987142,0.9751121116752772,0.9943046126052236,0.0,1.0,1.0,0.7186
6hhi,,,,,,,,
6hhj,5.496561492351832,0.27533365156265466,0.933339465102702,0.9525319660326484,0.0,10.0,1.0,0.7242
6hhp,,,,,,,,
6hhr,5.183596693683176,0.7760094681904839,0.9389375382202436,0.95813003915019,1.0,5.0,1.0,0.9377
6hj2,3.6403956695375443,0.6678248646645946,0.9319018158869863,0.9510943168169328,1.0,3.0,1.0,0.9452
6hlb,4.829082400970009,0.845832831248193,0.9539440275694588,0.9731365284994052,1.0,4.0,1.0,0.9509
6hld,4.269802144038032,0.6387409512708314,0.9508982639955053,0.9700907649254518,0.0,9.0,1.0,0.956
6hle,4.338396642213724,0.7851115496396373,0.947618695398136,0.9668111963280828,10.0,5.0,1.0,0.9656
6hmt,4.371250546477802,0.33105093070383507,0.9403665886157935,0.95955908954574,0.0,1.0,1.0,0.9175
6hop,4.042744394794953,0.5026512575813828,0.975979834225954,0.9951723351559006,3.0,9.0,1.0,0.9464
6hoq,4.486337726024388,0.8067886247716796,0.9474342336076425,0.966626734537589,2.0,2.0,1.0,0.9553
6hor,4.165499527389104,1.2822740040430753,0.9757521372862749,0.9949446382162213,3.0,10.0,1.0,0.9548
6hot,4.006288714201141,0.6268825074851507,0.9617624239220612,0.9809549248520076,3.0,1.0,1.0,0.9503
6hou,4.3167960748552145,0.4427534864039482,0.9505155559489868,0.9697080568789332,0.0,3.0,1.0,0.9526
6hv2,4.785140899976419,0.39885654167811346,0.9314769599005303,0.9506694608304768,4.0,9.0,1.0,0.8848
6hza,4.247261615111071,0.5865117705967936,0.9394386036319304,0.9586311045618768,1.0,7.0,1.0,0.9672
6hzb,4.179428677095533,1.0085354659058652,0.9929947028607988,1.0,6.0,10.0,1.0,0.9699
6hzc,4.052061075134868,0.5443860309730347,0.9943522634694024,1.0,8.0,5.0,1.0,0.9676
6hzd,4.5311748046326645,0.46262901811696455,0.9523847101427309,0.9715772110726774,7.0,4.0,1.0,0.96
6i61,4.233167452924311,0.5433889672642714,0.9431975649998416,0.962390065929788,1.0,7.0,1.0,0.9436
6i62,4.975512175620855,0.5536967795644715,0.9596954437881065,0.9788879447180528,0.0,7.0,1.0,0.9429
6i63,5.348427690766286,0.606151510753969,0.9778609547584308,0.9970534556883772,0.0,8.0,1.0,0.9507
6i64,4.654185663938756,0.6481066162231734,0.9587409104037472,0.9779334113336938,3.0,10.0,1.0,0.934
6i65,4.939009843718679,0.30247838530030907,0.9603259445566367,0.9795184454865832,0.0,1.0,1.0,0.9495
6i66,4.528224341866886,0.8639229630550468,0.9590829819601651,0.9782754828901116,2.0,7.0,1.0,0.942
6i67,5.262114978185352,0.2837803365768738,0.9327872809802624,0.9519797819102088,2.0,6.0,1.0,0.9503
6i74,5.00200702790882,1.059906253036118,0.946803404117678,0.9659959050476244,0.0,2.0,1.0,0.9835
6i75,5.109308998867567,0.6024710579966726,0.9698818392573316,0.989074340187278,0.0,6.0,1.0,0.9849
6i76,4.659135506879385,0.6788240268178508,0.9636988748211627,0.9828913757511092,0.0,2.0,1.0,0.986
6i77,5.3310666006278264,0.6004001164964559,0.9611772767851853,0.9803697777151318,0.0,1.0,1.0,0.9854
6i78,4.865466769021227,0.647093922834221,0.9468846795336309,0.9660771804635772,0.0,3.0,1.0,0.9854
6i8m,4.161778082218572,0.5763385595929191,0.9666410879507052,0.9858335888806516,0.0,9.0,1.0,0.9474
6i8t,4.300632625928948,0.6796678172113606,0.9670563046384688,0.9862488055684152,0.0,1.0,1.0,0.9339
6i9a,4.387533865904105,0.599865892695937,0.9264803457531007,0.9456728466830472,6.0,10.0,0.9831,0.9704
6ibx,4.563183777148518,0.45967091361759166,0.9593061911524077,0.978498692082354,4.0,9.0,1.0,0.9248
6iby,4.510045925564221,0.5192065166693808,0.9261374705096275,0.945329971439574,3.0,3.0,1.0,0.9037
6ibz,4.700676432261535,0.37608574182307225,0.9694475888420252,0.9886400897719718,0.0,1.0,1.0,0.9062
6ic0,4.006977858386655,0.6699768223164689,0.9428838580550984,0.9620763589850448,1.0,4.0,1.0,0.9074
6inz,4.262180216290053,0.5833745386510562,0.9916415264257684,1.0,2.0,4.0,1.0,0.8908
6izq,4.365991872748959,0.6902298588422519,0.9631482456371683,0.9823407465671148,0.0,3.0,0.9707,0.9605
6j06,3.973958495518981,0.48932711288466246,0.9571066740588776,0.976299174988824,11.0,6.0,0.9802,0.9589
6j9w,5.1696173077346685,0.47579051655194576,0.9491572329539123,0.9683497338838588,0.0,7.0,1.0,0.9647
6j9y,4.638406142552887,0.5821340694052738,0.9570529443062823,0.9762454452362288,1.0,6.0,1.0,0.9447
6jad,4.575817106087463,0.5692792667244067,0.9752475759009992,0.9944400768309458,0.0,2.0,1.0,0.9636
6jag,4.386294317601487,0.545324655678038,0.9370130049711024,0.956205505901049,1.0,7.0,1.0,0.9512
6jam,4.2127974625341755,0.5833985876937307,0.9338984250458848,0.9530909259758312,2.0,9.0,1.0,0.9694
6jan,4.137862492407756,0.7775932446643012,0.9558447600719117,0.975037261001858,4.0,4.0,1.0,0.9492
6jao,4.600716098738226,0.6634430444022501,0.9897028692962269,1.0,0.0,7.0,1.0,0.9587
6jap,4.260479597201698,0.46255487772697196,0.9714813480720472,0.9906738490019936,1.0,7.0,1.0,0.9664
6jaq,4.681311138881741,0.9459786915603761,0.9203136561482167,0.9395061570781632,1.0,5.0,1.0,0.9682
6jb0,4.608532523648368,0.37753306455362506,0.9573517254868616,0.9765442264168082,0.0,7.0,1.0,0.9674
6jb4,4.428510017420313,0.4426264071254515,0.9880836218495797,1.0,3.0,1.0,1.0,0.9568
6jbb,,,,,,,,
6jbe,4.222644778279275,0.5558015080525204,0.9760277511079887,0.9952202520379352,5.0,7.0,1.0,0.9609
6jib,4.189462278607827,0.6208565086173008,0.9738250339539408,0.9930175348838872,0.0,2.0,0.9849,0.9511
6jid,4.392495863657233,0.6488448932340996,0.9653184005541653,0.9845109014841118,2.0,5.0,0.984,0.9548
6jlr,5.057710060130274,0.48848605095064757,0.9404446278892427,0.9596371288191892,0.0,9.0,1.0,0.8613
6jmf,4.193497302532855,0.9557977149342427,0.9630636790553024,0.9822561799852488,0.0,8.0,1.0,0.9598
6jon,4.950938153185124,0.4867647152989611,0.9474402647172092,0.9666327656471556,2.0,10.0,1.0,0.9135
6jpe,4.424876768036116,0.4682668228234735,0.965185282649578,0.9843777835795244,0.0,4.0,1.0,0.9164
6jrj,6.003118739436385,0.4954396265358011,0.9746526765559477,0.993845177485894,0.0,8.0,1.0,0.8704
6jrx,5.116752396772917,0.704210900427697,0.9569068208205225,0.976099321750469,0.0,8.0,1.0,0.8974
6jse,3.782065744328388,0.4399591269450664,0.9747356684257185,0.9939281693556647,2.0,4.0,1.0,0.9686
6jsf,,,,,,,,
6jsg,4.452366408787981,0.7472622186891664,0.9803343066887464,0.999526807618693,4.0,4.0,1.0,0.9602
6jsn,4.243764543659868,0.644661169145231,0.9655309131135477,0.984723414043494,1.0,1.0,1.0,0.9662
6jsz,,,,,,,,
6jt3,4.729474026392468,0.8670543092534397,0.9565049507731779,0.9756974517031244,3.0,7.0,1.0,0.9668
6jut,5.273525053806095,0.6173568066157773,0.9558941442384749,0.9750866451684213,0.0,5.0,1.0,0.9363
6juu,5.559881552707367,0.6808321182291641,0.9773712573037132,0.9965637582336596,0.0,10.0,1.0,0.9398
6jux,5.342351700658913,0.43045638506804207,0.9907703244337447,1.0,1.0,9.0,1.0,0.9668
6jwa,4.576487944058782,0.3717937030631503,0.9588788072529765,0.9780713081829228,4.0,8.0,1.0,0.9541
6k04,4.960806946265242,0.7094632456835982,0.9686601755132015,0.987852676443148,0.0,9.0,1.0,0.9572
6k05,4.4916104899737395,0.727824259628028,0.9769220368913952,0.9961145378213416,0.0,5.0,0.9683,0.8838
6k1s,4.592503409403014,0.5433993720145383,0.9516144493106532,0.9708069502405998,3.0,1.0,0.9785,0.958
6k3l,4.6884910521880965,0.5513008240766712,0.9416836619248691,0.9608761628548156,0.0,1.0,1.0,0.9676
6k9g,4.564578223130129,0.4187238532113299,0.9463765114553236,0.9655690123852702,3.0,4.0,0.9721,0.9028
6k9h,4.301466113216989,0.3866772576575055,0.9755673107270636,0.9947598116570102,1.0,5.0,0.9747,0.899
6k9m,4.598861814458665,0.6374025608077374,0.9679171459664933,0.9871096468964397,0.0,5.0,0.9683,0.9171
6kjd,4.161499059839819,0.6213526342588895,0.9792922363609279,0.9984847372908744,3.0,3.0,0.9863,0.9831
6kjf,4.917263668783898,0.5152781270265903,0.9724207972501936,0.9916132981801402,0.0,6.0,0.9841,0.9807
6knr,4.632592480973175,0.4109111456135481,0.9638250653419784,0.9830175662719248,0.0,4.0,0.9699,0.9187
6ktn,4.928475133577768,0.5058791973653767,0.9831788317963315,1.0,0.0,8.0,0.9435,0.9373
6kxx,5.10750880085836,0.596885040691623,0.9755550279906796,0.994747528920626,0.0,10.0,0.9657,0.9587
6l37,4.347362402286473,0.7624530697414845,0.9535015106693795,0.972694011599326,2.0,2.0,0.9479,0.8972
6l88,4.7754094356391175,0.8202338276311759,0.9667513009363364,0.985943801866283,1.0,10.0,0.9499,0.9151
6lil,4.195904864888277,0.7046383290941455,0.9797672748955613,0.9989597758255075,2.0,4.0,0.9806,0.9476
6lin,4.217957096079404,0.6036077114991569,0.9743465862997804,0.9935390872297272,0.0,7.0,0.9793,0.9574
6lio,3.9160863234374177,0.6240913333412641,0.9977916527136996,1.0,3.0,2.0,0.9826,0.9558
6lit,4.380103460355182,0.45549957009567976,0.9448393688452235,0.96403186977517,0.0,10.0,0.9636,0.9309
6lvk,4.128053527773411,0.7837772703363124,0.9375649042823748,0.9567574052123212,3.0,6.0,0.9472,0.9296
6lvl,3.994585347606977,0.556603345706987,0.9825455394197636,1.0,0.0,4.0,0.9512,0.9357
6md6,4.057787993837027,0.456364684602617,0.9589222467642781,0.9781147476942244,2.0,10.0,1.0,0.9844
6mhb,3.6524728311857353,0.5608354234661507,0.9684532178750395,0.987645718804986,2.0,4.0,0.98,0.9579
6mhc,,,,,,,,
6mhd,4.093739841100651,0.47938844945797526,0.9366401411071399,0.9558326420370864,5.0,1.0,0.9868,0.9677
6mo7,,,,,,,,
6mo8,4.33761058143461,0.5212204183246983,0.940559430197048,0.9597519311269944,1.0,2.0,0.969,0.9125
6mo9,4.226400512567414,0.4405627465737055,0.9518085172478793,0.9710010181778258,1.0,9.0,0.9202,0.8254
6moa,4.203102132473395,0.5800843447920498,0.9431503763601439,0.9623428772900904,0.0,2.0,1.0,0.9115
6n0m,4.987044480779264,0.48348552437333886,0.990558073682766,1.0,3.0,6.0,0.7431,0.8898
6n4e,4.492141940685617,0.5997015864776861,0.9678721787021463,0.9870646796320928,1.0,4.0,1.0,0.9768
6n53,4.031973324133101,0.7274606461138702,0.9322553351365073,0.9514478360664536,2.0,10.0,0.9785,0.9287
6n55,4.542746175256981,0.6247398153241962,0.9811754550224676,1.0,6.0,4.0,0.9083,0.9074
6n8x,4.153309991021669,0.47596780427918867,0.9725562691315168,0.9917487700614634,0.0,9.0,1.0,0.921
6n92,4.234330479059582,0.5317119921392505,0.9468913071511135,0.96608380808106,2.0,10.0,0.9873,0.9763
6n93,4.74218012217293,0.5373020848046197,0.9764024657719123,0.9955949667018588,13.0,6.0,0.9875,0.976
6n94,4.386395788584201,0.5650252825333173,0.9679722171419515,0.987164718071898,6.0,8.0,0.9884,0.9772
6n96,,,,,,,,
6n97,4.1546536918991315,0.46168971482561916,0.9988762047275143,1.0,13.0,9.0,0.9877,0.9768
6np2,5.599366804413977,0.46251689784508726,0.9520916615529832,0.9712841624829298,1.0,3.0,1.0,0.9806
6np3,5.339224979752412,0.47235091541513746,0.9701529834612931,0.9893454843912396,1.0,10.0,1.0,0.9766
6np4,4.972548925984205,0.5166138009581063,0.9451354456147535,0.9643279465447,0.0,5.0,1.0,0.9808
6np5,4.2704586698540155,0.5510162284953297,0.9936142523919492,1.0,2.0,2.0,1.0,0.9782
6npi,4.811237682668624,0.6823821523325844,0.9591035073130089,0.9782960082429552,1.0,2.0,0.8592,0.7574
6npm,4.641919578217294,0.4945908622005732,0.9277019997493753,0.9468945006793218,0.0,9.0,0.8736,0.7456
6npp,5.4751356532725595,0.6478818107871434,0.967991503418914,0.9871840043488604,0.0,10.0,0.8449,0.7572
6nsv,4.889735116446301,0.42936226497326246,0.9544752820275384,0.973667782957485,2.0,2.0,0.9163,0.7887
6nt2,3.9949561798546833,0.560293087692769,0.9750650859578068,0.9942575868877532,5.0,2.0,0.8985,0.9505
6nv7,4.743332627220061,0.7248736403819861,0.9467331403286404,0.9659256412585868,2.0,6.0,0.9012,0.9569
6nv9,4.295374518209808,0.7613753910659983,0.938656796565518,0.9578492974954648,1.0,6.0,0.9566,0.9632
6nw3,4.253808420929763,0.6063520397022698,0.9885683369669869,1.0,1.0,8.0,0.9571,0.955
6o0h,4.456259557849547,0.5217135263039651,0.9675007853706427,0.9866932863005892,5.0,4.0,0.955,0.871
6o3x,4.488355847452587,0.42251445835839757,0.9651441757067575,0.984336676636704,1.0,9.0,0.8073,0.7575
6o3y,4.4608758738872005,0.49290967427389265,0.9496800542979345,0.9688725552278808,0.0,8.0,0.8094,0.7497
6o3z,4.230244305936793,0.5333512307895983,0.943677856497666,0.9628703574276126,0.0,1.0,1.0,0.9178
6o5g,5.471650027784741,0.6588069589666274,0.9523940044607019,0.9715865053906484,2.0,10.0,1.0,0.067
6o5u,4.902496582684976,0.330964637935969,0.9776094469213137,0.9968019478512602,1.0,7.0,1.0,0.9785
6o5z,,,,,,,,
6o9b,4.042293977024473,0.6057067029564306,0.9813122342154392,1.0,3.0,6.0,0.9838,0.9684
6o9c,4.147853676476451,0.5323403084893246,0.93986410808093,0.9590566090108764,13.0,2.0,0.982,0.9598
6obl,5.306758118148778,0.6515942277112764,0.9895903970483253,1.0,0.0,4.0,1.0,0.9286
6od6,4.118641161175427,0.6036073731148568,0.9742807046302736,0.99347320556022,3.0,2.0,0.9317,0.9617
6oi8,4.318614684310052,0.49206657080955657,0.9500539563907444,0.9692464573206908,1.0,1.0,1.0,0.9078
6oie,4.5673014886277645,0.44446667270191287,0.95587475790233,0.9750672588322766,3.0,7.0,0.9669,0.9376
6oim,5.0450441784772195,0.531117555996518,0.974538195112666,0.9937306960426124,1.0,7.0,1.0,0.9024
6oin,4.851237580634601,0.5348603583479192,0.9569426702587505,0.9761351711886967,2.0,7.0,1.0,0.9566
6oio,4.977614354447041,0.761176176667427,0.9728925629174232,0.9920850638473698,0.0,8.0,1.0,0.9504
6oip,3.7238532007653986,0.42660110780889776,0.9712836220556651,0.9904761229856116,3.0,5.0,1.0,0.9502
6oiq,4.9027956844553255,0.837193037706281,1.0,1.0,2.0,2.0,1.0,0.9568
6oir,4.3412060033039594,0.776699404997702,0.9618480237121089,0.9810405246420554,1.0,5.0,1.0,0.9516
6olx,5.438953983146185,0.6295370899369651,0.9522924129432369,0.9714849138731834,0.0,1.0,1.0,0.9262
6om4,5.05931306550055,0.6404580023781186,0.9789340249677783,0.9981265258977248,0.0,4.0,0.9812,0.9627
6oni,6.0898500849161685,0.8370563980799949,0.9605291907391589,0.9797216916691054,0.0,2.0,0.963,0.8931
6op9,5.431444717507285,0.7273734816908178,0.9334951616064621,0.9526876625364084,0.0,5.0,1.0,0.941
6oqi,,,,,,,,
6oqo,4.468890407977556,0.786339611983769,0.9597241314048355,0.978916632334782,0.0,10.0,1.0,0.9278
6os5,4.510247609614511,0.3990441851906646,0.9634901778092236,0.98268267873917,5.0,5.0,0.983,0.9682
6os6,3.8695576025199334,0.521013992026268,0.9649627167239067,0.9841552176538532,1.0,10.0,1.0,0.9728
6ovz,4.8609628730901715,0.5819066591008751,0.9659485075561612,0.9851410084861076,1.0,8.0,0.9748,0.9756
6p3d,4.072194580279722,0.6096463785840444,0.956955161260931,0.9761476621908776,11.0,1.0,1.0,0.9307
6p7g,4.398211186607339,0.5002447198241303,0.928503768504208,0.9476962694341544,3.0,4.0,0.9497,0.9011
6p8x,4.183796476529999,0.5753074062204218,0.9546892994739696,0.973881800403916,3.0,1.0,0.9557,0.9387
6p8y,4.671147541695069,0.4762042803324559,0.9456395635488176,0.964832064478764,1.0,4.0,0.9714,0.9187
6p8z,4.86186652337387,0.2962674368504308,0.9410453116680189,0.9602378125979651,6.0,7.0,0.9678,0.9378
6pgo,4.3164915591521655,0.6735859424438715,0.93818877989114,0.9573812808210866,4.0,9.0,0.9089,0.9242
6pgp,4.305138218789605,0.3646933176209582,0.9340596827958383,0.9532521837257848,7.0,4.0,0.9675,0.9404
6pl4,4.380162155238967,0.6717564615965992,0.9462376583431332,0.9654301592730796,0.0,5.0,1.0,0.902
6pma,5.1728616970558186,0.7139029814262543,0.95282799911624,0.9720205000461866,0.0,2.0,1.0,0.9263
6pmb,5.212086664572197,0.4684621515201386,0.8921031456153213,0.9112956465452678,0.0,5.0,1.0,0.9306
6pmc,5.179184056986223,0.49053167202872017,0.9715233890521079,0.9907158899820544,0.0,7.0,1.0,0.9443
6pme,3.9173764051396374,0.7220218505057783,1.0,1.0,2.0,1.0,0.9481,0.9315
6pnm,4.783750337356914,0.5487399995154474,0.9976544133795324,1.0,0.0,10.0,1.0,0.972
6pnn,4.075858702429008,0.6512783091432882,0.9490821608691592,0.9682746617991058,2.0,7.0,1.0,0.97
6pno,4.18725756769348,0.6112927155652356,0.9464116693947284,0.965604170324675,0.0,10.0,1.0,0.9656
6pnx,3.81711070429056,0.4171927803779025,0.9607110591072037,0.9799035600371502,2.0,6.0,0.839,0.9019
6pwz,4.324127300297937,0.4038961913776768,0.9516610107313407,0.9708535116612872,0.0,5.0,0.9214,0.8981
6pya,4.19342967616563,0.6059049290858377,0.9540281161087223,0.9732206170386688,1.0,8.0,1.0,0.9547
6pyb,4.580913642685216,0.601759070937673,0.9894857403475432,1.0,1.0,7.0,1.0,0.9642
6pz4,4.56213379365032,0.5650781668869111,0.9624999554802193,0.9816924564101656,4.0,3.0,1.0,0.9677
6q36,4.200409316207782,0.5024498683782572,0.9470690322308061,0.9662615331607524,2.0,7.0,0.9603,0.9393
6q7b,4.529348714374124,0.6418441412642523,0.9460244968297477,0.965216997759694,0.0,6.0,1.0,0.9142
6q7c,4.513543158050182,0.5049319569851397,0.9395998916437724,0.9587923925737188,0.0,9.0,1.0,0.9038
6q7d,4.065214200100018,0.7121332874793705,0.9778539901262683,0.9970464910562148,0.0,4.0,1.0,0.9073
6q7e,4.746034347146864,0.4863368226255513,0.9794520414397448,0.9986445423696912,0.0,9.0,1.0,0.9104
6q7f,4.785914254797277,0.5594457920530813,0.9207620810469799,0.9399545819769264,0.0,9.0,1.0,0.9077
6q7g,4.387755137780774,0.8538208763574073,0.9616688153782651,0.9808613163082116,0.0,1.0,1.0,0.9136
6qdz,4.674353420508222,0.6581592605368763,0.9416320807220029,0.9608245816519494,0.0,2.0,1.0,0.9526
6qe1,4.793993338387933,0.6735021293903962,0.9581182033362845,0.977310704266231,0.0,1.0,1.0,0.9575
6qfe,3.997735584203242,0.6440452530536996,0.9447501341268143,0.9639426350567608,2.0,6.0,0.979,0.9718
6qge,4.865126270330762,0.5709729797431357,0.9745144495913455,0.993706950521292,0.0,7.0,1.0,0.9863
6qgf,5.4730533726273425,0.43656599631273907,0.9661345861139284,0.9853270870438748,0.0,8.0,1.0,0.9834
6qi7,3.9992895216098066,0.7876366442284816,0.936845607857092,0.9560381087870388,0.0,2.0,1.0,0.9617
6qln,5.204508828487697,0.7603611675492028,0.9666800089472108,0.9858725098771576,0.0,5.0,1.0,0.9806
6qlo,3.9781932025607754,0.47174963930154856,0.9121669827196096,0.931359483649556,1.0,6.0,1.0,0.9864
6qlp,4.130933146496602,0.6454607124817603,0.9937018003801399,1.0,1.0,8.0,1.0,0.9835
6qlq,4.923303850727729,0.4564250359798592,0.9709406801562612,0.9901331810862076,2.0,3.0,1.0,0.9898
6qlr,4.619969529489543,0.3413845783554639,0.9562878943774971,0.9754803953074436,0.0,10.0,1.0,0.9696
6qls,4.766837594908095,0.56549598321464,0.9307022974576088,0.9498947983875554,0.0,8.0,1.0,0.9814
6qlt,4.46893512247971,0.5962635476740629,0.940299043277208,0.9594915442071544,0.0,7.0,1.0,0.9871
6qlu,5.008242321930995,0.7019403890920561,0.9505441939204713,0.9697366948504178,1.0,5.0,1.0,0.9841
6qmr,,,,,,,,
6qmt,4.555780251837493,0.49866430312670296,0.9418158504078372,0.9610083513377838,0.0,9.0,0.9855,0.9652
6qqq,4.465951141941071,0.5717253670840458,0.9189494717316387,0.9381419726615852,0.0,9.0,0.9411,0.9136
6qqt,4.470759013751723,0.6084516309652939,0.9343915923863223,0.9535840933162688,3.0,6.0,0.9426,0.9107
6qqu,4.960396899964614,0.6052191490697757,0.947210782059522,0.9664032829894684,0.0,6.0,0.9591,0.9421
6qqv,4.618271661236613,0.4765447226847902,0.9520549348683375,0.971247435798284,3.0,9.0,0.9548,0.9351
6qqw,5.0693078540252605,0.7433573019600961,0.9539254278702757,0.9731179288002222,1.0,1.0,0.9424,0.8952
6qqz,4.18540260929284,0.5513445622392071,0.9638947428387936,0.98308724376874,0.0,4.0,0.9415,0.9011
6qr0,4.6835998045982805,0.41528089369122057,0.9315880886677956,0.950780589597742,2.0,3.0,0.9601,0.933
6qr1,4.934763846269229,0.6176080749897724,0.9446579391624147,0.9638504400923612,0.0,10.0,0.9462,0.915
6qr2,4.472722605652597,0.6475310232346505,0.9386041987132172,0.9577966996431638,1.0,1.0,0.9419,0.9113
6qr3,4.443919043537594,0.40184270220661567,0.9622772030628096,0.9814697039927562,2.0,4.0,0.9341,0.9026
6qr4,4.670048859471638,0.5271214247940166,0.9546661013966028,0.9738586023265494,0.0,10.0,0.9469,0.9267
6qr7,,,,,,,,
6qr9,4.866266278067229,0.47672538950856935,0.9442938132078981,0.9634863141378446,0.0,4.0,0.9455,0.9221
6qra,4.204498427280109,0.5365401412547783,0.9734887262140852,0.9926812271440316,1.0,3.0,0.9492,0.9139
6qrc,4.770532495075994,0.7424635529060934,0.9641437963316041,0.9833362972615506,1.0,8.0,0.9557,0.9325
6qrd,4.422736608868386,0.72495579736144,0.9815532170361676,1.0,3.0,3.0,0.947,0.9131
6qre,4.77364102591838,0.5290667926159636,0.9505501389387541,0.9697426398687004,1.0,3.0,0.9456,0.9056
6qrf,4.502460374645044,0.6294977152798052,0.9569580802923112,0.9761505812222576,4.0,4.0,0.9437,0.9214
6qrg,4.218651957322981,0.749513510025156,0.9628368986008923,0.9820293995308388,1.0,10.0,0.9457,0.9101
6qsz,4.667371004301667,0.6309311422633535,0.9499743457531419,0.9691668466830884,0.0,7.0,0.9262,0.8314
6qto,4.452028335756111,0.8123905275944334,0.9505292321848512,0.9697217331147978,2.0,5.0,0.9666,0.9381
6qtq,5.02471902363384,0.8239355098564806,0.9262828755682823,0.9454753764982288,1.0,9.0,0.9545,0.9412
6qtr,4.826414160631932,0.48830245162133656,0.9888811624410853,1.0,1.0,8.0,0.9652,0.9407
6qts,4.297661538781112,0.6919958929931032,0.9854819449241357,1.0,0.0,5.0,0.9637,0.9386
6qtw,4.734973253995893,0.8386364650326601,0.9599892355331596,0.979181736463106,3.0,10.0,0.9552,0.9463
6qtx,4.824456574789367,0.690787927992221,0.9381746134976049,0.9573671144275514,1.0,2.0,0.9645,0.9454
6quv,4.811553964082435,0.3717590273153238,0.931228977655932,0.9504214785858784,3.0,8.0,0.9343,0.9159
6quw,4.176025707599322,0.6565874886769926,0.9426508253187197,0.9618433262486662,2.0,7.0,0.9413,0.9297
6qw8,4.57114950567487,0.854865939923367,0.9845454403505692,1.0,2.0,2.0,1.0,0.9869
6qwi,3.761305701791298,0.5721309099061634,0.9870835976069436,1.0,1.0,5.0,0.9799,0.9791
6qxd,4.586243708146745,0.6387998607172799,0.9566922275822917,0.975884728512238,3.0,5.0,0.9804,0.9775
6r4k,3.8041300325666922,0.5788874689497389,0.9644946725175049,0.9836871734474512,1.0,6.0,0.9824,0.978
6rtn,3.8697743794645056,0.4770206867025837,0.9506987768163992,0.9698912777463456,9.0,7.0,0.9799,0.9738
6s07,4.887660293515792,0.4657404903424204,0.9707949664078113,0.9899874673377576,2.0,5.0,0.967,0.9697
6s55,4.649390678297848,0.5846378506463294,0.9797659842212119,0.9989584851511584,1.0,1.0,1.0,0.9559
6s56,4.623916795186328,0.5415861513123359,0.9434424239505175,0.962634924880464,3.0,9.0,1.0,0.9524
6s57,4.305973514196392,1.1869634021260764,0.9750739754894364,0.9942664764193828,0.0,1.0,1.0,0.9524
6s9w,5.203166491464303,0.6637305393195092,0.9001999969488388,0.9193924978787852,0.0,4.0,1.0,0.7469
6s9x,5.632433849164842,0.8100198437346525,0.949990980092384,0.9691834810223308,0.0,10.0,1.0,0.7509
6sfc,4.773482190781409,0.4604606542127292,0.9343888940487585,0.9535813949787048,0.0,7.0,0.9677,0.9734
6slz,3.89781845346242,0.6488200954206775,0.9495356599539563,0.9687281608839028,1.0,7.0,0.94,0.9335
6ssb,5.070719200166018,0.485796538357489,0.9664830372650852,0.9856755381950318,0.0,3.0,1.0,0.8694
6st3,5.050671550333665,1.0104624417727526,0.9800496213807964,0.9992421223107428,0.0,8.0,0.9703,0.9539
6t1s,,,,,,,,
6t3c,5.564656422990152,0.8405118198839708,0.9858693914937339,1.0,0.0,7.0,1.0,0.8464
6t4g,4.056989461802392,0.3818990225827827,0.973576076848062,0.9927685777780084,0.0,10.0,1.0,0.8741
6t4i,4.595771384953315,0.566719097385078,0.923646914627236,0.9428394155571826,1.0,8.0,1.0,0.9501
6t4j,4.920598478417264,0.6199110533168745,0.9436504979205791,0.9628429988505256,2.0,9.0,1.0,0.9487
6t4t,4.473102702750342,0.7958856132499582,0.9428155206785335,0.96200802160848,2.0,9.0,1.0,0.9565
6t4w,4.4826793896544785,0.5109768485272995,0.9528099495640564,0.972002450494003,2.0,6.0,1.0,0.9539
6t4x,4.3777794958732725,0.5246830265971604,0.9495669637090759,0.9687594646390224,0.0,3.0,1.0,0.9479
6tdc,4.752314760737367,0.5860381830218964,0.9659833074103015,0.985175808340248,1.0,3.0,1.0,0.9136
6te6,4.446804045379414,0.6404139002105383,0.9240075981193089,0.9432000990492554,1.0,10.0,0.7369,0.7879
6tel,5.348037041010315,0.5444012473562989,0.9819806162133492,1.0,1.0,7.0,0.7798,0.8077
6ten,,,,,,,,
6tfb,4.269620523851245,0.44585998337692806,0.9761347826499632,0.9953272835799098,4.0,4.0,0.9774,0.9606
6tfv,4.207648417686045,0.6648840535700966,0.9572202672303003,0.9764127681602468,4.0,6.0,0.9312,0.9007
6tfz,3.8968192655275002,0.6206549757316057,0.9705548061367356,0.989747307066682,5.0,8.0,0.8933,0.9072
6tg0,4.2530331758234245,0.43144463801698457,0.972262703526768,0.9914552044567146,6.0,1.0,0.9103,0.9054
6tlm,4.2546270728921645,0.3453571411108027,0.9421729177544704,0.9613654186844168,0.0,3.0,1.0,0.9451
6tlp,4.593244367118791,0.53294541539539,0.9857695155769235,1.0,2.0,9.0,1.0,0.9631
6tnb,4.777609379389308,0.6430868829864669,0.9540757793279503,0.9732682802578968,1.0,5.0,1.0,0.9206
6tnc,4.060623025303085,0.43807870422574197,0.9681006460077585,0.9872931469377048,1.0,1.0,1.0,0.8992
6tnd,5.181113302550633,0.43293378519365405,0.9318480063501209,0.9510405072800674,0.0,2.0,1.0,0.9086
6to7,4.080877304365319,0.6142360692013337,0.9912793984898989,1.0,7.0,1.0,0.9871,0.9552
6tod,4.030277336872485,0.3882212345902313,0.9520945561882737,0.97128705711822,23.0,3.0,0.9837,0.9588
6tos,,,,,,,,
6tot,,,,,,,,
6tp6,4.025159171906374,0.5976934902828731,0.9564920558064368,0.9756845567363832,10.0,10.0,0.9778,0.938
6tpa,4.5597008692317855,0.6411514942195259,0.952898096010764,0.9720905969407104,0.0,3.0,0.9644,0.9354
6tq4,4.198310582853971,0.6941477119864881,0.9666210929067213,0.9858135938366676,11.0,3.0,0.9852,0.9436
6tq6,4.074931049972793,0.4637878730747257,0.9460606757150608,0.9652531766450074,0.0,2.0,0.9804,0.9459
6tq9,4.347292883532645,0.4415591411679909,0.9810276673815939,1.0,0.0,8.0,0.9786,0.9319
6tu9,,,,,,,,
6u0k,4.276010328973086,0.6345735690681514,0.9268642533435423,0.9460567542734888,0.0,4.0,0.9797,0.9634
6ubw,5.453374794206496,0.7163924482663352,0.9565759294640125,0.975768430393959,1.0,10.0,1.0,0.7973
6ucg,,,,,,,,
6ufn,4.407889017364928,0.36197409601911695,0.9587473307711545,0.977939831701101,4.0,9.0,1.0,0.9061
6ufo,4.448350741738612,0.38445217302753437,0.94358980819947,0.9627823091294166,2.0,3.0,1.0,0.9104
6uhu,4.6631403951918164,0.7404288956428788,0.9591570760102103,0.9783495769401568,1.0,9.0,1.0,0.8961
6uhv,4.957022187977341,0.582252051465272,0.9277585064755685,0.9469510074055149,0.0,1.0,1.0,0.8914
6uii,4.2473566463842705,0.7060451734138333,0.9750601956489788,0.9942526965789252,3.0,1.0,1.0,0.8921
6uil,4.420089648686792,0.507541629905966,0.9671693101699307,0.9863618110998772,4.0,4.0,1.0,0.8799
6uim,4.4332567132106835,1.1102588751976046,0.9693820373724272,0.9885745383023736,3.0,9.0,1.0,0.8885
6uvp,4.321414448053441,0.5122306490306995,0.9393885209349473,0.9585810218648938,5.0,1.0,0.9414,0.9578
6uvv,4.229431214937911,0.5180826123763687,0.9723651171845372,0.9915576181144836,6.0,5.0,0.9426,0.963
6uvy,4.010110613731257,0.29173785381237866,0.9665573820028679,0.9857498829328144,10.0,3.0,0.9149,0.9584
6uwp,4.3081220594915965,0.5210453629193518,0.9562251611881575,0.975417662118104,7.0,8.0,0.9666,0.9626
6uwv,4.268661547004756,1.0485426454755564,0.9717512531433177,0.9909437540732642,0.0,6.0,0.9231,0.9606
6v37,4.501089630363444,0.7748397648183724,0.9560321198777189,0.9752246208076653,6.0,4.0,0.9639,0.9185
6v5l,3.998740102503721,0.73975067104641,0.9668368099264403,0.9860293108563868,2.0,8.0,1.0,0.8575
6v9c,5.279050478497302,0.4426161503421139,0.9765998628288063,0.9957923637587528,1.0,9.0,1.0,0.9342
6vc2,5.063938701395976,0.8734160515948756,0.9747837361588548,0.9939762370888016,0.0,5.0,0.9057,0.8918
6vgh,4.35426227373317,0.6414014427625694,0.9684647262569527,0.9876572271868992,0.0,3.0,0.973,0.9311
6vif,4.981918690210502,0.6936222156031997,0.9817410318794988,1.0,0.0,7.0,0.8835,0.8941
6vns,5.661654679085213,0.5542051618535138,0.93354258561333,0.9527350865432764,0.0,8.0,1.0,0.94
6vnx,4.663487153913339,0.7811126063634608,0.959622553408578,0.9788150543385244,0.0,9.0,1.0,0.9348
6vxq,4.303777059081071,1.0224797981783023,0.9655196960435652,0.9847121969735116,2.0,8.0,1.0,0.9401
6vzl,4.853073394595436,0.66128212639699,0.9763003880634801,0.9954928889934264,1.0,9.0,0.986,0.9305
6vzm,5.347168162258956,0.34570609107771716,0.9429784087489504,0.9621709096788968,1.0,1.0,0.9847,0.924
6w06,4.073348663800106,0.6351864878871466,0.990070281194528,1.0,0.0,1.0,1.0,0.9581
6w39,4.786980621703861,0.687621261808804,0.9730539814685999,0.9922464823985464,0.0,6.0,0.9605,0.9308
6w3a,5.000203602795398,0.5788877362558108,0.9599305985598549,0.9791230994898013,1.0,1.0,0.9231,0.8954
6w3e,5.0469605397735435,0.4723021945922847,0.9574925067504548,0.9766850076804016,0.0,2.0,0.9598,0.9231
6w8c,4.181658629427565,0.6995155012135131,0.9312047465616623,0.9503972474916088,6.0,3.0,0.9418,0.9118
6wiw,4.34238337742776,0.6502497064710709,0.9783473470676952,0.9975398479976416,1.0,5.0,0.9168,0.8606
6x3n,4.383125812796781,0.5074726611487048,0.9675511561887424,0.986743657118689,0.0,4.0,1.0,0.9418
6xdb,4.498704723274429,1.0587880090115118,0.9821281473457361,1.0,0.0,4.0,1.0,0.9377
6xdd,4.468069456017226,0.5761206054278165,0.9306915522172868,0.9498840531472332,0.0,4.0,0.9704,0.9293
6xdf,4.942734328060505,0.5996843290816178,0.9564455251124349,0.9756380260423811,0.0,1.0,0.9711,0.9324
6xe4,4.766070223625904,0.7164179638559732,0.9615265510460744,0.9807190519760208,2.0,7.0,1.0,0.9373
6xfp,4.5459178969515595,0.49478591411617157,0.9635973412723005,0.9827898422022469,6.0,7.0,1.0,0.896
6xfv,4.948993149401441,0.6770893235723668,0.9821139922324649,1.0,1.0,6.0,0.9636,0.9361
6xjk,4.81822049762247,0.4369832766216671,0.9647489320732384,0.9839414330031848,0.0,2.0,1.0,0.9366
6xlo,4.0839880791317755,0.6695568342366969,0.9724709312119623,0.9916634321419088,1.0,6.0,0.97,0.9111
6xrm,4.904658618803161,0.7386443821370919,0.9679443919564047,0.9871368928863512,2.0,6.0,1.0,0.8488
6xrn,4.946575758049729,1.004339125290771,0.9551247213010768,0.9743172222310236,0.0,10.0,1.0,0.8204
6xvj,,,,,,,,
6xvk,4.954447024319523,0.5967696778838243,0.9740679153881184,0.9932604163180648,0.0,10.0,1.0,0.9411
6y4t,4.9871659728245925,0.661376856639312,0.9417536951505409,0.9609461960804874,2.0,1.0,1.0,0.8761
6y4u,4.23268618549287,0.4420848676514957,0.9749988986273624,0.9941913995573092,3.0,4.0,1.0,0.8826
6y4v,4.726593974391433,0.6764197079653037,0.9661952671527653,0.9853877680827118,0.0,9.0,1.0,0.8901
6y4w,4.332281457602251,0.36661792883051586,0.9369547200541652,0.9561472209841116,0.0,7.0,1.0,0.8967
6y4x,4.598940238087181,0.8516892327247177,0.9669719503076291,0.9861644512375756,7.0,5.0,1.0,0.8815
6y6f,4.4459575609398225,0.4523759642999178,1.0,1.0,2.0,1.0,1.0,0.8711
6y6v,4.571852944436397,0.7253299103315505,0.9621385260250752,0.9813310269550216,0.0,4.0,1.0,0.9613
6yat,4.670098378234695,0.7253454048729236,1.0,1.0,4.0,6.0,0.9634,0.95
6yg2,3.7198496005722395,0.5548735304643463,0.9405654984843252,0.9597579994142718,0.0,8.0,1.0,0.8918
6yg4,4.132506574844273,0.49136894162680256,0.9816438962253876,1.0,0.0,3.0,1.0,0.9349
6yg5,5.152623705224288,0.6571046389381454,0.9606951807782048,0.9798876817081514,0.0,5.0,1.0,0.9017
6yg6,3.9763608819949243,0.7326820741245289,0.9818032656650793,1.0,5.0,1.0,0.7663,0.8887
6yg7,4.142679128124399,0.5159824614119576,0.9565270970394832,0.9757195979694298,3.0,1.0,0.8696,0.8956
6yi8,4.272017437945399,0.9097510464218257,1.0,1.0,3.0,9.0,0.5734,0.8943
6yjc,4.71312320675347,0.7404695645551737,0.9592944972201268,0.9784869981500732,0.0,3.0,1.0,0.9552
6yk7,4.12189100053531,0.6100661067042892,0.9765960673318437,0.9957885682617902,2.0,6.0,1.0,0.8753
6yll,4.388694521513687,0.4116537063339257,1.0,1.0,0.0,5.0,0.8879,0.908
6yoj,5.181077998434909,0.45898042598313266,0.9482810874229767,0.9674735883529232,0.0,3.0,1.0,0.8955
6ypk,5.363424909698523,0.7081225455433752,0.9506786834872885,0.9698711844172349,0.0,2.0,1.0,0.9655
6yt6,4.590740345808143,0.7921109289994178,0.9330759573779367,0.9522684583078832,1.0,9.0,0.9333,0.9156
6z10,3.8843607496940313,0.46740685608758226,0.9398522791480475,0.959044780077994,11.0,10.0,0.9722,0.9396
6z4b,4.0561917884245196,0.9690775216797777,0.9507768890182648,0.9699693899482112,13.0,5.0,0.932,0.9193
6z4d,4.0123259947563765,0.8363928734550622,0.9449332237671193,0.9641257246970658,6.0,4.0,0.9281,0.8848
6z4y,4.207605882608081,0.3969411718905251,0.9442793074529244,0.963471808382871,5.0,4.0,1.0,0.9325
6zcp,4.946708113785151,0.8400647459324941,1.0,1.0,0.0,1.0,1.0,0.9238
6zcq,5.754668544610434,0.4754466408564479,0.9742284899833796,0.993420990913326,0.0,5.0,1.0,0.8738
6zcx,4.445825064867311,0.9362782857700704,0.9243785080195552,0.9435710089495016,0.0,3.0,1.0,0.8894
6zcy,4.632704134745891,0.4151472748381791,0.9840683680914021,1.0,0.0,1.0,1.0,0.8885
6zoq,4.727143387783489,0.7507740732946028,0.9860693729755124,1.0,1.0,7.0,0.9542,0.9247
6zor,4.6177491804601285,0.43578129594581055,0.9387430716318973,0.9579355725618438,0.0,3.0,0.9648,0.9259
6zos,3.9297084319232587,0.3396306110587597,0.9503393880628133,0.9695318889927595,1.0,2.0,0.9752,0.9407
6zqs,5.517896375956661,0.4878931904717579,0.9677715019506544,0.9869640028806008,0.0,8.0,0.8255,0.9079
6zwp,5.632738599651553,0.3983975149664541,0.95222689626583,0.9714193971957764,0.0,6.0,1.0,0.9503
6zwr,5.26148881763844,0.5243983945650083,0.9467535182211303,0.9659460191510768,1.0,1.0,1.0,0.957
6zz1,4.930878687453122,0.6172724314992308,0.9392559330333277,0.9584484339632742,0.0,1.0,0.5641,0.6852
7a49,4.247033849309757,0.6450226290671133,0.9568314747925163,0.9760239757224628,5.0,4.0,0.9621,0.9475
7a52,4.491288939257522,0.3402912291198247,0.9551720164192683,0.9743645173492148,4.0,4.0,0.9697,0.965
7aax,4.4357231975912725,0.425924133534983,0.9638516187942591,0.9830441197242056,0.0,3.0,1.0,0.8758
7aay,4.949607780756507,0.9836785410882343,0.9494764867444371,0.9686689876743836,0.0,6.0,1.0,0.9315
7aaz,,,,,,,,
7aei,,,,,,,,
7aem,5.33350109839397,0.49304766753740886,0.9675574437768236,0.98674994470677,0.0,3.0,1.0,0.904
7ahj,4.809332527935803,0.4742789049901009,0.9674242829732864,0.9866167839032328,0.0,5.0,0.986,0.9537
7ajm,4.668640800959498,0.5160294869996153,1.0,1.0,0.0,4.0,0.9547,0.9586
7ats,,,,,,,,
7auv,4.612450201364953,0.4510256385739613,0.9708866149023191,0.9900791158322656,1.0,2.0,1.0,0.959
7avx,5.061814814315701,0.6313863160706549,0.9827132540161556,1.0,0.0,6.0,0.9628,0.9188
7avy,4.669254381863478,0.4702186562831346,0.9594450873686803,0.9786375882986268,2.0,6.0,1.0,0.9168
7aw1,5.166276189431297,0.6760226301141785,0.9642681341651969,0.9834606350951434,0.0,7.0,1.0,0.8837
7aw2,4.647442192921405,0.7573868478006767,0.958427768791496,0.9776202697214424,0.0,5.0,1.0,0.9269
7aw4,,,,,,,,
7awc,4.69271036871509,0.39204387046747785,0.9825203704508408,1.0,1.0,9.0,1.0,0.9415
7axa,5.010276502973907,0.6168157257752876,0.9570321562460105,0.976224657175957,0.0,7.0,1.0,0.9342
7axc,3.9794769066479843,0.7198573192245963,0.9700794790712672,0.9892719800012136,5.0,1.0,1.0,0.9344
7axd,,,,,,,,
7axh,4.1089053923018515,0.7737215936659974,0.963655678949426,0.9828481798793726,0.0,10.0,1.0,0.9422
7axi,4.462229771348944,0.7161696056361921,0.9557549618221196,0.9749474627520662,3.0,8.0,1.0,0.9423
7ayh,5.39913323777018,0.5078243093443533,0.95533730548559,0.9745298064155364,0.0,3.0,1.0,0.8732
7b35,5.277340315869736,0.6580055699620431,0.9427789830125248,0.9619714839424712,1.0,9.0,0.9704,0.9369
7b36,4.1030920064089855,0.4851014806540247,0.95205074611142,0.9712432470413666,1.0,10.0,0.9407,0.9179
7b3q,4.924841718392381,0.7581433024158766,0.9913751089073884,1.0,1.0,9.0,1.0,0.8737
7b3t,5.125370751768159,0.47995827848495276,0.9562423149874243,0.9754348159173708,0.0,6.0,1.0,0.8967
7b3v,4.541004648322458,0.6224386159881664,0.9324008394811568,0.9515933404111032,0.0,6.0,1.0,0.8972
7b3w,4.7324931359492055,0.509400072209144,0.9415553982122641,0.9607478991422106,1.0,6.0,1.0,0.8872
7b3z,4.663747413820293,0.5594060535470282,0.965588478756904,0.9847809796868506,1.0,5.0,1.0,0.8672
7b40,4.560169424811237,0.647596524548025,0.9897496690782257,1.0,0.0,8.0,1.0,0.8547
7b41,5.545053071252049,0.6485760772545928,0.9912351811131253,1.0,0.0,6.0,1.0,0.8814
7b42,4.27059637732547,0.4651193473274164,0.9693248751813021,0.9885173761112486,0.0,10.0,1.0,0.8723
7b43,4.902379356627192,0.9076053102870193,0.9629965708549523,0.9821890717848988,1.0,2.0,0.7783,0.8397
7b6f,4.3728324343327,0.5949652985170437,0.9507451662834224,0.9699376672133688,0.0,6.0,1.0,0.9695
7bcm,,,,,,,,
7bdo,5.181617126198136,0.8901683272526854,0.9720034049601555,0.991195905890102,0.0,5.0,1.0,0.9543
7be5,,,,,,,,
7bjm,5.273720828501801,0.3487260715143189,0.9193394853013717,0.938531986231318,0.0,9.0,1.0,0.9518
7bjo,5.418875645035634,0.5746675558209738,0.9759488010317284,0.9951413019616748,0.0,10.0,1.0,0.9542
7bjr,4.301893043897768,0.519625761514872,0.9722230789083288,0.9914155798382754,0.0,4.0,1.0,0.956
7bjx,4.907190501221893,0.3812575514069845,0.9326078775960557,0.9518003785260022,1.0,5.0,0.9735,0.9613
7bk1,4.637482101980255,0.7189151608624456,0.9500482456983227,0.9692407466282692,1.0,6.0,1.0,0.9559
7bk2,4.688581419197547,0.5606500815854645,0.9541482692593899,0.9733407701893364,1.0,2.0,1.0,0.9675
7bk3,4.666345745835587,0.5082247520741612,0.97018342648953,0.9893759274194764,2.0,3.0,1.0,0.9643
7bmk,4.290780363703096,0.7096469202024263,0.9349100027854153,0.9541025037153618,3.0,2.0,0.9797,0.9521
7c3g,4.12817495175571,0.523836700371447,0.9955859886697023,1.0,9.0,9.0,0.9595,0.9502
7c6q,4.832789742841474,0.7673661090106015,0.9554801322913676,0.974672633221314,0.0,10.0,0.9779,0.9654
7cbx,4.717867689615564,0.6076692897798821,0.9132574008305356,0.9324499017604824,0.0,4.0,1.0,0.9243
7chm,4.335765642807168,0.7139875971068868,0.9706237474341415,0.989816248364088,0.0,2.0,1.0,0.848
7chn,4.724111802995825,0.6245538268504546,0.9616185922360576,0.980811093166004,0.0,4.0,1.0,0.8455
7cht,5.234476423649724,0.645342896601127,0.9609825116868589,0.9801750126168054,1.0,6.0,1.0,0.8441
7cil,4.629408084070212,0.5332115603607249,0.9899139775723088,1.0,0.0,3.0,1.0,0.846
7cja,4.648381240338981,0.4287199403199098,0.9798257030084349,0.9990182039383813,0.0,5.0,1.0,0.8392
7clh,4.493304631656072,0.3726840518490065,0.9489550059937468,0.9681475069236932,0.0,2.0,1.0,0.8409
7cmb,4.842825853309705,0.49934736348957426,0.9620801518776289,0.9812726528075753,0.0,9.0,1.0,0.9479
7cp3,4.956422909596286,0.3680378580332931,0.9661791950823488,0.9853716960122954,0.0,6.0,1.0,0.9386
7cp4,4.996042515696583,0.7281219380027304,0.9693910132162763,0.9885835141462228,0.0,8.0,1.0,0.955
7d42,4.768586534995441,0.6039302515487965,0.9499301100578769,0.9691226109878232,0.0,3.0,0.9513,0.9121
7d57,4.524634538431446,0.4826620450789536,0.9238046922769915,0.942997193206938,0.0,8.0,0.9498,0.8927
7d5o,5.186810735357449,0.8424055432429359,0.9755119850683016,0.994704485998248,0.0,3.0,0.9427,0.9001
7dg4,4.482155449172259,0.33130754860459516,0.9521217903757521,0.9713142913056984,0.0,1.0,1.0,0.9549
7dhk,5.143758297058822,0.8699931184632885,0.9638785783794485,0.9830710793093947,0.0,2.0,1.0,0.932
7du8,4.8604532692422975,0.5886985480979975,1.0,1.0,0.0,5.0,0.8896,0.9017
7du9,,,,,,,,
7e6t,4.572299290697078,0.6212631492260702,0.9296137478746764,0.948806248804623,6.0,6.0,0.9729,0.9228
7efq,4.2172475450975195,0.7287960458119955,0.9931333379655727,1.0,0.0,2.0,0.9873,0.9452
7f3g,5.26350064097767,0.5130151225883626,0.8974650944145953,0.9166575953445418,0.0,6.0,0.9273,0.9119
7f3m,4.148463087623879,0.8003808882890681,0.9361154468874533,0.9553079478173998,1.0,10.0,1.0,0.9092
7fcz,5.1892548251974855,0.4971028797926987,0.9746029892583863,0.9937954901883328,1.0,7.0,0.9383,0.9113
7fd0,4.592040534812879,0.5119472503612829,0.9417072953761885,0.960899796306135,1.0,8.0,0.9518,0.894
7feh,4.670971817039897,0.6997406930609983,0.9405529843628061,0.9597454852927526,2.0,8.0,1.0,0.9415
7fic,,,,,,,,
7ju5,4.847037628462624,0.29113448792292457,0.9569170236770075,0.976109524606954,3.0,2.0,0.9025,0.9128
7ju6,4.711602673048667,0.620837832384974,0.9767264464440615,0.995918947374008,1.0,5.0,0.9116,0.9142
7jwe,4.687242778260382,0.5946634515935312,0.9771126667458915,0.996305167675838,0.0,7.0,1.0,0.8299
7jxx,4.147631030616241,0.587566925001728,0.987963149604106,1.0,3.0,10.0,1.0,0.9524
7jxy,4.823471552927012,0.5347349589688335,0.941869292729122,0.9610617936590684,1.0,4.0,0.9716,0.9486
7jyd,5.551982997299324,0.7837764310577854,0.9951261082880383,1.0,0.0,9.0,0.9496,0.9256
7jye,5.287403598836299,0.6732758044237753,0.9520585668615429,0.9712510677914894,0.0,5.0,0.9457,0.9219
7kac,,,,,,,,
7kbs,4.21039637815354,0.4227236530144737,0.9659298816547612,0.9851223825847076,1.0,9.0,0.979,0.9283
7kie,4.201115244345781,0.634342228918715,0.9671676776518147,0.9863601785817612,0.0,3.0,0.9668,0.9417
7kja,3.9179395512855,0.4852921895519503,0.9782837104999537,0.9974762114299,0.0,9.0,0.9292,0.8515
7kjs,5.219746247425833,0.5743180240987465,0.9236062615306024,0.9427987624605492,0.0,6.0,0.9577,0.9545
7kx6,4.436957263693831,0.659205088937802,0.933409900065982,0.9526024009959284,1.0,7.0,0.8459,0.8886
7kxm,5.044055222708547,0.6243240223102083,0.9907436321351852,1.0,0.0,3.0,1.0,0.9283
7kxp,4.133260903179428,0.7559143544288098,0.9886554705677613,1.0,3.0,9.0,1.0,0.9381
7kxz,4.863700165105939,0.42793284456094927,0.9796682575035013,0.9988607584334478,0.0,2.0,1.0,0.8725
7l25,4.348504001229854,0.852356537649718,0.9598073681673709,0.9789998690973174,0.0,10.0,0.9417,0.8935
7lot,4.537653126091666,0.4996043376424132,0.9862640755367824,1.0,1.0,9.0,0.9847,0.911
7lqd,4.461820047795364,0.7401315882091415,0.9492190560069872,0.9684115569369338,4.0,1.0,1.0,0.9513
7lvh,4.673709557897485,0.8818492753389572,0.9607845692254788,0.9799770701554252,0.0,1.0,0.9538,0.9446
7m2f,4.863432414730909,0.5075970241980706,0.9805100332086143,0.9997025341385608,0.0,9.0,1.0,0.9186
7m3f,4.1506715020999,0.5691253125699405,0.9468897547974988,0.9660822557274454,5.0,9.0,0.8901,0.9051
7m3g,4.347639181950324,0.6840060739622794,0.954172219325882,0.9733647202558284,10.0,3.0,0.938,0.9141
7mon,5.092724051864879,0.5739296032875268,0.9410612067530992,0.960253707683046,1.0,4.0,0.9154,0.8901
7n2a,3.7402347800011384,0.3288292952004668,0.9492927412506095,0.968485242180556,0.0,3.0,1.0,0.943
7n4r,4.706109769484739,0.5340523182260652,0.9296798221055008,0.9488723230354472,1.0,9.0,1.0,0.9383
7n8t,5.242551733507254,0.6739823998740583,0.9836575293013761,1.0,0.0,8.0,1.0,0.9201
7n91,4.301464344035754,0.8085428587446801,0.9800360772608676,0.999228578190814,0.0,9.0,0.9324,0.833
7n93,4.7231242436447705,0.7922646160844325,0.9294536712132925,0.948646172143239,0.0,10.0,0.8127,0.7718
7nec,4.294349908144595,0.590973368294209,0.9692526643206303,0.9884451652505768,0.0,1.0,1.0,0.9268
7nh4,4.3328271236243,0.9338877112117617,0.9644984256753693,0.9836909266053157,1.0,9.0,1.0,0.787
7nh5,3.896423843844111,0.4199193424149176,0.9278427714526121,0.9470352723825586,0.0,3.0,1.0,0.8155
7nns,3.935275629088173,0.8115399839661924,0.9445374207090519,0.9637299216389984,7.0,6.0,1.0,0.9601
7np5,6.021832588345964,0.5499982711792729,0.9462656914038279,0.9654581923337744,0.0,4.0,1.0,0.9373
7np6,4.443737174440036,0.936171558221988,0.9543947499331205,0.9735872508630669,0.0,4.0,1.0,0.9365
7npc,4.751476107605782,0.519911302975594,0.9297579402119295,0.948950441141876,0.0,5.0,1.0,0.9639
7nqq,4.111974625550763,0.5692736851645659,0.9832317156072975,1.0,0.0,7.0,1.0,0.9587
7nqw,4.745198943823187,0.5748199440488819,1.0,1.0,3.0,2.0,1.0,0.9608
7nr3,4.909313685331975,0.47230118800859916,0.9653814276697285,0.9845739285996749,0.0,5.0,1.0,0.9254
7nr5,4.6517448696069685,0.47470213040828896,0.9699788458788199,0.9891713468087664,1.0,7.0,1.0,0.9514
7nr8,4.119549636032229,0.6107011562685777,0.9897336753683856,1.0,2.0,9.0,1.0,0.9557
7nr9,4.285890795806894,0.7640810468927892,0.9818071897633645,1.0,1.0,10.0,1.0,0.9143
7nvq,4.605796126954905,0.807139559400664,0.9606202619358476,0.9798127628657942,0.0,3.0,1.0,0.9388
7nzn,,,,,,,,
7o7j,5.128501175173307,0.5668292432818767,0.9628098008895595,0.982002301819506,0.0,10.0,1.0,0.9447
7o7k,,,,,,,,
7ols,4.49078509259742,0.7704858953559524,0.9736791972424717,0.9928716981724182,3.0,7.0,1.0,0.9151
7olv,4.680085608471795,1.0293488405700706,0.9865439499752147,1.0,2.0,5.0,1.0,0.8959
7olx,4.407996680117161,0.5183406481638857,0.9151421540137007,0.9343346549436472,1.0,1.0,1.0,0.9181
7orf,4.0134801509563784,0.8840154074693022,0.9590560960765352,0.9782485970064818,11.0,1.0,1.0,0.9172
7ote,4.171501543751457,0.5365563989911042,0.9435121856667359,0.9627046865966824,12.0,4.0,0.9564,0.8988
7ovi,4.571412743367919,0.5278945928837454,0.9367860210977704,0.955978522027717,0.0,2.0,1.0,0.9248
7ovj,4.995597325435879,0.4534788844189713,0.9585439819134577,0.9777364828434042,0.0,10.0,1.0,0.9191
7ovk,4.625857844011051,0.5351042412827037,0.9721243091699491,0.9913168100998956,0.0,4.0,1.0,0.9033
7ovl,5.49522961922368,0.7002555197645154,0.9985682190081211,1.0,0.0,5.0,1.0,0.9221
7ovm,5.0833741744174565,0.6122578254634077,0.9759995416482709,0.9951920425782173,0.0,8.0,1.0,0.9112
7ovn,5.226898246052174,0.6576262850951649,0.9408988121404612,0.9600913130704078,0.0,9.0,1.0,0.907
7oy6,5.095361544688091,0.4295114936218389,0.9866397455407184,1.0,0.0,7.0,1.0,0.9584
7p1l,4.745402827451713,0.6258950331952092,0.9857611083146255,1.0,4.0,2.0,0.6716,0.8029
7por,5.480462473490622,0.7932210567198785,0.964595070985178,0.9837875719151244,0.0,8.0,1.0,0.8785
7pqv,3.964376347746069,0.7934884384970391,0.992333085355108,1.0,3.0,8.0,1.0,0.9323
7pue,4.772945429461327,0.560707284826838,0.9644733593853064,0.9836658603152528,2.0,7.0,1.0,0.8822
7q8y,4.5970252268607315,0.7875067316372377,0.9790293376922921,0.9982218386222385,2.0,2.0,0.968,0.9556
7q8z,4.3506438278952,0.6076433579801185,0.9224513247357629,0.9416438256657093,3.0,1.0,0.9656,0.9565
7q90,3.9650788881049728,0.8425091159944464,0.9550108326143009,0.9742033335442472,0.0,10.0,0.9823,0.9638
7qaa,,,,,,,,
7qfm,4.835095385704713,0.5286510531558397,0.9711658150158688,0.9903583159458152,0.0,3.0,0.975,0.965
7qgc,4.732354672926606,0.4776684925866509,0.9945806455757472,1.0,0.0,7.0,1.0,0.9552
7qge,4.798986045720992,0.7959080391305308,0.9932119976673108,1.0,1.0,7.0,1.0,0.9574
7qgp,4.184641742514303,0.4819619530470757,0.9864293927809357,1.0,0.0,6.0,1.0,0.9247
7qhg,3.9781437377397753,0.5969402110770946,0.9555074718547476,0.9746999727846942,6.0,7.0,0.9468,0.9201
7que,4.9524847878804605,0.48835426336182247,0.9663039345521817,0.985496435482128,0.0,2.0,0.9185,0.8949
7quf,4.881033251974754,0.5067603752644355,0.941335861462386,0.9605283623923324,0.0,8.0,0.9384,0.9205
7qvj,4.925742639938505,0.6464295916446289,0.9341087491552632,0.9533012500852098,1.0,1.0,0.9778,0.9392
7qvl,4.68376483530995,0.6588628574316475,0.9219170646806788,0.9411095656106254,1.0,2.0,0.9609,0.9301
7r62,4.795392310606465,0.8331196142119597,0.9775392841259563,0.9967317850559028,0.0,4.0,1.0,0.9119
7r9l,4.374407631521397,0.6359638072366959,0.9408228527612015,0.960015353691148,0.0,1.0,1.0,0.8979
7r9n,4.142641329950681,0.8909716000726186,0.947228971783544,0.9664214727134904,0.0,10.0,0.9586,0.8868
7r9p,4.790844878273239,0.7237742454177515,0.9851072110000675,1.0,1.0,2.0,0.9568,0.8911
7r9t,4.202658865405546,0.5849670654629361,0.9634490125644216,0.982641513494368,0.0,1.0,0.9526,0.8778
7rio,5.0085834186318365,0.5375376197209948,0.9532219273424897,0.972414428272436,0.0,7.0,1.0,0.9382
7riv,4.638368351948431,0.47968455027949847,0.9862983629831711,1.0,0.0,4.0,1.0,0.9379
7rj6,4.528676057919051,0.4846646416052165,0.9405587689444315,0.959751269874378,5.0,7.0,0.9822,0.974
7rj7,4.295353276484496,0.3803658509694959,0.9425551731721437,0.96174767410209,3.0,8.0,0.9787,0.9735
7rn6,4.815995757779259,0.7540709081970188,0.9918195718024748,1.0,0.0,1.0,1.0,0.9447
7rwf,4.402064852270711,0.6917244825681012,0.9365798528461873,0.9557723537761338,0.0,6.0,1.0,0.901
7rxo,4.671476964897015,0.5964448060914486,0.9284106099501789,0.9476031108801254,0.0,7.0,1.0,0.9458
7s4t,4.840344569966393,0.8030257789432601,0.9638983833869095,0.983090884316856,0.0,4.0,1.0,0.9367
7s6u,4.379385747122306,0.4465218392899892,0.932163390749776,0.9513558916797225,3.0,9.0,1.0,0.9696
7s6v,4.550821000162431,0.7447907769595234,0.9605587374553108,0.9797512383852576,0.0,5.0,1.0,0.957
7s7a,4.85475174074424,1.2069364249921315,0.9937453041595367,1.0,2.0,3.0,1.0,0.9192
7s84,5.1855493984518555,0.4564259470432804,0.9499484137723343,0.9691409147022808,0.0,1.0,1.0,0.9259
7s85,4.382489314195479,0.44526844715243236,0.9488620023616471,0.9680545032915936,2.0,2.0,1.0,0.9022
7s9x,5.81567733952097,0.5404565255802837,0.9848556618578435,1.0,0.0,8.0,1.0,0.9331
7siu,4.735675669206692,0.7139084658139189,0.9691402346795323,0.9883327356094788,1.0,2.0,0.9622,0.8981
7sj3,5.66198641141292,0.5415019704548387,0.9627654907879213,0.9819579917178678,0.0,4.0,0.924,0.9417
7ssb,5.473753354498539,1.1204361771734104,0.9628041712084331,0.9819966721383796,0.0,10.0,1.0,0.8522
7suh,4.7898167828404326,0.7053670260010644,0.9629086482473604,0.9821011491773068,0.0,1.0,1.0,0.9496
7sui,4.819679565200072,0.3842867636254301,0.9810840642734551,1.0,0.0,1.0,1.0,0.959
7suj,4.857759123448288,0.6820450367119096,0.9910127505650385,1.0,1.0,7.0,0.9808,0.9547
7t0p,4.24875867415833,0.6618785140124145,0.9854916880176049,1.0,1.0,4.0,0.9418,0.854
7t1t,4.6613996156336075,0.5261710707479796,0.9608380251352736,0.9800305260652202,1.0,9.0,1.0,0.9335
7t78,,,,,,,,
7t79,4.200834768628429,0.6390519703046209,0.9611973299634571,0.9803898308934036,3.0,3.0,0.9663,0.9588
7te7,4.918775317900904,0.7516425324916115,0.9782357336097373,0.9974282345396838,0.0,6.0,1.0,0.9161
7tt8,4.447650131631972,0.9102774578594585,0.9810809937853112,1.0,0.0,9.0,0.9453,0.9209
7udp,5.0026133210262,0.6892195873204424,0.9650050646333599,0.9841975655633064,0.0,8.0,1.0,0.9193
7uex,4.354059040819648,0.6276909899656944,0.9402348088783479,0.9594273098082944,2.0,1.0,1.0,0.9588
7uj8,5.225407065771481,0.41019454929576016,0.9440166211228652,0.9632091220528116,1.0,3.0,0.9684,0.9022
7ul4,4.734558802260993,0.42999168367197216,0.9592027910421876,0.9783952919721342,0.0,10.0,0.9549,0.9229
7up4,5.040493389020591,0.5638722683259864,0.9315181309527089,0.9507106318826554,1.0,1.0,0.9549,0.8737
7up5,4.648441538229614,0.3934424162975932,0.9513725702740157,0.970565071203962,3.0,9.0,0.9603,0.9306
7up8,4.610988500058713,0.42386234679870677,0.9491939016898915,0.968386402619838,0.0,4.0,0.8529,0.8554
7uy3,4.522074601898362,0.46257922179758065,0.981716029753476,1.0,2.0,2.0,1.0,0.8928
7v29,4.506426640604607,0.5710452693870339,0.9455710193920769,0.9647635203220234,1.0,2.0,0.9379,0.9099
7v3r,4.462043320952857,0.5882662363967396,0.9681611242384468,0.9873536251683934,0.0,8.0,1.0,0.8388
7v3s,5.122630561097351,1.069549100745391,0.9954564280308941,1.0,0.0,9.0,1.0,0.8592
7vbt,5.334282343154439,0.310949182561026,0.9730577932010193,0.9922502941309655,1.0,2.0,0.9036,0.8824
7vbv,3.6740455447735294,0.37091498428373415,0.9613431763192877,0.980535677249234,8.0,3.0,0.9778,0.9218
7vbx,4.180764091135437,0.6678305149553541,0.9732892195821639,0.9924817205121104,0.0,4.0,1.0,0.9354
7vdu,4.305039263418427,0.5422966927093216,0.9309822743592668,0.9501747752892136,0.0,2.0,1.0,0.9252
7vjl,4.7115627754934355,0.5412676236288128,0.9472345206228017,0.966427021552748,1.0,9.0,0.671,0.8882
7vkn,4.266320553561087,0.7618753798833887,0.9523600172758716,0.9715525182058182,0.0,9.0,1.0,0.9218
7vra,4.55647114448694,0.4996697991786724,0.9661972668844172,0.9853897678143638,0.0,4.0,1.0,0.8867
7vto,4.80301579131303,0.5229084915009216,0.9528230147660892,0.9720155156960356,1.0,7.0,0.6753,0.8594
7vue,5.6444496203377845,0.4880208691367658,0.9828093922461483,1.0,0.0,4.0,0.9301,0.8943
7w3p,4.926268555837482,0.5885643743320338,0.9621886384724251,0.9813811394023716,0.0,8.0,0.9553,0.9294
7w3q,4.674705827549033,0.5814431676295959,0.9737391203607076,0.992931621290654,0.0,10.0,0.9411,0.9047
7w5o,3.806940286638053,0.42160857656758877,0.9592342678385388,0.9784267687684852,13.0,10.0,0.9796,0.9313
7w7x,4.721349080391237,0.622779750405223,0.9564595930418665,0.9756520939718129,0.0,2.0,0.9126,0.9216
7w7y,4.4543339991779085,0.6869012707268242,0.9645472703843119,0.9837397713142584,0.0,9.0,0.9241,0.9211
7wf5,4.8557356838064685,0.7979493437399023,0.9399578840671516,0.959150384997098,1.0,6.0,0.9298,0.8989
7wlx,4.818275056713183,0.5648909931851441,0.9499607722280197,0.9691532731579662,0.0,8.0,0.9628,0.939
7wmg,4.432926042654147,0.5922614063069574,0.9562946485399573,0.9754871494699038,0.0,4.0,0.9657,0.9194
7wmh,5.663069337319788,0.4539511176517553,0.9592694114110555,0.978461912341002,0.0,7.0,0.9664,0.9357
7wmj,5.085681053921131,0.5365927224250506,0.9682560144385003,0.9874485153684468,0.0,1.0,0.965,0.9309
7wml,4.058794599314359,0.6863314050714018,0.9661136309669175,0.985306131896864,0.0,3.0,0.9698,0.9258
7wmn,4.6530496866647955,0.375164003012357,0.9695228494132835,0.98871535034323,0.0,10.0,0.9669,0.9465
7wmo,5.272801142760921,0.48303248918091657,0.9691380276162752,0.9883305285462218,0.0,10.0,0.9681,0.9465
7xbi,4.935597240467547,0.7090582534670946,0.9413598726260028,0.9605523735559494,1.0,1.0,1.0,0.9293
7xc1,4.230912965525031,0.39733932515864445,0.9473661236656824,0.966558624595629,7.0,2.0,0.977,0.9273
7xhy,4.262060962035624,0.6416963912508616,0.9301066463281601,0.9492991472581066,3.0,3.0,1.0,0.8693
7xmk,4.290241666433964,0.6102080683936116,0.9837239168438743,1.0,2.0,7.0,0.9523,0.8933
7y1g,4.399621423852922,0.5665157016437231,0.9140667529481991,0.9332592538781456,0.0,4.0,0.9797,0.9506
7y4t,4.646881388604056,0.6107585123077126,0.9227391796702387,0.9419316806001852,0.0,9.0,1.0,0.8906
7y4u,4.883678694614479,0.40942816107404906,0.9936652490589223,1.0,0.0,5.0,1.0,0.8572
7ydx,3.946171279398873,0.6407212429511363,0.9562369467087947,0.9754294476387412,2.0,2.0,0.9349,0.8876
7z4v,5.12198970487324,0.6753289353883004,0.9718943368069268,0.9910868377368732,1.0,4.0,1.0,0.9455
7z5w,4.6989112521835406,0.6083532221132816,0.9402112687166269,0.9594037696465731,0.0,6.0,0.963,0.8912
7z5x,4.8087124762032305,0.8050622793629286,0.946909700911428,0.9661022018413744,1.0,10.0,0.9645,0.8525
7zbc,4.4825652690128495,0.7168815351058643,0.960028341798662,0.9792208427286088,4.0,6.0,0.9646,0.9069
7zho,4.588346840581806,0.6883351523391232,0.9258301942061232,0.9450226951360696,5.0,8.0,1.0,0.9633
7zun,5.5877985426889705,0.6549988402464417,0.9367019115247645,0.955894412454711,0.0,7.0,1.0,0.9698
7zy0,4.733603345495673,0.5176847391370961,0.9855442529872248,1.0,1.0,9.0,1.0,0.9642
7zyd,,,,,,,,
7zyk,4.286443589674626,0.5173550446137796,0.9571517829229624,0.9763442838529088,0.0,3.0,1.0,0.951
7zyr,4.4332177284391765,0.7517420505936668,0.9486145990629883,0.9678070999929348,3.0,3.0,1.0,0.9635
8a5j,4.598170343952429,0.5240421039497766,0.9822870882438545,1.0,0.0,2.0,0.8964,0.8656
8a66,4.303450063824048,0.3805089941471105,0.9463605047343044,0.9655530056642508,1.0,6.0,0.9769,0.9321
8aau,4.553174722787645,0.7896654686668014,0.9935391375996109,1.0,1.0,4.0,1.0,0.9477
8ae7,4.914878927724374,0.6338110620808697,0.9878171762436636,1.0,2.0,2.0,1.0,0.9679
8aec,3.956537672163161,0.4989073214885499,0.9591860441931075,0.978378545123054,1.0,4.0,1.0,0.9629
8aek,4.148920223144684,0.5061940044164517,0.9736043514894392,0.9927968524193856,3.0,5.0,1.0,0.9651
8an8,4.184286962851881,0.5388158976416741,0.9697072722788332,0.9888997732087796,0.0,10.0,0.9512,0.8415
8ans,4.919914063826443,0.553304239345358,0.9438052994739656,0.962997800403912,1.0,10.0,1.0,0.8716
8ao7,4.358470154539617,0.4697077693437592,0.9426933974665028,0.9618858983964494,1.0,10.0,1.0,0.9622
8aoj,4.45971594652284,0.602760429299017,0.9798155950308345,0.999008095960781,0.0,5.0,1.0,0.9249
8b9e,5.141089887085547,0.6886432101279002,0.9779755880979073,0.9971680890278538,1.0,8.0,1.0,0.7895
8ba2,3.970966558985955,0.6635639714296081,0.9219794519527152,0.9411719528826616,1.0,9.0,1.0,0.9193
8bab,4.139598042472843,0.6596977770253603,0.9572423987490785,0.9764348996790247,4.0,1.0,1.0,0.9288
8bf2,4.229634110207871,0.6307626927729064,0.9216443409941405,0.940836841924087,1.0,9.0,0.9885,0.9319
8bjt,4.440581812795386,0.6235580681062324,0.9698911130416297,0.989083613971576,1.0,8.0,1.0,0.968
8bod,4.674237994873535,0.4709200750136049,0.9543037889262899,0.9734962898562364,0.0,9.0,1.0,0.9268
8bof,4.933895303591331,0.41246969518635695,0.9460121123630276,0.965204613292974,0.0,2.0,1.0,0.8824
8bog,5.246556200541847,0.8639604768232165,0.9413701728811464,0.9605626738110928,0.0,7.0,1.0,0.9043
8boh,5.0146057345434984,0.6734028683439547,0.9470114459996061,0.9662039469295526,0.0,9.0,1.0,0.9262
8boi,5.0564618145562275,0.5771598158334573,0.9512613946642591,0.9704538955942056,0.0,1.0,1.0,0.9181
8bok,4.42104360455429,0.4032237904441491,0.9715223183499987,0.9907148192799452,0.0,8.0,1.0,0.9212
8bom,5.250332639390038,0.6771512688293857,0.9643071464826977,0.9834996474126442,0.0,5.0,1.0,0.9384
8c7x,4.28001732542989,0.5584099647990656,0.9412287655583083,0.9604212664882548,11.0,10.0,0.963,0.9002
8cur,5.400843695578034,0.4926372044667069,0.9333485596067624,0.9525410605367088,0.0,5.0,1.0,0.9205
8d6c,4.058722805357651,0.8871206159336793,0.9540015320785497,0.973194033008496,5.0,8.0,0.9802,0.9556
8d6d,4.248592840769266,0.5195575560837509,0.9520397258843925,0.971232226814339,3.0,8.0,0.9785,0.934
8d6e,3.8034541896502354,0.47048910118524345,0.972255007338212,0.9914475082681586,9.0,7.0,0.9841,0.9603
8d73,4.270380542558626,0.6523104057086354,0.9885537061436647,1.0,2.0,3.0,0.9535,0.8719
8d76,3.90434219287643,0.29843685572700557,0.9283319337033888,0.9475244346333356,6.0,2.0,0.8775,0.8767
8dkn,3.9711306422229864,0.6171944962844248,0.9505865967409785,0.9697790976709249,2.0,10.0,0.954,0.9286
8dkv,,,,,,,,
8dsy,5.059257428638949,0.5204958578273406,0.9504767164996992,0.9696692174296456,1.0,2.0,0.9796,0.9314
8dsz,5.053625755437235,1.1896472479914242,0.9218904553202316,0.9410829562501782,0.0,1.0,0.9843,0.9241
8du6,4.983860058742525,0.5231977980928918,0.9697681736425628,0.9889606745725094,0.0,3.0,0.9766,0.9173
8du8,,,,,,,,
8du9,5.038765928464565,0.5375076308066518,0.943628083990894,0.9628205849208408,1.0,2.0,0.9644,0.8909
8dub,4.8485828487089115,0.5974555816049082,0.9431048733053848,0.9622973742353316,1.0,7.0,0.9752,0.9137
8duc,4.6985311278187165,0.45780370793276437,0.9641223473754696,0.983314848305416,0.0,1.0,1.0,0.9095
8dud,4.035696232275763,0.8775437500862405,1.0,1.0,0.0,6.0,1.0,0.9345
8dug,4.7438697179682645,0.5243199053037472,0.9320271373274156,0.9512196382573622,0.0,4.0,0.9698,0.9153
8duh,4.480602713941206,0.4709598158541384,0.958143902190786,0.9773364031207328,0.0,5.0,0.9751,0.9097
8dui,,,,,,,,
8dv5,4.8004923285737835,0.5306714349538446,0.9404619712280696,0.959654472158016,1.0,5.0,0.9789,0.933
8dv7,4.60233567416914,0.7755119301993233,0.9874886632848888,1.0,0.0,9.0,0.9735,0.9206
8dv8,4.6057420366098905,0.6580218704682635,0.9783117758145007,0.9975042767444472,1.0,5.0,0.9709,0.9133
8dvb,4.518200088609949,0.5954557992975456,0.9493289140464508,0.9685214149763972,1.0,7.0,0.9764,0.9111
8e1x,4.434446066502751,0.5100589705742734,0.9534491806988511,0.9726416816287976,0.0,7.0,0.953,0.9157
8e80,5.239897201001206,0.4205645056254039,1.0,1.0,0.0,4.0,1.0,0.9555
8e81,4.467147415019541,0.4592254163841751,0.9707086823598593,0.9899011832898058,0.0,4.0,1.0,0.9476
8eq5,5.706535251145187,0.7945159612978094,0.9783065486292647,0.9974990495592112,0.0,1.0,0.9564,0.8791
8f7p,4.016246555815238,0.7047366725260116,0.9853252492842495,1.0,1.0,6.0,0.9519,0.8894
8fav,4.277883586505691,0.8483493651443084,0.9627203653457272,0.9819128662756736,3.0,3.0,0.9817,0.9317
8fb1,3.8151484340226554,0.49652585241764635,0.9804076154412477,0.999600116371194,1.0,9.0,0.9409,0.8894
8fb2,4.834856899330793,0.5106175143933812,0.9918256352447719,1.0,3.0,2.0,0.9879,0.9349
8flv,4.5719637684059204,0.43573900371014745,0.9552191460801999,0.9744116470101464,2.0,7.0,1.0,0.9358
8fp3,4.826834798810786,0.8747966839265545,0.9644579741029417,0.9836504750328882,0.0,4.0,1.0,0.9522
8fpe,3.9181108270641904,0.4636968643770962,0.940595004419921,0.9597875053498676,0.0,8.0,1.0,0.9359
8gvj,4.838717440991471,0.7207343173204865,0.9873413584459031,1.0,0.0,1.0,1.0,0.8688
8h6p,4.870446831264357,0.42301710911864576,0.9974317308561195,1.0,0.0,10.0,0.9788,0.9529
8h6t,4.596558670691239,0.5070352883661543,0.9801444408698112,0.9993369417997578,0.0,9.0,0.9756,0.9462
8h7f,4.832716116452552,0.8236141967134881,0.9394370374510604,0.9586295383810072,1.0,5.0,0.9211,0.9094
8h7h,4.669895168398551,0.5290601786974608,0.9331136012342667,0.9523061021642132,1.0,9.0,0.8839,0.9126
8VQ4,4.543501283634505,0.5805229734647288,0.9437962199971972,0.9778694247698076,,,,
