id,pose rmsd,pocket rmsd,qs score,lddt-pli,qs_score
5r91,3.2141797352881114,2.1593814215323133,0.9533984696074373,0.972875099531923,1.0
5r98,4.513587549955849,0.5984338291794608,0.937874224781313,0.9576048567671184,1.0
5r9a,,,,,
5r9b,2.7932824739629427,1.3740660124723005,0.905872220156133,0.9256028521419384,1.0
5r9c,2.9506404914081394,1.8956701079986855,0.8931733059859207,0.912903937971726,1.0
5r9f,2.780986251182569,1.4910998502029291,0.9314726556351003,0.9512032876209056,1.0
5r9g,3.687969503638224,2.1596587117127006,0.9148737435837239,0.9346043755695292,1.0
5r9j,3.140390405741045,1.3606421629879706,0.9136408667968349,0.9333714987826404,1.0
5r9p,3.8591931816441125,1.1800889881750862,0.9266562039757487,0.946386835961554,1.0
5r9s,1.9731981167813597,1.5680147871363614,0.9300617108590444,0.9497923428448498,1.0
5sav,4.758015347245575,1.5091070410847782,0.8855232521354105,0.905253884121216,1.0
5saw,3.1079230193660274,1.230081085824066,0.949619005998077,0.9693496379838824,1.0
5saz,3.7940236130423886,1.2656097630777998,0.8905264585936474,0.9102570905794528,1.0
5sb0,,,,,
5sb1,2.889529714119069,1.6188778091900213,0.942921463012375,0.9626520949981804,1.0
5sb2,3.588521685683917,1.1869625380595012,0.9216542426043078,0.9413848745901132,1.0
5zjy,3.9366430654943763,1.2266067014039497,0.957983465029799,0.9777140970156044,1.0
5zjz,3.0241355919969597,0.8409648654996569,0.9315156574062127,0.9512462893920182,1.0
5zk5,3.063142510939699,2.0793802754783854,0.9449303117853468,0.9646609437711522,1.0
5zk7,3.7991969920711735,1.2731986632525134,0.9332460130267748,0.9529766450125802,1.0
5zk9,2.5448385215714664,1.90494582642852,0.9530497616122561,0.9727803935980616,1.0
5zlf,2.1525419354934807,1.5034118678680621,0.9523469562789858,0.9720775882647912,0.915
5zml,3.5263481362864604,2.2250675917801046,0.9129366751130237,0.9326673070988292,
5zr3,2.6799290159822995,2.0050748882539855,0.9188387863483318,0.9385694183341372,1.0
5zxk,1.9358233839947367,1.4653816602587255,0.9379702259121486,0.957700857897954,1.0
6a1c,2.5822203834984228,1.9763334081225885,0.9268956046014079,0.9466262365872132,1.0
6a6k,2.8242658841243435,1.053673455823209,0.8853604789456484,0.9050911109314538,1.0
6a73,2.3402876984779954,1.8668842005204573,0.971658081100329,0.9913887130861344,1.0
6agt,2.164881255056746,0.9166797839144323,0.8875611785598367,0.907291810545642,1.0
6ahs,3.2162019368775248,1.4748567019284367,0.8894315370981187,0.909162169083924,1.0
6bqd,4.01058870983141,1.7762675406806487,0.9055545255529874,0.9252851575387928,0.0
6c85,3.0003785195852717,1.4299466428189331,0.9424066664524309,0.9621372984382364,1.0
6cjj,2.6297608727257717,1.2267905702500612,0.9670518723479831,0.9867825043337884,1.0
6cjp,3.5173217650050117,1.094278426395404,0.9263870530152044,0.9461176850010098,1.0
6cjr,3.8300057967889805,1.2345806788492626,0.9232710279349546,0.94300165992076,1.0
6cjs,2.949087786315536,1.7700010668230652,0.9345806910965686,0.954311323082374,1.0
6cyg,,,,,
6cyh,4.162740319536761,1.2607431800855133,0.9327483320580588,0.9524789640438642,1.0
6d07,3.0206879114329452,0.9750046618137832,0.9082797753568046,0.92801040734261,
6d08,2.582580310961756,1.606278578463669,0.9398725301498341,0.9596031621356396,
6d3x,3.483773044446563,0.9240884293609768,0.9389581539465016,0.958688785932307,
6d3y,3.3953699222323497,1.1756007659608039,0.8823477279367993,0.9020783599226048,
6d3z,4.222672517602243,1.1146866038079921,0.9288930702277346,0.94862370221354,
6d40,2.285329639931676,1.635204284897916,0.9343607820317831,0.9540914140175883,
6dql,2.686142476930884,1.4345099839288873,0.9423340721033002,0.9620647040891056,
6dyz,2.5661415969884906,1.5207427983534207,0.9147631918462529,0.9344938238320584,1.0
6dz2,2.0325661799777026,1.4480994036861041,0.9045151616743025,0.9242457936601078,0.0
6dz3,3.291331717365582,1.1313673679706422,0.912067901488683,0.9317985334744884,0.0
6e3m,3.6485494940544556,1.5499142918920243,0.9420701608045886,0.961800792790394,1.0
6e3n,2.633034275239463,1.9420316236701711,0.9140476386074227,0.933778270593228,1.0
6e3o,4.543511659494877,1.3366910610824692,0.9158030381629464,0.9355336701487518,1.0
6e3p,3.93403550890737,1.589636579514732,0.9539952888607186,0.973725920846524,1.0
6e3z,3.7428579181420125,1.3061405305151144,0.9153623695802394,0.9350930015660448,1.0
6e4c,3.532438547520539,1.7597626379254467,0.9131108608786522,0.9328414928644576,1.0
6e4v,4.070962238527061,1.6032341985292426,0.9292731768735458,0.9490038088593512,1.0
6e6j,2.257312915760773,1.6919738995288887,0.935075313282697,0.9548059452685024,0.071
6e6v,3.729984431904278,1.4768347668899706,0.9518706755795551,0.9716013075653605,1.0
6e6w,3.7193399154094307,2.0586156375653686,0.9134973043311803,0.9332279363169856,1.0
6efk,2.0147312613120616,1.228702510862127,0.89970846807586,0.9194391000616654,1.0
6fcj,3.483218238488566,1.237355698843087,0.9286474370275049,0.9483780690133102,1.0
6ffe,2.9870366651585427,1.1570556722425123,0.9439837845585498,0.9637144165443552,1.0
6fff,3.8935651850887067,1.5803876933365355,0.9014425757158965,0.921173207701702,1.0
6ffg,2.8451518512491427,1.1478773501257948,0.9213455973767039,0.9410762293625092,1.0
6ftf,3.171110339608021,1.141269531903745,0.937228939493265,0.9569595714790704,1.0
6g24,3.479484271162114,1.6285662106444043,0.9357241676553907,0.955454799641196,1.0
6g25,2.5409366688602733,1.8211902407442764,0.9327682251265969,0.9524988571124022,1.0
6g27,3.7153578893236467,1.5655362040744734,0.9259571803245015,0.9456878123103069,1.0
6g29,3.101103430942432,0.6657411387143519,0.9150983567405598,0.9348289887263652,1.0
6g2b,3.6156552760050276,1.0527059956860874,0.9125202264993763,0.9322508584851816,1.0
6g2c,2.7849743377666725,1.0201642221005747,0.9542454451015563,0.9739760770873616,1.0
6g2e,4.209087358671374,0.984912963799628,0.9087354166237926,0.928466048609598,1.0
6g2f,3.721652005872776,1.2138905433796665,0.9556814831604182,0.9754121151462236,1.0
6g2o,3.0432906447494816,2.1542991086522134,0.9047749099065586,0.924505541892364,1.0
6g3c,3.747253180724187,1.245997175178199,0.9892230319737546,1.0,0.0
6g5u,4.3998582247018785,1.1145069007028487,0.8963063070667588,0.9160369390525642,1.0
6gbw,5.038228466784778,1.6165879504707907,0.9632136850010499,0.9829443169868552,1.0
6gdy,2.1195560876102335,1.3739003359530013,0.9131420979976904,0.9328727299834958,1.0
6gga,3.9961310717170724,1.3923506359245623,0.928785183301861,0.9485158152876664,1.0
6ggb,3.590324570431828,1.1287884504119765,0.9297873352932474,0.9495179672790528,1.0
6ggd,3.109981399940896,1.3489681878112267,0.9180434592791806,0.937774091264986,1.0
6gge,2.4564517167850064,1.5100544074812627,0.9757071944224575,0.995437826408263,1.0
6ggf,4.396976343755986,0.8179949324384678,0.9329995585531239,0.9527301905389292,1.0
6gj5,2.298950606677718,0.8858250275373635,0.904654496369505,0.9243851283553104,1.0
6gj6,3.6853417768943038,1.7852751448353938,0.944042306597637,0.9637729385834424,1.0
6gj7,4.447410208599679,1.6777444151500465,0.9453603108728282,0.9650909428586336,1.0
6gj8,2.1051698299069956,1.1830355393447725,0.9081294096694295,0.9278600416552348,1.0
6gwe,2.9471815500791556,1.0345111984489164,0.9418213804780182,0.9615520124638236,0.0
6h12,2.2707262939747097,1.2860742685677826,0.9324799039188398,0.9522105359046452,0.0
6h13,3.3923261945836627,0.9885037089041501,0.947520916147054,0.9672515481328594,1.0
6h7d,4.695151987499733,1.2354488095924256,0.9453561816937238,0.9650868136795292,1.0
6hbn,5.3451590734138374,2.0644724159408634,0.9309305581978701,0.9506611901836756,1.0
6hhr,2.0092603631895707,1.396462887914432,0.9229266104061122,0.9426572423919176,1.0
6hj2,2.7470130865350693,1.8231522366766109,0.9493232640831138,0.9690538960689192,1.0
6hlb,3.8166014462555284,1.2737511901792287,0.9373691328473999,0.9570997648332052,1.0
6hld,4.773592618774831,1.4848671171595347,0.9012874207385718,0.9210180527243772,1.0
6hop,3.5501591118331595,1.9288160000452608,0.9201924457440919,0.9399230777298972,1.0
6hoq,2.628021584437253,0.9522237400907392,0.9214246802526822,0.9411553122384876,1.0
6hor,3.4388828623322847,1.233079637041685,0.9258517865551157,0.9455824185409212,1.0
6hot,3.1724339381538242,1.2956752210491038,0.9768261810189051,0.9965568130047104,1.0
6hou,3.023192127355634,1.4516883240108638,0.9235470750518209,0.9432777070376264,1.0
6hv2,2.6359792911191837,2.0135974697401053,0.9406548125081289,0.9603854444939344,
6i41,3.5193675631526458,1.6110586253474477,0.9642357776645396,0.983966409650345,
6i5p,3.4483859872330545,0.9125230822692968,0.9411816197182639,0.9609122517040694,
6i61,3.110683459770755,1.2578501849022248,0.9397448190425158,0.9594754510283212,1.0
6i62,3.009241551714328,1.069363144501204,0.9570819043566511,0.9768125363424564,1.0
6i63,2.2851299896192176,1.0622788191017232,0.9350492935438363,0.9547799255296416,1.0
6i64,2.8107478237801,2.2715221230732925,0.9348225251155259,0.9545531571013312,1.0
6i65,4.3403814574969495,1.0229812556989937,0.9448866243454265,0.964617256331232,1.0
6i66,3.0334789538402687,1.4346752685490405,0.9393484518039175,0.9590790837897228,1.0
6i67,2.1948641884166573,1.1204106543728045,0.917480259761515,0.9372108917473204,1.0
6i68,4.484537204764921,1.6855250247051459,0.9077609250838679,0.9274915570696732,
6i74,,,,,
6i75,5.461305971430326,1.3947848614487801,0.9590847571705803,0.9788153891563856,1.0
6i76,3.237677394324172,1.3231038874461611,0.9265671996162205,0.946297831602026,1.0
6i77,2.8288006860107786,1.8098225848158935,0.9540886504123283,0.9738192823981338,1.0
6i78,2.1903230015223683,1.058767057613819,0.9393588975811128,0.9590895295669182,1.0
6i7a,4.472417636415928,1.1169855707020113,0.9249161015537146,0.94464673353952,
6i8m,6.14045192838314,1.0086943014712744,0.8783846434235758,0.8981152754093812,1.0
6i8t,2.577622051218231,1.903611761863372,0.9355461960447731,0.9552768280305785,1.0
6i9a,2.696252908229402,1.250485390053302,0.9255557097851385,0.9452863417709438,1.0
6ibx,3.7130660706976237,1.029860091836333,0.8990605970053553,0.9187912289911608,1.0
6ibz,,,,,
6ic0,,,,,
6izq,2.911427809879781,1.3124019028605498,0.9386073144930422,0.9583379464788476,1.0
6j06,3.347227858968496,1.680776961340712,0.9190004481825819,0.9387310801683872,0.0
6jaq,4.218365085237139,1.5220495661057314,0.9351436150943414,0.9548742470801468,1.0
6jbe,3.2041697768222903,1.3451694856354663,0.9216264694759528,0.9413571014617582,1.0
6jib,4.032870963378647,1.1270130220805508,0.9524175035730694,0.9721481355588748,1.0
6jid,2.859269331439379,1.237314140557411,0.9335882900374677,0.9533189220232732,1.0
6jlr,3.4660652744473803,1.230844984235598,0.9030240314150785,0.922754663400884,1.0
6jmf,1.8282650126248436,0.7557094961434419,0.9353897042980338,0.9551203362838392,1.0
6jon,2.189008527296103,2.6238789257073685,0.9324535869945239,0.9521842189803292,1.0
6jrj,3.907933519842538,1.7134475982169355,0.9270270368744706,0.946757668860276,1.0
6jrx,2.7362411095072674,1.390767226614929,0.9040822158914699,0.9238128478772752,1.0
6jse,3.69761252972981,1.2801425956961727,0.9523092291459353,0.9720398611317406,1.0
6jsf,3.6621749380798034,1.0988391515411062,0.916454557071119,0.9361851890569244,1.0
6jsg,4.47063801449419,1.7244064087769122,0.9627805215209745,0.98251115350678,1.0
6jsn,3.9239148557394246,1.2856370990419925,0.9178888950843447,0.93761952707015,1.0
6jsz,4.135289982758259,1.5275959848400575,0.931749674069783,0.9514803060555884,1.0
6jt3,3.09575123853277,0.9393928508709762,0.9302024985786252,0.9499331305644306,1.0
6jut,2.660779261546703,1.488347148332482,0.9341257446050264,0.9538563765908318,1.0
6juu,,,,,
6jux,2.809391876175391,1.2517658613344542,0.9211249047716147,0.94085553675742,1.0
6jwa,2.3791466547574966,1.6592530083128463,0.9725256512494814,0.9922562832352868,1.0
6k04,2.766609558361986,1.3619084395171823,0.9435798524684147,0.96331048445422,1.0
6k05,3.1110159236066703,1.7947632908987012,0.9171869978987675,0.9369176298845728,1.0
6k3l,3.398917876111208,1.7774310490937895,0.9562331824574638,0.9759638144432692,1.0
6k9g,2.919661463501493,1.3712246423227024,0.9479310568648338,0.9676616888506392,1.0
6k9h,1.934128841792977,1.1668316580538896,0.9502053341609482,0.9699359661467536,1.0
6k9m,3.1273066136752874,1.4534808773896932,0.904396052690111,0.9241266846759164,1.0
6kjd,3.3760629482713758,1.364181275907056,0.9411647661191991,0.9608953981050044,1.0
6kjf,4.207231449084288,1.1492244346690481,0.923042052798075,0.9427726847838804,1.0
6knr,3.6956693476787925,1.5186336320425056,0.9282537069135046,0.94798433889931,1.0
6ktn,2.6987134143288483,1.50919121730222,0.9284680443925123,0.9481986763783176,1.0
6kxx,2.643285437481343,1.0706554763965768,0.9319136500770673,0.9516442820628728,1.0
6l37,,,,,
6l88,3.8688408007293726,2.854531515970653,0.9386751173816105,0.9584057493674158,1.0
6lil,5.090140988440989,1.666479685832505,0.8941714008146859,0.9139020328004912,1.0
6lin,5.491041992983236,1.3841180265492505,0.956059172318201,0.9757898043040064,1.0
6lio,2.5795264204829147,2.5715617968079587,0.9328539839197139,0.9525846159055192,1.0
6lit,3.517570430964743,1.1989322377770997,0.9337324529346839,0.9534630849204891,1.0
6lvk,3.583974872051538,0.7035967859974757,0.8945337440735248,0.9142643760593302,1.0
6lvl,3.6784211873922517,0.818942300909884,0.9391017605203484,0.9588323925061538,1.0
6mo7,,,,,
6mo8,3.3559218308551397,1.4434811188485355,0.9502290174102055,0.9699596493960108,1.0
6mo9,3.331927325525523,1.7363033910600068,0.9402322666194882,0.9599628986052936,0.33
6moa,2.1592232151118074,0.7636177832089341,0.9476687203297482,0.9673993523155536,1.0
6n0m,3.0532043957942827,1.8003294822980906,0.9236318605477902,0.9433624925335956,1.0
6n4e,2.6270233420257063,0.9796944955682745,0.8944799223174635,0.9142105543032688,1.0
6n53,3.2910379252366226,1.4421303553051086,0.9504927072866445,0.97022333927245,1.0
6n55,2.824303297878268,1.5215536800072296,0.939514060479966,0.9592446924657714,1.0
6n8x,3.7343749089896074,1.5091939343200882,0.9244812584416651,0.9442118904274704,1.0
6n92,3.9311686253211957,1.352136721964608,0.9199483231878113,0.9396789551736168,1.0
6n93,3.449105622509571,1.4106037374267086,0.9133715189211087,0.933102150906914,1.0
6n94,3.4557318757055926,1.0025698701227947,0.8958173574966115,0.9155479894824168,1.0
6n96,3.2631161939012214,1.4502761058975953,0.907534466301794,0.9272650982875994,1.0
6n97,2.8387420721183894,1.7377756671968543,0.9296960603830766,0.949426692368882,1.0
6np2,,,,,
6np3,2.8038809654782426,2.6391083677723874,0.9401709504687022,0.9599015824545076,1.0
6np4,3.520024518378155,1.7846660377934507,0.9632237836047423,0.9829544155905476,1.0
6np5,3.197619655732248,1.6281267922138913,0.9108850645935782,0.9306156965793836,1.0
6npi,3.6989169971897047,2.0710365023657125,0.9562556263299115,0.9759862583157168,0.654
6npm,2.2592712926032394,1.4364361706524489,0.9227694646311034,0.9425000966169088,1.0
6npp,4.000884539050395,0.9638272625246527,0.9604523205833693,0.9801829525691746,1.0
6nsv,2.6167903792539486,0.7495751416515274,0.9556893916620455,0.9754200236478509,0.0
6nt2,2.636108180180195,1.8755053798927364,0.9318074445013372,0.9515380764871426,1.0
6nv7,3.0281022848788948,1.5629861436290482,0.9337918982353794,0.9535225302211848,1.0
6nv9,2.7552358394332614,1.6795990851458098,0.9554699879146626,0.975200619900468,1.0
6nw3,3.433583391927512,1.237771210326652,0.915170062166883,0.9349006941526884,0.0
6o3x,2.7475699530784485,1.475463974840628,0.8878027237318585,0.907533355717664,
6o3y,2.416729452687752,2.1903155995121284,0.9474527353903782,0.9671833673761836,
6o3z,2.5610701746215607,1.471657740146847,0.9747208958287891,0.9944515278145946,1.0
6o5g,4.458906760107645,1.0089820480956806,0.8931420327780986,0.912872664763904,1.0
6o5u,3.2225124551895687,1.2064317383774534,0.9352961500537811,0.9550267820395864,1.0
6o5z,2.355955095966919,1.928459965989374,0.9074353649046702,0.9271659968904756,1.0
6o9b,3.1929042333777646,1.0157678314655048,0.9252939778068758,0.9450246097926812,1.0
6o9c,2.1293295753241117,0.6841588111327118,0.9110812202829138,0.9308118522687192,
6obl,5.0361648886601,0.7388391003874708,0.9486135996100539,0.9683442315958593,1.0
6od6,2.1468820015287173,0.9514722538786612,0.9201861432747043,0.9399167752605098,1.0
6oi8,3.602947098718217,1.6590131697828745,0.9272391613415755,0.9469697933273808,1.0
6oie,3.66337812081524,1.3807825902245365,0.9094048086984394,0.9291354406842448,
6oin,2.1889744754519267,1.1081703420055473,0.945770493730231,0.9655011257160364,1.0
6oio,3.4416609315179003,0.9650291388327392,0.9208929798255027,0.9406236118113082,1.0
6oip,4.114391185723376,1.3101847805650366,0.9235253116762773,0.9432559436620828,1.0
6oiq,3.5926336336095046,1.2947683860499506,0.9295862419756514,0.9493168739614568,1.0
6oir,3.4071373897018558,1.1655120141155697,0.9020383822095954,0.9217690141954008,1.0
6olx,4.06412549259279,1.2662839079667632,0.9306823338907685,0.950412965876574,1.0
6op9,3.3206225069275117,1.106462448530164,0.8988328641338272,0.9185634961196326,1.0
6oqi,3.4737494241179947,2.1464223108424534,0.926733599003947,0.9464642309897524,1.0
6os5,3.0837837481938366,0.7245820764867017,0.9267005507670258,0.9464311827528312,1.0
6os6,3.7471077987781967,1.392894280275073,0.9230851253686633,0.9428157573544688,1.0
6p3d,2.498401202680918,1.0360839420999584,0.927099397362216,0.9468300293480214,1.0
6p7g,3.9037845151935886,1.6197959461808829,0.9175990245539071,0.9373296565397126,0.0
6pl4,2.7968966298468447,1.2696266940697265,0.9413239432169712,0.9610545752027766,1.0
6pma,2.4034779848769037,1.4835655742443914,0.9310311603422052,0.9507617923280106,1.0
6pmb,3.4995441932895126,1.5483635556400575,0.9216610935372487,0.941391725523054,1.0
6pmc,4.913764728252273,1.4231907031276219,0.9265109370551883,0.9462415690409935,1.0
6pme,4.077221934551398,1.7428718074442402,0.9175462542631578,0.9372768862489632,0.0
6pnx,2.7894298303978546,0.9384085880406007,0.9285471868493582,0.9482778188351636,1.0
6pwz,3.8112436217460037,1.7253279222697204,0.9248265975343191,0.9445572295201244,1.0
6pya,2.8340467660416615,1.274968657948572,0.8950347224378075,0.9147653544236128,1.0
6pyb,3.085922537777114,1.489180915976297,0.9640798499153492,0.9838104819011546,1.0
6pz4,3.260249427963856,2.0150766638180473,0.9221919752914832,0.9419226072772886,1.0
6q7b,1.7441856613738924,1.8036453833200334,0.9176588044611654,0.9373894364469708,1.0
6q7c,3.3469319050206336,2.2478965812417564,0.9371135558443863,0.9568441878301918,1.0
6q7d,2.4418695683487437,0.7474336569936789,0.8892772733675608,0.9090079053533662,1.0
6q7e,2.6613896864491786,1.0520863053520095,0.9231356787152795,0.9428663107010848,1.0
6q7f,2.1751064299200387,1.730869545586392,0.9372316935244285,0.956962325510234,1.0
6q7g,2.151321395855821,1.0049775114161463,0.9258003867307324,0.9455310187165378,1.0
6qdz,2.49718335028314,1.2870610141015963,0.9323767352729406,0.952107367258746,1.0
6qe1,,,,,
6qge,4.88018931282588,1.691486534667506,0.9237214813416147,0.94345211332742,1.0
6qgf,3.1654322085143014,1.0503284817258947,0.9302815188729554,0.9500121508587608,1.0
6qi7,4.215103119243304,1.5175861984792953,0.934133346698652,0.9538639786844574,1.0
6qln,2.9766134417342403,1.5944410394141924,0.9091744528412781,0.9289050848270834,1.0
6qlo,1.9400720765669413,1.3732615317854047,0.9366816961251638,0.9564123281109692,1.0
6qlp,,,,,
6qlq,3.572484980985661,1.399896318579432,0.9187111970171058,0.9384418290029112,1.0
6qlr,2.852834680440628,0.9118384645628008,0.9196287052559721,0.9393593372417774,1.0
6qls,3.44338249579336,1.3944543729433565,0.9334380707107558,0.9531687026965612,1.0
6qlt,3.6906454059566807,1.0490525663077066,0.9543768702833348,0.9741075022691402,1.0
6qlu,,,,,
6qmr,2.173721197012471,1.507981272482171,0.9144407040880692,0.9341713360738746,1.0
6qmt,3.0095779918272627,1.0696010044738613,0.9202490297346498,0.9399796617204552,0.0
6qqq,3.0174947903862397,1.5810840550687781,0.9198381762045946,0.9395688081904,0.751
6qqt,2.9093062719053466,1.4796573669959374,0.9387149948524103,0.9584456268382155,0.792
6qqu,4.103964152075045,1.334846686245526,0.9278651578693766,0.947595789855182,0.593
6qqv,4.954778815098804,1.627866488678071,0.9374474613893409,0.9571780933751464,0.618
6qqw,2.8616630529497797,1.2442498110249127,0.9559828181216666,0.975713450107472,0.796
6qqz,3.8120509449702404,1.2535470741071062,0.9352927295176978,0.9550233615035032,0.866
6qr0,4.055647756533707,1.3769694495673572,0.938956361773413,0.9586869937592184,0.812
6qr1,3.8260069373303507,1.328931389514157,0.9377440601297202,0.9574746921155256,0.868
6qr2,4.167648789998747,1.8118923957278124,0.915426572084439,0.9351572040702444,0.603
6qr3,2.8819744724689027,0.7232275797880027,0.9275565434558211,0.9472871754416264,0.821
6qr4,3.8522046603543267,1.2450015172602655,0.9258885654898732,0.9456191974756786,0.809
6qr7,5.346418033895903,0.7958005717163751,0.9202971144569765,0.940027746442782,0.788
6qr9,3.9156950598088875,1.1770156031482129,0.9607086901806015,0.9804393221664068,0.583
6qra,2.715280459681044,1.4331297844511663,0.9416681488991698,0.9613987808849752,0.826
6qrc,3.7240469643069347,1.3417692233416398,0.8765807865501974,0.8963114185360028,0.812
6qrd,,,,,
6qre,3.5029024247927176,1.45343334085115,0.9283350412655941,0.9480656732513996,0.669
6qrf,2.7552243691844507,0.6491650844254798,0.9302022004646636,0.949932832450469,0.772
6qrg,4.729637338647464,0.997708545352012,0.9137537548614743,0.9334843868472796,0.807
6qsz,2.306119908690791,1.9930654970516035,0.9236721322508946,0.9434027642367,
6qtm,3.625814676755769,1.9942189000179085,0.9223505505388658,0.9420811825246712,
6qto,3.1727961202502346,1.3679251602841218,0.9208040826317918,0.9405347146175972,1.0
6qtq,2.3400059071259967,0.8878002073005739,0.9428599487390322,0.9625905807248376,1.0
6qts,4.35481350991841,2.3267019809490557,0.9291991304964701,0.9489297624822756,1.0
6qtw,3.4839849722230354,0.7671132296266191,0.918859847735155,0.9385904797209604,1.0
6qtx,2.356403367977284,1.4398229595822545,0.924326382079109,0.9440570140649144,1.0
6quv,3.718340749864081,1.3109044075355334,0.9301586396543973,0.9498892716402026,1.0
6quw,2.850637974704593,1.4131885973572769,0.9082281721920377,0.927958804177843,1.0
6qwi,1.9447456149068487,0.9763599129349534,0.9192350173231443,0.9389656493089495,1.0
6qxa,2.6672445659523634,1.193686824021374,0.9423849498107888,0.9621155817965942,0.0
6qxd,3.4093564780635157,1.747856982774122,0.9502669500105551,0.9699975819963604,1.0
6r4k,3.7508510337494747,1.164764022464317,0.8832452130991036,0.902975845084909,1.0
6rr0,3.324602038301881,0.9212783658179668,0.9795458495732274,0.9992764815590328,
6ru6,3.223264077412754,1.3160206290300676,0.918081285371335,0.9378119173571404,0.0
6s07,,,,,
6s55,3.017560453019026,1.2744114938696225,0.9035149157392348,0.9232455477250402,1.0
6s56,4.3078107194260795,1.0739210524573877,0.9449296769626341,0.9646603089484396,1.0
6s57,3.310173200528773,1.518086632223819,0.9316119682220074,0.9513426002078128,1.0
6sfc,3.436049674020488,1.276869053256905,0.929496239946991,0.9492268719327964,1.0
6slz,3.6607245217403688,0.9701761536988907,0.9250921707034406,0.944822802689246,1.0
6ssb,2.424464334407941,1.39667006374228,0.9260370045805583,0.9457676365663636,1.0
6st3,,,,,
6t1s,4.712185039424687,1.3702619557758287,0.9159920644480128,0.9357226964338182,1.0
6t3c,3.472753897585645,0.8439999445077907,0.9259945484424407,0.9457251804282462,1.0
6t4g,2.962345653122641,1.079438896942571,0.9231958717766481,0.9429265037624536,1.0
6t4i,3.4782626891617845,1.4862427800674545,0.898364553112165,0.9180951850979704,1.0
6t4j,2.8140552489935287,1.681415735245469,0.9329716971105458,0.9527023290963512,1.0
6t4t,3.4225281421515907,1.44663243675822,0.9303208150104586,0.950051446996264,1.0
6t4w,2.683185531391444,1.3795191102214774,0.9214692511731446,0.94119988315895,1.0
6t4x,3.4202899067013823,1.5994527481284864,0.9037156137788595,0.9234462457646648,1.0
6t6a,2.1172748773654657,1.7112125058570973,0.9241039761178854,0.9438346081036908,1.0
6t8x,4.480507268884367,2.0952484191943435,0.927834054823231,0.9475646868090364,1.0
6tdc,2.7913703487984414,1.5029056695143708,0.930895342608141,0.9506259745939464,1.0
6te6,2.115320367809642,1.1492257823930176,0.9321295019343963,0.9518601339202016,0.665
6tel,3.0075716161810355,1.5095676088252403,0.9070833343776307,0.9268139663634362,0.608
6ten,2.8955772969824847,0.8001750411936378,0.9515566712305562,0.9712873032163616,0.693
6tfb,3.313370968735924,1.3565879296124728,0.9469799840569334,0.9667106160427388,1.0
6tlm,2.3696338249251876,1.1920943393254428,0.9469083806524514,0.9666390126382568,1.0
6tlp,3.5285962323939613,1.3315636351283076,0.9404540549320173,0.9601846869178228,1.0
6tmp,8.01982026648667,1.5225135541584596,0.9574712286619215,0.9772018606477268,1.0
6tnb,2.2888480901093646,1.3595315031685506,0.945756773125611,0.9654874051114164,1.0
6tnc,3.4749001537527957,0.91865881847289,0.9536910759431927,0.973421707928998,1.0
6tnd,2.94095472409937,1.2237527926100433,0.937650419602252,0.9573810515880574,1.0
6to7,3.3477864372538653,1.0904162899312055,0.9340222290929531,0.9537528610787585,0.0
6tod,1.9916257541073732,1.3372308088692282,0.9437959205975383,0.9635265525833436,0.0
6tos,2.3660908862398338,1.4765811329842928,0.9170395231681758,0.9367701551539812,0.0
6tot,3.5853471398138517,1.0464834821372695,0.9265758848321248,0.9463065168179302,0.0
6tp6,3.154686506861768,1.6269473595620467,0.935255199917677,0.9549858319034824,0.0
6tpa,4.842038641499496,1.8835663055133764,0.9193280376038007,0.939058669589606,1.0
6tq4,2.6562995530362024,1.2552663490085147,0.8821571537728295,0.9018877857586348,0.0
6tq6,3.3322443913372197,1.6260460205540743,0.9194156988006045,0.93914633078641,0.0
6tq9,6.69959597420112,0.9144876857237828,0.916229181962885,0.9359598139486904,0.0
6tu9,2.6148500275363906,1.170501633717405,0.9483202725812693,0.9680509045670748,1.0
6tvn,2.522843269378792,1.7280220164822695,0.8928952747517829,0.9126259067375884,1.0
6u0k,3.1573571772126936,0.8488064164376082,0.9156834321432327,0.935414064129038,1.0
6u7c,3.1497013031408287,1.1812722292772173,0.9629425494786504,0.9826731814644558,1.0
6ubw,3.9564913550712646,1.0669958401538115,0.8837212567222326,0.903451888708038,1.0
6ucg,3.2939906029892887,1.8126612576693484,0.9255580316201286,0.945288663605934,1.0
6ufn,2.6208289402028395,1.811231309670692,0.9181407051302273,0.9378713371160328,1.0
6ufo,3.3640078132951325,1.145852307738702,0.8966079280708753,0.9163385600566808,1.0
6uhu,6.24904748572539,1.3914702198288118,0.9311178497303835,0.9508484817161889,1.0
6uhv,4.413377995295766,0.6773720816222206,0.9132120752771175,0.9329427072629228,1.0
6uii,1.542575742762895,1.678637447487019,0.8767931291032259,0.8965237610890313,1.0
6uil,3.0716513847312816,1.4754882543906063,0.9187344239468627,0.938465055932668,1.0
6uim,2.5417079864474794,1.8973372405232805,0.903915158658771,0.9236457906445764,1.0
6uvp,3.737956898365105,0.7194365715714469,0.9525384626891497,0.972269094674955,1.0
6uvv,3.0470263044838903,1.4745576151928343,0.9311809553911217,0.950911587376927,1.0
6uvy,5.223022562223269,1.2295523477388912,0.9087314783645637,0.928462110350369,1.0
6uwp,4.045603997370899,0.6775561467211186,0.9349810131998838,0.9547116451856892,1.0
6uwv,4.003570993713387,1.1253144781466893,0.9690523299144402,0.9887829619002456,0.0
6v37,3.3425970945513437,1.3196565689173219,0.9050626402674554,0.9247932722532608,0.0
6v5l,3.153160734089035,1.6581881899930575,0.9106868751371698,0.9304175071229752,1.0
6v6q,3.4770989933399634,1.4176319060209432,0.928792700362509,0.9485233323483144,1.0
6vc2,4.439938020159378,1.1781992068121345,0.9317900790008594,0.9515207109866648,1.0
6vgh,3.6547146706018845,1.511833696827614,0.9341653803382283,0.9538960123240338,1.0
6vif,2.9104553732044547,1.3100430510539955,0.9006452375685251,0.9203758695543304,1.0
6vns,4.417109704322947,1.137709481169049,0.932906812903149,0.9526374448889544,1.0
6vnx,3.347358145660694,1.0327843180521892,0.9073191364278727,0.927049768413678,1.0
6vpf,3.1230166721684554,1.4003620861622994,0.9151414591248902,0.9348720911106956,1.0
6vxq,2.5974300237538097,1.4032841178332935,0.9489524889811797,0.9686831209669852,1.0
6vxu,2.753379594428728,2.1643660213202582,0.9161592483373409,0.9358898803231462,1.0
6vzl,2.7039625747499434,1.1983732405255758,0.9426897280053368,0.9624203599911422,1.0
6vzm,,,,,
6w39,4.135136550489079,1.4759340574469033,0.9339494492986486,0.953680081284454,1.0
6w3a,3.6848998307530008,1.8266189966852773,0.9337279175808758,0.9534585495666812,1.0
6w3e,3.014999552689686,1.0647421159479522,0.9434542968638054,0.9631849288496108,1.0
6w8c,4.166048619780971,1.07363451795614,0.9453288336071755,0.9650594655929808,0.99
6wa2,3.565471787128571,1.2444555205804952,0.9159055270529186,0.935636159038724,1.0
6wak,3.5052236245943797,1.6993427870719136,0.9639072845341082,0.9836379165199136,1.0
6wiw,1.673230822960728,1.4114267455269134,0.9428398044653489,0.9625704364511544,1.0
6wok,3.000468352306046,1.6383798677994212,0.9498826641039174,0.9696132960897228,0.0
6wxn,3.652653372553855,1.4644957260629594,0.9507126032529947,0.9704432352388,1.0
6x3n,,,,,
6xdb,5.10162802794529,1.420129410989287,0.9296997585790683,0.9494303905648735,1.0
6xdd,4.590333541565538,1.1769386992579027,0.9326433651422462,0.9523739971280516,1.0
6xdf,,,,,
6xe4,1.7999228620481493,1.381344332844476,0.9649926836105847,0.98472331559639,1.0
6xfp,3.6886720955116314,2.1164948670495694,0.9681828956185838,0.9879135276043892,1.0
6xfv,3.208746373882581,1.2947258692306722,1.0,1.0,1.0
6xjk,4.0781343223599436,1.3881544732357254,0.9678611237556465,0.987591755741452,1.0
6xl4,3.0844407683897046,1.2463078609079083,0.9648871634443065,0.984617795430112,1.0
6xlo,3.371217558422492,1.8183929302800892,0.9298116556384562,0.9495422876242616,1.0
6xrm,2.1606374727492406,1.6914499094114688,0.9144611539103591,0.9341917858961644,1.0
6xrn,3.574649551520191,1.5968261992648212,0.9316129657725171,0.9513435977583224,1.0
6xvj,2.8408679696081847,0.9748283611487792,0.9256065164280248,0.9453371484138302,1.0
6xvk,3.4858613995010157,0.9079926281499564,0.9110748895337353,0.9308055215195408,1.0
6y4t,,,,,
6y4u,3.0913292191931023,1.6262866408216083,0.939911374201837,0.9596420061876424,1.0
6y4v,,,,,
6y4w,3.1748939005899146,0.8434391630855486,0.9493318968404381,0.9690625288262434,1.0
6y4x,,,,,
6y6f,3.624251138457492,0.867246219589191,0.9399576931118114,0.9596883250976168,1.0
6y6v,2.7667720000692944,1.0507522013028088,0.956630335545221,0.9763609675310264,1.0
6yat,2.737831267709225,1.2742535954192455,0.9292088079249382,0.9489394399107436,1.0
6ybh,4.977735293335975,1.7303587147583737,0.9329161858160903,0.9526468178018958,1.0
6yg4,3.1037937818481347,1.1768996619245036,0.9606226627443857,0.9803532947301912,1.0
6yg5,4.108752518643271,1.1195435767304105,0.9506119932135336,0.970342625199339,1.0
6yid,3.5249041711630804,1.2419765597124974,0.901307499012005,0.9210381309978104,1.0
6yjc,2.754717570764652,1.8664281210117588,0.9339063858084364,0.9536370177942418,1.0
6yk1,,,,,
6yk7,3.285998047826276,0.9019152568704613,0.9410845031170426,0.960815135102848,1.0
6yky,3.4033226616597525,1.2570248339000025,0.9561064284482103,0.9758370604340156,1.0
6ylc,3.730399310389891,1.2067931624268355,0.9013321986509166,0.921062830636722,1.0
6yll,2.2958457742197975,1.8243293197850832,0.940561528959551,0.9602921609453564,0.0
6yoj,2.7330360257047634,1.5104947111631428,0.8913673075725351,0.9110979395583404,1.0
6ypk,3.1091764046550874,2.0069349106657444,0.9459249996782414,0.9656556316640468,1.0
6yq1,4.799670473861571,1.0367024671440563,0.9073153788382204,0.9270460108240258,0.0
6yr9,1.7245593451683359,1.3543201276168586,0.9600704305329353,0.9798010625187408,1.0
6yt6,3.5664998514013533,1.1988848197689241,0.9181514203796922,0.9378820523654976,1.0
6yvy,2.771903164581052,1.0140497151127044,0.9343112382001398,0.9540418701859452,1.0
6yxv,3.559430700456875,1.2952933677456246,0.9373875406699547,0.95711817265576,1.0
6yyg,2.806538043580018,0.9908819963994152,0.9315313161743014,0.9512619481601068,1.0
6z10,3.4989174399317786,2.358890707493385,0.9010432457693582,0.9207738777551636,1.0
6zcp,4.755698634485684,1.5033441253326543,0.9463728980902486,0.966103530076054,1.0
6zcq,3.489631195835238,1.035526489199425,0.9218381844933354,0.9415688164791408,1.0
6zcx,3.5612780357905596,1.1527828794141712,0.9808796252144902,1.0,1.0
6zcy,3.5063846182006975,2.1080092647533006,0.9265615993763107,0.946292231362116,1.0
6zfh,2.6251921230110598,1.1918618063064224,0.9362812109684431,0.9560118429542483,1.0
6zgc,3.662807365700195,1.6146240632056263,0.9252823515974067,0.945012983583212,1.0
6zgv,3.0196059826763286,1.569297106129037,0.9664030056063461,0.9861336375921514,1.0
6zgw,2.583785878272199,1.7890273513984518,0.9619313518522823,0.9816619838380876,1.0
6zgx,3.1545810333244,1.5900960465919618,0.9442007622252673,0.9639313942110728,1.0
6zgy,3.004900991711564,1.2778954183829714,0.9527500523465646,0.97248068433237,1.0
6zgz,3.865713978121315,1.1571647550471822,0.9142614668568793,0.9339920988426846,1.0
6zh0,3.151098780227562,0.8478972109164375,0.9128936651513923,0.9326242971371976,1.0
6zoq,2.7795080455486336,1.3329247697892543,0.9578773626109343,0.9776079945967396,1.0
6zor,4.625748132124224,1.3988617279582252,0.9146327054364775,0.9343633374222828,1.0
6zos,4.105161526863336,1.2290080652661304,0.9257821084835572,0.9455127404693626,1.0
6zqs,4.411075541285621,1.300142810640514,0.9007416978570191,0.9204723298428245,1.0
6zwp,3.7240038965044837,0.9832482278547954,0.9240041735328595,0.943734805518665,1.0
6zwr,3.0973239652891267,2.3580167984197384,0.9400574431774699,0.9597880751632752,1.0
7a49,2.8598565232737747,1.184776092575169,0.9301491040687596,0.949879736054565,1.0
7a52,2.964849097737546,1.030401096605381,0.9012072860575518,0.9209379180433572,1.0
7aax,4.062664433461201,1.1555027705268544,0.9476198732556093,0.9673505052414146,1.0
7aay,3.2790592363911855,1.291788636965729,0.9350669492289551,0.9547975812147604,1.0
7aaz,2.1703184943708314,1.6346290249033606,0.8805296210693255,0.9002602530551309,1.0
7aei,3.154146798204248,0.7129762160495224,0.9095912437777859,0.9293218757635912,1.0
7aem,2.2083987217488343,1.5420477097271865,0.9245085746613988,0.9442392066472042,1.0
7ahj,3.3248591643482714,1.1498407142959564,0.9207100233955329,0.9404406553813384,1.0
7ajm,2.3338375237260163,1.288183711466742,0.9345989505948197,0.9543295825806252,1.0
7ats,2.297636491785026,1.7547517039079958,0.9529427494587096,0.972673381444515,1.0
7atu,3.284692105458955,1.645102754195601,0.9297256998549397,0.9494563318407452,1.0
7auv,3.122534893783838,1.1312936536977665,0.9294868409369442,0.9492174729227496,1.0
7avx,2.071310371163248,1.3174303684262638,0.9585072886586953,0.9782379206445008,1.0
7avy,3.860515523320885,2.1856350238675284,0.9634389074153666,0.983169539401172,1.0
7aw1,5.538219215483572,1.9176040959979344,0.9250680295515257,0.9447986615373312,1.0
7aw2,2.1711489575070306,1.6897732786614275,0.963749616933641,0.9834802489194464,1.0
7aw4,5.0751443419768325,1.3535673832573958,0.8961676536895851,0.9158982856753904,1.0
7awc,2.6680145847767487,1.7315868557127985,0.9626628591612431,0.9823934911470484,1.0
7axa,2.8050076817920635,1.4968146882201432,0.9409373834514091,0.9606680154372144,1.0
7axc,3.042614685842988,1.1712095593375806,0.9143519502658153,0.9340825822516208,1.0
7axd,2.1916748508294925,1.040809002130583,0.9212530879533695,0.9409837199391748,1.0
7axh,4.444300182701591,1.546551960849703,0.9339057870934738,0.9536364190792792,1.0
7axi,3.6158509189233747,1.4914363801617208,0.9579664729172165,0.977697104903022,1.0
7ayh,2.6244170761613557,1.8444675364284213,0.9487360352753484,0.9684666672611538,1.0
7b35,2.9665794623740354,1.1915899884544274,0.9372270865312072,0.9569577185170126,1.0
7b36,2.1514329319576877,1.939237937966956,0.923568757441233,0.9432993894270384,1.0
7b3q,2.912990505547492,1.228729888213597,0.933107648597265,0.9528382805830704,1.0
7b3t,4.050757311313607,1.8677357279962927,0.9069867476426738,0.9267173796284792,1.0
7b3v,2.0425400109421354,1.5560374572572797,0.9230774378487134,0.9428080698345188,1.0
7b3w,2.8472253687068396,1.1628368668803717,0.9140039087480613,0.9337345407338666,1.0
7b3z,3.308599655592191,1.0556163459338885,0.9238653396979353,0.9435959716837408,1.0
7b40,4.168451001545293,1.3093541283123171,0.9399115603559937,0.959642192341799,1.0
7b41,4.501606378462222,1.2613877431129794,0.9245093208113359,0.9442399527971412,1.0
7b42,2.831820224948351,1.7220325650448265,0.8954352765304725,0.915165908516278,1.0
7b43,2.6320007154853857,1.1285103021768617,0.9525897801940928,0.9723204121798982,1.0
7b6f,3.576841652584134,0.9181667293881502,0.9305331817171002,0.9502638137029056,1.0
7b7s,2.9013669081369975,1.3442753041708893,0.9393445778449321,0.9590752098307376,1.0
7b8w,2.9414853242520764,2.2152088022896583,0.9165671835524388,0.9362978155382442,1.0
7bcm,4.2026198296703186,2.0597746132466126,0.9256048749197703,0.9453355069055756,1.0
7bdo,4.9097387774206425,1.1491834021534904,0.9248105003964558,0.9445411323822612,1.0
7be5,3.4113850575119797,1.2580174176386452,0.95913552264017,0.9788661546259754,1.0
7bjm,,,,,
7bjo,3.6894213164488767,1.1367940733100044,0.9482555597776486,0.967986191763454,1.0
7bjr,1.952541071993846,1.2675039479702104,0.9288602249446658,0.9485908569304712,1.0
7bjx,3.1711036434665,1.257565428339182,0.9445630796980242,0.9642937116838296,1.0
7bk1,2.4223203362648613,1.0274058962549524,0.9180841652048146,0.93781479719062,1.0
7bk2,5.866038204485816,1.1500991477706495,0.8971963500555993,0.9169269820414048,1.0
7bk3,3.8329139644560475,1.190816030164217,0.9487127417863914,0.9684433737721968,1.0
7bmk,3.3039919603356926,1.4354057658164507,0.9228218282652456,0.942552460251051,1.0
7c3g,3.030505201048642,0.9921086452753096,0.9398605820527558,0.9595912140385612,1.0
7c6q,1.6555720469864608,1.3879891356884981,0.944403774712515,0.9641344066983204,1.0
7cbx,3.8256621786736478,1.0457539171588195,0.8956126054509809,0.9153432374367864,1.0
7chm,4.834802679724378,1.0941942297448397,0.920261331094265,0.9399919630800704,1.0
7chn,2.6398375666018925,1.0075253939111881,0.9262744528547332,0.9460050848405386,1.0
7cht,3.7969653405204435,3.7679447062552893,0.9418043570435695,0.9615349890293748,1.0
7cil,3.8352144869419886,1.8675406906796148,0.9424531069478173,0.9621837389336226,1.0
7cja,2.133677848731898,1.9103350209946803,0.9460608807362842,0.9657915127220896,1.0
7clh,4.05026753974464,1.6662024502810522,0.9260889428166137,0.9458195748024192,1.0
7cmb,4.507871443877361,1.270599505036562,0.9576306678850578,0.9773612998708632,1.0
7cp3,3.378782338150741,1.3744391815995218,0.9313841378360158,0.9511147698218212,1.0
7cp4,3.134642002463368,1.4555557410265998,0.9294174406978458,0.9491480726836512,1.0
7d42,3.8999895719418043,1.5162683349584096,0.9209540900419139,0.9406847220277192,1.0
7d57,2.137786405176029,1.5750326182233507,0.9081379597399024,0.9278685917257078,0.0
7d5o,3.263396459150527,2.001257763160154,0.9304067539028786,0.950137385888684,1.0
7dg4,4.174957509955673,0.6183624178375295,0.9360695887957162,0.9558002207815216,1.0
7dhk,2.3105214190557573,1.1690360811909506,0.9363870145127219,0.9561176464985272,1.0
7du8,4.109554555028966,1.6088366401300913,0.9744066469233245,0.9941372789091298,1.0
7du9,2.8604942281490366,1.2305113874845721,0.9369489609228766,0.956679592908682,1.0
7e2e,1.85603375428787,1.2966079185047805,0.938338981626271,0.9580696136120764,1.0
7e6t,3.100476830079368,1.9828801983562272,0.9048446634732275,0.9245752954590328,1.0
7efq,2.4787086413019854,1.419053249925713,0.9258371841558086,0.945567816141614,1.0
7eo2,3.4584756847624467,2.1364774248564826,0.931450775670801,0.9511814076566064,1.0
7eo4,2.353133732600598,1.3350643140866862,0.9403545928305839,0.9600852248163892,1.0
7f3g,4.170621249339703,1.435853909820116,0.9268106014531918,0.9465412334389972,1.0
7f3m,2.633006816789758,1.0225374906636884,0.9377115482198755,0.9574421802056808,1.0
7fcz,3.491567246071846,0.8020192966319025,0.9109977419246235,0.930728373910429,1.0
7fd0,2.7335329906650565,1.2110712948557514,0.9534114454421885,0.973142077427994,1.0
7feh,2.9317253966480714,1.3718910637832749,0.9513662114727677,0.9710968434585732,1.0
7jhd,4.324130013085044,1.2342219140578083,0.9079903579555179,0.9277209899413232,1.0
7ju6,3.367342781781444,0.949522698507676,0.900563758351018,0.9202943903368234,1.0
7jv5,2.8776726586200874,1.5998904076789073,0.9172510390107417,0.9369816709965472,1.0
7jwe,2.305075923462852,1.3752085008844404,0.9337991702403491,0.9535298022261544,1.0
7jxm,4.2891431710625,1.353335004405767,0.9129236983109462,0.9326543302967516,1.0
7jxp,3.8453112663775606,1.1024684506138618,0.9338152329535269,0.9535458649393322,1.0
7jxq,2.928981475082352,2.0640485046859762,0.94556367364127,0.9652943056270754,1.0
7jxx,3.3916787742956487,1.9755106918066645,0.950007333361165,0.9697379653469704,1.0
7jxy,2.441889617519027,1.4619729043395686,0.9527159412077566,0.972446573193562,1.0
7jyd,2.451243378019812,1.3099668020571653,0.9011930842114898,0.9209237161972952,1.0
7jye,2.5741172669326566,1.441275867702355,0.8906533186576235,0.9103839506434288,1.0
7kac,3.4889422390535394,2.0893420081479546,0.9403402414897742,0.9600708734755796,1.0
7kbs,3.437747873014188,2.7762490702349805,0.9149429442683674,0.9346735762541728,1.0
7kja,2.6285992351256797,1.3541311787856314,0.9150851590865778,0.9348157910723832,1.0
7kjs,3.8502012216347468,1.2082101959864926,0.9086577444295241,0.9283883764153296,1.0
7kx6,3.8967266596645613,0.8398982065548074,0.9173262971361045,0.93705692912191,1.0
7kxm,3.3308819472631463,2.767401671773894,0.9409174759802627,0.960648107966068,1.0
7kxp,4.157969178425512,1.0121246887673032,0.900913545677144,0.9206441776629494,1.0
7kxz,2.958722311446056,1.6913033720386204,0.9026669200849082,0.9223975520707136,1.0
7l1v,3.0946753608922535,1.5364539122321303,0.9499687876949012,0.9696994196807066,1.0
7l24,3.597505053894861,1.9042918524184989,0.9422668289763334,0.9619974609621388,0.0
7l25,3.1582398396230045,1.0789086645087202,0.8957247909968253,0.9154554229826308,1.0
7l26,3.9059193257048115,0.8835118131840081,0.8925403725295636,0.912271004515369,1.0
7ljc,2.304380501380337,1.403131900583288,0.9364520136491514,0.9561826456349568,1.0
7lot,4.590247853069531,1.5015745995377752,0.945905541108991,0.9656361730947964,1.0
7ltx,2.604235637943332,1.8161782579856913,0.9699473015941058,0.9896779335799112,1.0
7lvh,3.0537576578769947,0.8685357150323151,0.9420152239550706,0.961745855940876,1.0
7m0k,2.2306926864479255,1.1997833029944545,0.9416199702746343,0.9613506022604396,0.0
7m0l,3.7169060024848366,1.2608307603408064,0.9236188066312738,0.9433494386170792,0.0
7m2f,4.415719345295031,0.9480462109228023,0.92972361531151,0.9494542472973154,1.0
7mgj,4.192818948875832,1.2941845763793642,0.9201350153732258,0.9398656473590312,1.0
7mon,,,,,
7msa,2.1286647129898455,1.3382922361521712,0.936000329525122,0.9557309615109274,0.0
7n2a,2.603631134319285,0.9269484075836346,0.9496589346604999,0.9693895666463052,1.0
7n4r,2.827940031461905,1.4769769454182364,0.9346255294885735,0.954356161474379,1.0
7n8t,2.5027129686850937,1.685661113873708,0.9096885480984634,0.9294191800842688,1.0
7n91,4.248517017994239,1.551313456615383,0.9279463509113398,0.9476769828971452,1.0
7n93,3.3408052388094074,1.6560732185224605,0.9497831862007247,0.9695138181865302,1.0
7n9g,3.1660247323802397,0.8761421159822391,0.9357495477816057,0.9554801797674112,1.0
7n9o,3.6110714903888628,1.521453085434653,0.8938041566920926,0.913534788677898,1.0
7naa,2.491778915264488,1.57719945945736,0.9494860505665522,0.9692166825523576,1.0
7nb1,2.5198908041337917,1.2246682483528983,0.9194881051050451,0.9392187370908504,1.0
7nb2,2.5375145339056617,1.331275147249329,0.9557477675241071,0.9754783995099124,1.0
7nb3,3.620422449924091,1.1044811635442837,0.92190544926311,0.9416360812489154,1.0
7nec,3.4783634460430686,1.857491127570148,0.9113178983663206,0.931048530352126,1.0
7nke,3.6958858518743347,1.2496520662292512,0.9449388848542538,0.9646695168400592,1.0
7nns,4.200686617786779,1.0558251691748346,0.9051429316886482,0.9248735636744536,1.0
7np5,2.242481614748695,1.41731944941258,0.9521022935038767,0.971832925489682,1.0
7np6,2.7572946013863326,1.3901064832578738,0.918727604287093,0.9384582362728984,1.0
7npc,3.3092344240802847,1.6053916479263823,0.9408425883636207,0.960573220349426,1.0
7nqq,2.2474836538769978,1.086665523632335,0.9002197489363009,0.9199503809221062,1.0
7nqw,2.7775459291012234,1.1323765661060785,0.9293498638504263,0.9490804958362316,1.0
7nr3,4.132159595578024,1.4915167887372738,0.9182444589213978,0.9379750909072032,1.0
7nr5,4.226808255286414,2.4003695782203347,0.9607914729749997,0.9805221049608052,1.0
7nr8,4.198887684256086,1.5240993526921496,0.9135279225948291,0.9332585545806344,1.0
7nr9,3.2214842627407725,0.9459418704936392,0.9254936392288377,0.945224271214643,1.0
7nvq,3.016789560505366,1.4109978109731875,0.9127624154854055,0.9324930474712108,1.0
7nxj,4.20191219109668,1.102605864530243,0.9291607601995546,0.94889139218536,1.0
7nzn,2.894344897232862,0.8313192535058028,0.9321065274404015,0.951837159426207,1.0
7o7j,3.475367061365304,1.1301056398211216,0.9520721136067198,0.9718027455925252,1.0
7o7k,4.474062127398099,1.162761048928175,0.9433384586054998,0.9630690905913052,1.0
7oi4,2.898137685976597,1.5050738600590168,0.899040173395356,0.9187708053811614,1.0
7oij,2.7218464978036687,1.899037112976266,0.9668282544974315,0.9865588864832368,1.0
7oil,3.1783562705215256,1.8122692711049904,0.9322688271196095,0.9519994591054148,1.0
7ois,3.715150842811161,1.6649339352887633,0.9523842179632999,0.9721148499491054,1.0
7ols,3.6063270572971398,1.2069403109309282,0.9231807771942366,0.942911409180042,1.0
7olv,3.3163182334816628,1.4064719119318891,0.9451001061773239,0.9648307381631294,1.0
7olx,3.675412683278491,1.3367301894959456,0.9278810924125415,0.9476117243983468,1.0
7opm,2.105208597838143,1.9427012860676964,0.9239881785735659,0.9437188105593712,1.0
7ote,2.5521520190228904,1.1396896240442476,0.9276966958541935,0.9474273278399988,1.0
7oy6,,,,,
7ozb,2.506656788182493,1.9868228934241337,0.9393390024080253,0.9590696343938306,1.0
7ozf,2.2516233938879537,1.5684102162139555,0.9376972144104299,0.9574278463962352,1.0
7ozx,2.331411732018747,1.2017979578307538,0.943609139832579,0.9633397718183844,1.0
7ozy,2.5134883763405957,1.4098667894026542,0.9551752201369934,0.9749058521227988,1.0
7p1l,3.0429379330730217,1.4043178941563754,0.9507153642529779,0.9704459962387832,1.0
7por,2.4462989775049397,1.4187646988023206,0.9391898620578238,0.9589204940436292,1.0
7pqv,3.3843579645225095,1.6617855018809113,0.951271173026211,0.9710018050120164,1.0
7prw,4.917857694600734,1.4857720297162655,0.9342450531401181,0.9539756851259236,1.0
7pue,3.0672165023946074,1.288081691908027,0.9497523661546134,0.9694829981404188,1.0
7pus,4.41667478090754,1.1843393033944167,0.9291448045871858,0.9488754365729912,1.0
7q8y,3.431209496340552,0.8593129004749213,0.8952890509041931,0.9150196828899984,1.0
7q8z,2.385338316598376,1.2060087880047805,0.9167638528366207,0.936494484822426,0.0
7q90,2.9824290737284267,1.8160665018790034,0.9119823198421226,0.931712951827928,1.0
7qaa,2.472326993475784,1.4331432763749123,0.9217116024851872,0.9414422344709926,1.0
7qb1,3.880046367910586,1.1399827517300105,0.9281181167327642,0.9478487487185696,1.0
7qfm,2.3648087710718158,1.268516656777356,0.9331893445292162,0.9529199765150216,1.0
7qgc,4.470973277197778,1.080767488847664,0.9417124124459635,0.9614430444317688,1.0
7qge,3.6959762895377004,1.4570113858251026,0.910387423785699,0.9301180557715044,1.0
7qgp,1.8847566632226875,2.2663556428915106,0.9222419661075243,0.9419725980933296,1.0
7qhg,3.896375450231283,2.1536069526521393,0.9447364920879274,0.9644671240737328,1.0
7qp4,4.741631477567662,1.8426050162946748,0.9433592541282326,0.963089886114038,1.0
7qr9,2.5980039118074494,1.6549771211307607,0.9560583584506714,0.9757889904364768,1.0
7que,4.101871903791453,1.274686676222652,0.9264075908114724,0.9461382227972778,1.0
7quf,1.9986353528984857,0.9776970982829254,0.9757599969913182,0.9954906289771236,0.0
7qvj,3.3993933853121194,1.3563809223299739,0.918145791925103,0.9378764239109084,1.0
7qvl,2.071511847487133,1.2035367937189485,0.9011712537868011,0.9209018857726065,1.0
7r62,3.6063103859927965,1.6774635874272816,0.9242353273034123,0.9439659592892176,1.0
7r9l,2.0040907202442058,1.4099958799855679,0.9044027300618528,0.9241333620476582,1.0
7r9n,1.6047780425825513,1.1649050600639597,0.9436610656078145,0.96339169759362,1.0
7r9p,3.527353836040356,1.5215915684772878,0.9287153567169006,0.948445988702706,1.0
7r9t,5.716673829292965,2.865593019057545,0.9007592468467148,0.9204898788325204,1.0
7rec,2.732339278243979,1.0685308130351614,0.9340878153226159,0.9538184473084212,1.0
7rio,3.9423410427818895,1.815596938555163,0.9502976663157194,0.9700282983015248,1.0
7riv,,,,,
7rj6,2.931272149680501,1.3203474058580822,0.922589101422987,0.9423197334087924,1.0
7rj7,3.7313749509560354,1.1116989788671754,0.915322013934152,0.9350526459199574,1.0
7rle,4.850889229453866,1.3617700675565314,0.9186558725824194,0.9383865045682248,1.0
7rn6,2.314916333544854,1.4341357850110716,0.9031855168515265,0.922916148837332,1.0
7rnm,3.6824632589666146,1.6532601745976843,0.92532846988112,0.9450591018669254,1.0
7rrx,,,,,
7rry,2.203661809811247,1.4719656023900634,0.9329683534184396,0.952698985404245,0.0
7rrz,4.816777570273278,1.1342593626832072,0.9522507489811715,0.9719813809669768,0.0
7rs0,5.245214064428096,1.4654556995251375,0.9448952371277857,0.964625869113591,0.0
7rs1,2.4910339821323246,1.199923490009334,0.9353248554888595,0.9550554874746648,0.0
7rs2,,,,,
7rs4,3.2323807408097847,1.707944354278555,0.9424505168361614,0.9621811488219668,0.0
7rs7,3.0548981918143916,1.1393942033980993,0.9181436334105822,0.9378742653963876,1.0
7rs9,,,,,
7rwf,3.377873480910138,1.384283105173405,0.942443761575107,0.9621743935609124,1.0
7rxo,3.461954551280845,0.8161667029653478,0.9250739318154216,0.944804563801227,1.0
7s25,4.699103683729355,1.3309366954147988,0.9416367201496705,0.961367352135476,1.0
7s4t,4.431944526318501,1.5201236544765546,0.9132056067920068,0.9329362387778122,1.0
7s6u,4.006384816942962,1.2132061149462428,0.937607114356909,0.9573377463427144,1.0
7s6v,,,,,
7s7a,2.1202122339205878,2.3556766923575014,0.9334042005669386,0.953134832552744,1.0
7s84,4.252258881789462,1.9535573716510615,0.9244515070151165,0.9441821390009218,1.0
7s85,2.5079192426036294,1.7212582389682036,0.935510798625057,0.9552414306108624,1.0
7s9x,3.310038689193034,1.5796954017120735,0.9133882316475515,0.9331188636333568,1.0
7siu,2.4138483656600624,1.1821552500191925,0.9189760906901925,0.938706722675998,1.0
7sj3,3.0388547064534133,1.3040043892894013,0.9410895794252898,0.9608202114110952,1.0
7ssb,2.28883177099624,1.2550903709483978,0.949998826755573,0.9697294587413784,1.0
7suh,4.835794634467062,1.3612972737727085,0.9469232496459499,0.9666538816317553,1.0
7sui,2.448657452802071,1.3930872666104717,0.9295168668972772,0.9492474988830826,1.0
7suj,3.087532441720066,1.0944492509294323,0.9395058569893449,0.9592364889751502,1.0
7sza,3.03532318275606,2.047517304449091,0.918398788659837,0.9381294206456424,1.0
7szc,4.339991469245943,1.0296382039582987,0.9351067675143199,0.9548373995001253,1.0
7szd,2.2062172216449,1.4838223173138982,0.9183454671392186,0.938076099125024,1.0
7t0p,3.158810469397681,1.7639776571181072,0.907012798678685,0.9267434306644904,1.0
7t1t,3.0189152829742056,1.3402612356439845,0.9369901286782605,0.956720760664066,1.0
7t78,3.6505343023152492,1.134293043437967,0.9241896942294766,0.943920326215282,1.0
7t79,3.5967283734016973,1.3612330875541843,0.9268180201355333,0.9465486521213388,1.0
7te7,,,,,
7trb,3.388435119273078,1.5865696164611431,0.9609022301156517,0.9806328621014572,1.0
7tt8,2.8928626396614687,1.2517730014460442,0.9398713338775997,0.9596019658634052,1.0
7udp,3.5931311877198167,1.569862283575129,0.9148402952994098,0.9345709272852152,1.0
7uex,3.1030069232514617,1.282465121037093,0.9434854079555398,0.9632160399413452,1.0
7uj7,2.6903448727388213,0.8255667701513904,0.9318135827916016,0.951544214777407,1.0
7uj8,3.1635168595791394,1.4376305343908753,0.9161233955170814,0.9358540275028868,1.0
7ujf,3.4982286575091055,1.7663475353643525,0.9154764332512204,0.9352070652370258,1.0
7ujm,5.684797795980089,1.8180960185007176,0.9496376103372033,0.9693682423230088,1.0
7ujo,2.807079614913929,1.3268546698850288,0.9246411268601255,0.9443717588459308,1.0
7ukw,3.4473046364765167,0.9331101908558143,0.9387932841226948,0.9585239161085002,1.0
7ukz,4.634090217839265,1.8386720493969844,0.9186047602508024,0.9383353922366078,1.0
7ul4,1.8573294754190026,1.296325602451405,0.9405892361653249,0.9603198681511302,1.0
7uy3,2.027776575495913,1.6328525915046932,0.939906419755708,0.9596370517415134,1.0
7v3r,2.3430529908615116,1.8066816136630564,0.9404818271271919,0.9602124591129974,1.0
7v3s,3.0937069165960867,1.473094204091811,0.9390213028902107,0.958751934876016,1.0
7vbt,,,,,
7vbv,3.523078696666372,1.1454885689486205,0.946207540367619,0.9659381723534244,1.0
7vbx,4.3421836415904576,1.20513978285524,0.9198476219217943,0.9395782539075996,1.0
7vdh,3.0089690202717576,1.3594309669876818,0.964118987844769,0.9838496198305744,1.0
7vdq,1.6781123516750185,1.1955085106464238,0.9220826600235197,0.9418132920093252,0.0
7vdu,,,,,
7vig,4.137011139699254,0.807188677885758,0.931480641362336,0.9512112733481414,1.0
7vjl,3.3411273734046327,1.0348576772690024,0.9476442303983562,0.9673748623841616,1.0
7vkn,2.277068274630545,1.3360502923453628,0.9406600518822242,0.9603906838680296,1.0
7vra,4.242687465970279,1.123847469646674,0.9098732128471573,0.9296038448329628,1.0
7vto,2.138789942102064,1.1705168533603245,0.9220518305110242,0.9417824624968296,1.0
7vue,4.2610679796037605,1.0001041278156353,0.950107742899691,0.9698383748854964,1.0
7w3p,4.620288446458423,1.6009390408398978,0.9362698330540821,0.9560004650398874,1.0
7w3q,2.6153497193956046,2.048318514141869,0.9359453872161171,0.9556760192019224,1.0
7w5o,2.3926021823777917,1.0345686765034101,0.9004488383607558,0.9201794703465612,0.0
7w7x,3.9566531069740627,1.8093064947877548,0.9316877553646786,0.951418387350484,1.0
7w7y,2.400586699127772,0.91918348642906,0.93653068263528,0.9562613146210854,1.0
7wf5,3.974469709020546,1.39373999565347,0.9102214302649146,0.92995206225072,1.0
7wlx,2.3390492702867602,0.7946575328646023,0.8945823604725164,0.9143129924583218,1.0
7wmg,3.9196185184116525,1.5234787766902746,0.9354833436257658,0.9552139756115712,1.0
7wmh,3.2638884141953715,1.3507575690422005,0.9468850627737853,0.9666156947595906,1.0
7wmj,2.8497712294591917,1.392863886150971,0.9050879311749505,0.9248185631607558,1.0
7wml,2.5281777730464348,1.8383266165105616,0.9246636844284595,0.9443943164142647,1.0
7wmn,3.386685058214558,1.5649224197023874,0.9577724090866918,0.9775030410724972,1.0
7wmo,1.9499117429338992,1.3327222372572005,0.9626655769954027,0.982396208981208,1.0
7wnv,2.96743090471945,1.0837647028590605,0.9332982689952835,0.9530289009810888,1.0
7xhy,2.876839434390471,1.3588520733544682,0.8865625800079403,0.9062932119937456,1.0
7xmk,3.792062576792013,1.1195598371666164,0.9345369131368086,0.954267545122614,1.0
7y1g,2.3036900124822757,1.2011390518348455,0.9494427196456734,0.9691733516314788,1.0
7y4t,4.939468528622596,1.9621509775044907,0.9815145904859787,1.0,1.0
7y4u,2.9403010313519613,1.6805892143934615,0.9515994132133706,0.971330045199176,1.0
7y8f,2.3739985101457037,1.4435532691545396,0.9465469917306333,0.9662776237164388,1.0
7y8g,4.544012056690303,1.5760616343048643,0.9262608001795493,0.9459914321653546,1.0
7ydx,4.876323749268101,0.9185809498891743,0.9028946480483588,0.9226252800341642,1.0
7z4v,3.0356575294099892,1.3764125533729952,0.9159071264577242,0.9356377584435296,1.0
7z5w,2.531201670145279,0.8597193031198422,0.9143974698135382,0.9341281017993436,1.0
7z5x,3.1992156449452325,1.1253270976741592,0.9199248926038405,0.939655524589646,1.0
7zho,2.6662050963774044,1.4721450487354082,0.946225945764225,0.9659565777500304,1.0
7zun,2.939957702314122,1.4744256703896814,0.9335796983849677,0.9533103303707732,1.0
7zy0,4.74817845771622,1.6022429903877582,0.8916310540118075,0.9113616859976128,1.0
7zyd,3.5235614933205532,1.390684242628278,0.9248815343639278,0.9446121663497332,1.0
7zyk,3.3074110677241224,1.3525766167711923,0.9550357652265794,0.9747663972123848,1.0
7zyr,3.482308282330682,1.3332405242784622,0.947787408242721,0.9675180402285264,1.0
8a5j,3.1387536023090434,1.9159377498168253,0.9613892500903378,0.9811198820761432,1.0
8aau,3.953860607945434,1.864227111712729,0.9100696684815146,0.92980030046732,1.0
8ae7,3.992205640619667,0.9106847008879696,0.9390485741038265,0.958779206089632,1.0
8aec,2.8965334120986834,1.3771760981598018,0.9246613471854911,0.9443919791712964,1.0
8aek,,,,,
8an8,5.902169652957049,1.2449687375424865,0.9174814605002246,0.93721209248603,1.0
8ans,3.550512975850262,1.4075842558577052,0.896046457941006,0.9157770899268114,1.0
8VQ4,3.307270098928099,1.3506327908468445,0.9262833886170403,0.949689975579956,
